<?xml version="1.0" encoding="utf-8"?>
<window id="1137" type="dialog">
    <defaultcontrol>5400</defaultcontrol>
    <onload>Dialog.Close(1133)</onload>
    <!--<onunload>Skin.SetString(ItemToEdit.$INFO[Window(1124).Property(WidgetSelection)]Title)</onunload>-->
    
    <coordinates>
        <left>0</left>
        <top>0</top>
        <system>1</system>
    </coordinates>
    <include>Animation_DialogPopup</include>
    <controls>
        <control type="label" id="12112">
            <label>$INFO[Window(1124).Property(CustomYesNoDialog)]$INFO[Window(1124).Property(WidgetType)]default </label>
            <animation effect="fade" start="100" end="0" time="0" condition="true">conditional</animation>
        </control>
        <control type="group">
            <animation effect="slide" end="0,-338" time="0" condition="Window.IsActive(1124)">Conditional</animation>
            <control type="group">
                <left>570</left>
                <top>375</top>
                <control type="group">
                    <animation effect="zoom" end="100,130" center="960,0" time="0" condition="SubString(Window(1124).Property(CustomYesNoDialog),movie) | SubString(Window(1124).Property(CustomYesNoDialog),tv)">Conditional</animation>
                    <control type="image">
                        <width>780</width>
                        <height>330</height>
                        <texture>dialogs/dialog_back_shadow.png</texture>
                        <colordiffuse>$VAR[ColorDiffuseVar]</colordiffuse>
                        <visible>!Skin.HasSetting(DisableGlowbar)</visible>
                        <include>PanelGlowFade</include>
                    </control>
                    <control type="image">
                        <width>780</width>
                        <height>330</height>
                        <texture>dialogs/dialog_back.png</texture>
                        <colordiffuse>$VAR[DialogColorVar]</colordiffuse>
                    </control>
                </control>
                <control type="image">
                    <left>15</left>
                    <width>750</width>
                    <height>60</height>
                    <texture border="1">osd/osd_settings_buttonnf.png</texture>
                </control>
                <control type="label" id="4">
                    <top>88</top>
                    <width>780</width>
                    <height>45</height>
                    <align>center</align>
                    <label>$LOCALIZE[31272]</label>
                    <textcolor>white3</textcolor>
                    <scroll>true</scroll>
                </control>
                <control type="grouplist" id="5400">
                    <top>180</top>
                    <width>740</width>
                    <height>200</height>
                    <align>center</align>
                    <onleft>5400</onleft>
                    <onright>5400</onright>
                    <ondown>5401</ondown>
                    <onup>5401</onup>
                    <orientation>horizontal</orientation>
                    <control type="button" id="10">
                        <width>175</width>
                        <height>45</height>
                        <textoffsetx>15</textoffsetx>
                        <align>center</align>
                        <label>31804</label>
                        <textcolor>grey2</textcolor>
                        <focusedcolor>white3</focusedcolor>
                        <colordiffuse>$VAR[ColorDiffuseVar]</colordiffuse>
                        <onfocus condition="Substring(Window(1124).Property(CustomYesNoDialog),babe) | Substring(Window(1124).Property(CustomYesNoDialog),actors) | Substring(Window(1124).Property(CustomYesNoDialog),Icon) | Substring(Window(1124).Property(CustomYesNoDialog),addons) | Substring(Window(1124).Property(CustomYesNoDialog),albums) | Substring(Window(1124).Property(CustomYesNoDialog),artists)">SetProperty(WidgetType,panelcoversquare,1124)</onfocus>
                        <onfocus condition="Substring(Window(1124).Property(CustomYesNoDialog),tv) | Substring(Window(1124).Property(CustomYesNoDialog),images) | Substring(Window(1124).Property(CustomYesNoDialog),rss) | Substring(Window(1124).Property(CustomYesNoDialog),movie) | Substring(Window(1124).Property(CustomYesNoDialog),musicvideo)">SetProperty(WidgetType,panelcoverepisode,1124)</onfocus>
                       <onfocus condition="Substring(Window(1124).Property(CustomYesNoDialog),roms)">SetProperty(WidgetType,panel,1124)</onfocus>  <!--edit roms widgets-->
                        <onfocus>Skin.SetString(ItemToEdit.$INFO[Window(1124).Property(WidgetSelection)],$INFO[Control.GetLabel(12112)])</onfocus>
                        <onclick>Dialog.Close(1137)</onclick>
                        <onclick>ActivateWindow(1146)</onclick>
						<!--<visible>!SubString(Window(1124).Property(CustomYesNoDialog),roms)</visible> new line  edit roms widgets--> -->
                    </control>
                    <control type="button" id="22">
                        <width>175</width>
                        <height>45</height>
                        <textoffsetx>15</textoffsetx>
                        <align>center</align>
                        <label>31060</label>
                        <textcolor>grey2</textcolor>
                        <focusedcolor>white3</focusedcolor>
                        <colordiffuse>$VAR[ColorDiffuseVar]</colordiffuse>
                        <onfocus>SetProperty(WidgetType,panelcoverposter,1124)</onfocus>
                        <onfocus>Skin.SetString(ItemToEdit.$INFO[Window(1124).Property(WidgetSelection)],$INFO[Control.GetLabel(12112)])</onfocus>
                        <onclick>Dialog.Close(1137)</onclick>
                        <onclick>ActivateWindow(1146)</onclick>
                        <visible>Substring(Window(1124).Property(CustomYesNoDialog),movie) | Substring(Window(1124).Property(CustomYesNoDialog),musicvideo) | Substring(Window(1124).Property(CustomYesNoDialog),tv)</visible>
                    </control>
                    <control type="button" id="11">
                        <width>175</width>
                        <height>45</height>
                        <textoffsetx>15</textoffsetx>
                        <align>center</align>
                        <label>31685</label>
                        <textcolor>grey2</textcolor>
                        <colordiffuse>$VAR[ColorDiffuseVar]</colordiffuse>
                        <focusedcolor>white3</focusedcolor>
                        <onfocus>SetProperty(WidgetType,classic,1124)</onfocus>
                        <onfocus>Skin.SetString(ItemToEdit.$INFO[Window(1124).Property(WidgetSelection)],$INFO[Control.GetLabel(12112)])</onfocus>
                        <onclick>Dialog.Close(1137)</onclick>
                        <onclick>ActivateWindow(1146)</onclick>
                    </control>
                    <control type="button" id="12">
                        <width>175</width>
                        <height>45</height>
                        <textoffsetx>15</textoffsetx>
                        <align>center</align>
                        <label>31065</label>
                        <textcolor>grey2</textcolor>
                        <colordiffuse>$VAR[ColorDiffuseVar]</colordiffuse>
                        <focusedcolor>white3</focusedcolor>
                        <!-- widget style -->
                        <onfocus condition="Substring(Window(1124).Property(CustomYesNoDialog),movie) | Substring(Window(1124).Property(CustomYesNoDialog),musicvideo)">SetProperty(WidgetType,panel2poster,1124)</onfocus>
                        <onfocus condition="Substring(Window(1124).Property(CustomYesNoDialog),babe) | Substring(Window(1124).Property(CustomYesNoDialog),actors) | Substring(Window(1124).Property(CustomYesNoDialog),addons) | Substring(Window(1124).Property(CustomYesNoDialog),albums) | Substring(Window(1124).Property(CustomYesNoDialog),artists)">SetProperty(WidgetType,panel2square,1124)</onfocus>
                        <onfocus condition="Substring(Window(1124).Property(CustomYesNoDialog),tv) | Substring(Window(1124).Property(CustomYesNoDialog),images) | Substring(Window(1124).Property(CustomYesNoDialog),rss)">SetProperty(WidgetType,panel2episode,1124)</onfocus>
                        <onfocus>Skin.SetString(ItemToEdit.$INFO[Window(1124).Property(WidgetSelection)],$INFO[Control.GetLabel(12112)])</onfocus>
                        <onclick>Dialog.Close(1137)</onclick>
                        <onclick>ActivateWindow(1146)</onclick>
                        <visible>!SubString(Window(1124).Property(CustomYesNoDialog),roms) + !Substring(Window(1124).Property(CustomYesNoDialog),Icon)</visible>
                    </control>
                    <control type="button" id="15">
                        <width>175</width>
                        <height>45</height>
                        <textoffsetx>15</textoffsetx>
                        <align>center</align>
                        <label>31150</label>
                        <textcolor>grey2</textcolor>
                        <focusedcolor>white3</focusedcolor>
                        <colordiffuse>$VAR[ColorDiffuseVar]</colordiffuse>
                        <onfocus>SetProperty(WidgetType,keeparpanel,1124)</onfocus>
                        <onfocus>Skin.SetString(ItemToEdit.$INFO[Window(1124).Property(WidgetSelection)],$INFO[Control.GetLabel(12112)])</onfocus>
                        <onclick>Dialog.Close(1137)</onclick>
                     <!--   <visible>Substring(Window(1124).Property(CustomYesNoDialog),roms) | Substring(Window(1124).Property(CustomYesNoDialog),images)</visible>   disable line roms-->
						<visible>Substring(Window(1124).Property(CustomYesNoDialog),images)</visible>  <!-- new line edit roms -->
                        <onclick>ActivateWindow(1146)</onclick>
                    </control>
                </control>
                <control type="grouplist" id="5401">
                    <top>230</top>
                    <width>740</width>
                    <height>200</height>
                    <align>center</align>
                    <onleft>5401</onleft>
                    <onright>5401</onright>
                    <ondown>18</ondown>
                    <onup>5400</onup>
                    <orientation>horizontal</orientation>
                    <control type="button" id="13">
                        <width>175</width>
                        <height>45</height>
                        <textoffsetx>15</textoffsetx>
                        <align>center</align>
                        <label>31059</label>
                        <textcolor>grey2</textcolor>
                        <colordiffuse>$VAR[ColorDiffuseVar]</colordiffuse>
                        <focusedcolor>white3</focusedcolor>
                        <!-- widget style -->
                        <onfocus>SetProperty(WidgetType,panellogolayout,1124)</onfocus>
                        <onfocus>Skin.SetString(ItemToEdit.$INFO[Window(1124).Property(WidgetSelection)],$INFO[Control.GetLabel(12112)])</onfocus>
                        <onclick>Dialog.Close(1137)</onclick>
                        <onclick>ActivateWindow(1146)</onclick>
                        <visible>SubString(Window(1124).Property(CustomYesNoDialog),movie) | SubString(Window(1124).Property(CustomYesNoDialog),tv)</visible>
                    </control>
                    <control type="button" id="14">
                        <width>175</width>
                        <height>45</height>
                        <textoffsetx>15</textoffsetx>
                        <align>center</align>
                        <label>31086</label>
                        <textcolor>grey2</textcolor>
                        <colordiffuse>$VAR[ColorDiffuseVar]</colordiffuse>
                        <focusedcolor>white3</focusedcolor>
                        <!-- widget style -->
                        <onfocus>SetProperty(WidgetType,panelclearartlayout,1124)</onfocus>
                        <onfocus>Skin.SetString(ItemToEdit.$INFO[Window(1124).Property(WidgetSelection)],$INFO[Control.GetLabel(12112)])</onfocus>
                        <onclick>Dialog.Close(1137)</onclick>
                        <onclick>ActivateWindow(1146)</onclick>
                        <visible>SubString(Window(1124).Property(CustomYesNoDialog),movie) | SubString(Window(1124).Property(CustomYesNoDialog),tv)</visible>
                    </control>
                    <control type="button" id="17">
                        <width>175</width>
                        <height>45</height>
                        <textoffsetx>15</textoffsetx>
                        <align>center</align>
                        <label>31058</label>
                        <textcolor>grey2</textcolor>
                        <colordiffuse>$VAR[ColorDiffuseVar]</colordiffuse>
                        <focusedcolor>white3</focusedcolor>
                        <!-- widget style -->
                        <onfocus>SetProperty(WidgetType,panelbannerlayout,1124)</onfocus>
                        <onfocus>Skin.SetString(ItemToEdit.$INFO[Window(1124).Property(WidgetSelection)],$INFO[Control.GetLabel(12112)])</onfocus>
                        <onclick>Dialog.Close(1137)</onclick>
                        <onclick>ActivateWindow(1146)</onclick>
                        <visible>SubString(Window(1124).Property(CustomYesNoDialog),movie) | SubString(Window(1124).Property(CustomYesNoDialog),tv)</visible>
                    </control>
                    <control type="button" id="171">
                        <width>175</width>
                        <height>45</height>
                        <textoffsetx>15</textoffsetx>
                        <align>center</align>
                        <label>31150</label>
                        <textcolor>grey2</textcolor>
                        <colordiffuse>$VAR[ColorDiffuseVar]</colordiffuse>
                        <focusedcolor>white3</focusedcolor>
                        <!-- widget style -->
                        <onfocus>SetProperty(WidgetType,panellandscape,1124)</onfocus>
                        <onfocus>Skin.SetString(ItemToEdit.$INFO[Window(1124).Property(WidgetSelection)],$INFO[Control.GetLabel(12112)])</onfocus>
                        <onclick>Dialog.Close(1137)</onclick>
                        <onclick>ActivateWindow(1146)</onclick>
                        <visible>SubString(Window(1124).Property(CustomYesNoDialog),movie) | SubString(Window(1124).Property(CustomYesNoDialog),tv)</visible>
                    </control>
                </control>
            </control>
        </control>
    </controls>
</window>