<?xml version="1.0" encoding="utf-8"?>
<window id="1152" type="dialog">
    <defaultcontrol>11</defaultcontrol>
    
    <coordinates>
        <left>0</left>
        <top>0</top>
        <system>1</system>
    </coordinates>
    <include>Animation_DialogPopup</include>
    <controls>
        <!--<include>DialogBackFade</include>-->
        <control type="group">
            <left>570</left>
            <top>375</top>
            <control type="image">
                <width>780</width>
                <height>330</height>
                <texture>dialogs/dialog_back_shadow.png</texture>
                <include>PanelGlowFade</include>
                <visible>!Skin.HasSetting(DisableGlowbar)</visible>
                <colordiffuse>$VAR[ColorDiffuseVar]</colordiffuse>
            </control>
            <control type="image">
                <width>780</width>
                <height>330</height>
                <texture>dialogs/dialog_back.png</texture>
                <colordiffuse>$VAR[DialogColorVar]</colordiffuse>
            </control>
            <control type="image">
                <left>15</left>
                <width>750</width>
                <height>60</height>
                <texture border="1">osd/osd_settings_buttonnf.png</texture>
            </control>
            <!--             <control type="label" id="1">
                <width>780</width>
                <height>78</height>
                <textcolor>$VAR[FontColorVar]</textcolor>
                <align>center</align>
                <scroll>true</scroll>
            </control> -->
            <control type="label" id="4">
                <top>88</top>
                <width>780</width>
                <height>45</height>
                <align>center</align>
                <label>$LOCALIZE[31256]</label>
                <textcolor>white3</textcolor>
                <scroll>true</scroll>
            </control>
            <control type="button" id="10">
                <left>390</left>
                <top>258</top>
                <width>225</width>
                <height>45</height>
                <textoffsetx>30</textoffsetx>
                <align>center</align>
                <label>106</label>
                <textcolor>grey2</textcolor>
                <focusedcolor>white3</focusedcolor>
                <colordiffuse>$VAR[ColorDiffuseVar]</colordiffuse>
                <onclick>SetProperty(Unwatched,True,home)</onclick>
                <onclick>Dialog.Close(1152)</onclick>
                <onclick>ActivateWindow(1125)</onclick>
                <onup>10</onup>
                <ondown>10</ondown>
                <onleft>11</onleft>
                <onright>11</onright>
            </control>
            <control type="button" id="11">
                <left>165</left>
                <top>258</top>
                <width>225</width>
                <height>45</height>
                <textoffsetx>30</textoffsetx>
                <align>center</align>
                <label>107</label>
                <textcolor>grey2</textcolor>
                <colordiffuse>$VAR[ColorDiffuseVar]</colordiffuse>
                <focusedcolor>white3</focusedcolor>
                <onclick>SetProperty(Unwatched,False,home)</onclick>
                <onclick>Dialog.Close(1152)</onclick>
                <onclick>ActivateWindow(1125)</onclick>
                <onup>11</onup>
                <ondown>11</ondown>
                <onleft>10</onleft>
                <onright>10</onright>
            </control>
        </control>
    </controls>
</window>