<?xml version="1.0" encoding="utf-8"?>
<window type="dialog" id="1135">
    <defaultcontrol always="true">4</defaultcontrol>
    <onunload>Skin.SetString($INFO[Window(home).Property(MenuItem)].Type,$INFO[Skin.String(ItemToEdit.Type)])</onunload>
    <onunload>Skin.SetString($INFO[Window(home).Property(MenuItem)].MultiFanart,$ESCINFO[Skin.String(ItemToEdit.MultiFanart)])</onunload>
    <onunload>Skin.SetString($INFO[Window(home).Property(MenuItem)].Label,$ESCINFO[Skin.String(ItemToEdit.Label)])</onunload>
    <onunload>Skin.SetString($INFO[Window(home).Property(MenuItem)].Path,$ESCINFO[Skin.String(ItemToEdit.Path)])</onunload>
    <onunload>Skin.SetString($INFO[Window(home).Property(MenuItem)].Icon,$ESCINFO[Skin.String(ItemToEdit.Icon)])</onunload>
	<onunload>SetFocus(1132)</onunload>
    <controls>
        <control type="group">
            <visible>!Window.IsActive(1137) + !Window.IsActive(1133) + !Window.IsActive(1138) + !Window.IsActive(1142) + !Window.IsActive(1143) + !Window.IsActive(1144) + !Window.IsActive(1145)</visible>
            <include>Animation_DialogPopup</include>
            <control type="image">
                <left>456</left>
                <top>200</top>
                <width>1010</width>
                <height>442</height>
                <texture>osd/osd_settings_back_glow.png</texture>
                <colordiffuse>$VAR[ColorDiffuseVar]</colordiffuse>
                <visible>!Skin.HasSetting(DisableGlowbar)</visible>
                <include>PanelGlowFade</include>
            </control>
            <control type="image">
                <left>456</left>
                <top>200</top>
                <width>1010</width>
                <height>442</height>
                <texture>osd/osd_settings_back.png</texture>
                <colordiffuse>$VAR[DialogColorVar]</colordiffuse>
            </control>
            <control type="group">
                <control type="grouplist">
                    <left>875</left>
                    <top>240</top>
                    <width>1172</width>
                    <height>540</height>
                    <aligny>center</aligny>
                    <scrolltime>0</scrolltime>
                    <orientation>vertical</orientation>
                    <visible>!Window.IsActive(1134)</visible>
                    <include>Animation_VisibleChange200</include>
                    <control type="button">
                        <label>$LOCALIZE[31008]:</label>
                        <label2>[COLOR white]$VAR[CustomItemTypeNameVar][/COLOR]</label2>
                        <include>Objects_CustomizerInfoButton</include>
                    </control>
                    <control type="button">
                        <label>$LOCALIZE[31954]:</label>
                        <label2>[COLOR white]$INFO[Skin.String(ItemToEdit.Path)][/COLOR]</label2>
                        <include>Objects_CustomizerInfoButton</include>
                    </control>
                    <control type="button">
                        <label>$LOCALIZE[31958]:</label>
                        <label2>[COLOR white]$INFO[Skin.String(ItemToEdit.Label)][/COLOR]</label2>
                        <include>Objects_CustomizerInfoButton</include>
                    </control>
                    <control type="image">
                        <left>100</left>
                        <width>600</width>
                        <height>100</height>
                        <align>center</align>
                        <aspectratio>keep</aspectratio>
                        <texture>$INFO[Skin.String(ItemToEdit.Icon)]</texture>
                        <colordiffuse>FFFFFFFF</colordiffuse>
                        <visible>!Substring(Skin.String(ItemToEdit.Icon),/BigIcons/)</visible>
                    </control>
                    <control type="image">
                        <left>100</left>
                        <width>600</width>
                        <height>100</height>
                        <align>center</align>
                        <aspectratio>keep</aspectratio>
                        <texture>$INFO[Skin.String(ItemToEdit.Icon)]</texture>
                        <colordiffuse>white</colordiffuse>
                        <visible>Substring(Skin.String(ItemToEdit.Icon),/BigIcons/)</visible>
                    </control>
                </control>
                <control type="group">
                    <control type="grouplist" id="4">
                        <left>475</left>
                        <top>240</top>
                        <width>1172</width>
                        <height>540</height>
                        <aligny>center</aligny>
                        <scrolltime>0</scrolltime>
                        <orientation>vertical</orientation>
                        <visible>!Window.IsActive(1134)</visible>
                        <include>Animation_VisibleChange200</include>
                        <control type="button" id="20">
                            <label>$LOCALIZE[31956]</label>
                            <include>Objects_CustomizerSettingsButton</include>
                            <onclick>ActivateWindow(1142)</onclick>
                        </control>
                        <control type="button" id="8">
                            <label>$LOCALIZE[31679]</label>
                            <include>Objects_CustomizerSettingsButton</include>
                            <onclick>Skin.SetString(ItemToEdit.Label)</onclick>
                        </control>
                        <control type="button" id="9">
                            <label>$LOCALIZE[31960]</label>
                            <include>Objects_CustomizerSettingsButton</include>
                            <onclick>Skin.SetImage(ItemToEdit.Icon)</onclick>
                        </control>
                        <control type="button" id="10">
                            <label>$LOCALIZE[31027]</label>
                            <include>Objects_CustomizerSettingsButton</include>
                            <onclick>Skin.Reset(ItemToEdit.Type)</onclick>
                            <onclick>Skin.Reset(ItemToEdit.Label)</onclick>
                            <onclick>Skin.Reset(ItemToEdit.Icon)</onclick>
                            <onclick>Skin.Reset(ItemToEdit.Path)</onclick>
                            <onclick>Skin.Reset(ItemToEdit.MultiFanart)</onclick>
                        </control>
                    </control>
                </control>
            </control>
        </control>
    </controls>
</window>