<?xml version="1.0" encoding="utf-8"?>
<window type="dialog" id="1125">
    <defaultcontrol always="true">450</defaultcontrol>
    <coordinates>
        <left>0</left>
        <top>0</top>
        <system>1</system>
    </coordinates>
    <onload condition="!Stringcompare(Window(home).Property(Type),Music)">RunScript(script.playlists,type=video)</onload>
    <onload condition="Stringcompare(Window(home).Property(Type),Music)">RunScript(script.playlists,type=music)</onload>
    <include>Animation_DialogPopup2</include>
    <onunload condition="!IsEmpty(Window(home).Property(PlaylistSlot))">Skin.SetString($INFO[Window(home).Property(PlaylistSlot)].Call,RunScript(script.randomandlastitems,type=$INFO[Window(home).Property(Type)],playlist=$INFO[Window(home).Property(Playlist.Path)],method=$INFO[Window(home).Property(Method)],limit=10,unwatched=$INFO[Window(home).Property(Unwatched)],resume=$INFO[Window(home).Property(Resume)],property=$INFO[Window(home).Property(PlaylistSlot)]))</onunload>
    <onunload condition="!IsEmpty(Window(home).Property(PlaylistSlot))">Skin.SetString($INFO[Window(home).Property(PlaylistSlot)].Type,$INFO[Window(home).Property(Type)] $INFO[Window(home).Property(Method)])</onunload>
    <onunload condition="!IsEmpty(Window(home).Property(PlaylistSlot))">Skin.SetString($INFO[Window(home).Property(PlaylistSlot)].Label,$INFO[Window(home).Property(Playlist.Label)])</onunload>
    <onunload condition="!IsEmpty(Window(home).Property(PlaylistSlot))">Skin.SetString($INFO[Window(home).Property(PlaylistSlot)].Path,$INFO[Window(home).Property(Playlist.Path)])</onunload>
    <onunload condition="IsEmpty(Window(home).Property(PlaylistSlot))">Skin.SetString(ItemToEdit.Label,$INFO[Window(home).Property(Playlist.Label)])</onunload>
    <onunload condition="IsEmpty(Window(home).Property(PlaylistSlot))">Skin.SetString(ItemToEdit.Path,$INFO[Window(home).Property(Playlist.Path)])</onunload>
    <onunload>RunScript(script.randomandlastitems,type=$INFO[Window(home).Property(Type)],playlist=$INFO[Window(home).Property(Playlist.Path)],method=$INFO[Window(home).Property(Method)],limit=10,unwatched=$INFO[Window(home).Property(Unwatched)],resume=$INFO[Window(home).Property(Resume)],property=$INFO[Window(home).Property(PlaylistSlot)])</onunload>
    <onunload>ClearProperty(Type,home)</onunload>
    <onunload>ClearProperty(PlaylistSlot,home)</onunload>
    <onunload>ClearProperty(Method,home)</onunload>
    <controls>
        <include>DialogBackFade</include>
        <control type="image">
            <left>357</left>
            <top>180</top>
            <width>1208</width>
            <height>722</height>
            <texture>osd/osd_settings_back_glow.png</texture>
            <visible>!Skin.HasSetting(DisableGlowbar)</visible>
            <include>PanelGlowFade</include>
            <colordiffuse>$VAR[ColorDiffuseVar]</colordiffuse>
        </control>
        <control type="image">
            <left>357</left>
            <top>180</top>
            <width>1208</width>
            <height>722</height>
            <texture>osd/osd_settings_back.png</texture>
            <colordiffuse>$VAR[DialogColorVar]</colordiffuse>
        </control>
        <control type="image">
            <left>375</left>
            <top>232</top>
            <width>1172</width>
            <height>60</height>
            <texture border="1">osd/osd_settings_buttonnf.png</texture>
        </control>
        <control type="label">
            <left>420</left>
            <top>225</top>
            <width>600</width>
            <height>60</height>
            <label>$LOCALIZE[20012]</label>
            <font>Font_Bold33</font>
            <textcolor>$VAR[TitleColorVar]</textcolor>
            <visible>!Stringcompare(Window(home).Property(Type),Music)</visible>
        </control>
        <control type="label">
            <left>420</left>
            <top>225</top>
            <width>600</width>
            <height>60</height>
            <label>$LOCALIZE[20011]</label>
            <font>Font_Bold33</font>
            <textcolor>$VAR[TitleColorVar]</textcolor>
            <visible>Stringcompare(Window(home).Property(Type),Music)</visible>
        </control>
        <control type="list" id="450">
            <left>375</left>
            <top>292</top>
            <width>1172</width>
            <height>540</height>
            <onleft>61</onleft>
            <onright>61</onright>
            <onup>450</onup>
            <ondown>450</ondown>
            <pagecontrol>61</pagecontrol>
            <scrolltime>0</scrolltime>
            <itemlayout height="60">
                <control type="image">
                    <width>1172</width>
                    <height>60</height>
                    <texture border="1">osd/osd_settings_buttonnf.png</texture>
                </control>
                <control type="label">
                    <left>45</left>
                    <width>1082</width>
                    <height>60</height>
                    <font>Font_Reg30_2</font>
                    <textcolor>grey</textcolor>
                    <info>ListItem.Label</info>
                </control>
            </itemlayout>
            <focusedlayout height="60">
                <control type="image">
                    <width>1172</width>
                    <height>60</height>
                    <texture border="8">views/tripanel/listselect_fo.png</texture>
                    <colordiffuse>$VAR[FocusTextureColorVar]</colordiffuse>
                </control>
                <control type="label">
                    <left>45</left>
                    <width>1082</width>
                    <height>60</height>
                    <font>Font_Reg30_2</font>
                    <info>ListItem.Label</info>
                </control>
            </focusedlayout>
            <content>
                <item id="51">
                    <label>$LOCALIZE[231] $LOCALIZE[24040]</label>
                    <onclick>ClearProperty(Playlist.Path,home)</onclick>
                    <onclick>ClearProperty(Playlist.Label,home)</onclick>
					<onclick>ClearProperty(Type,home)</onclick>
					<onclick>ClearProperty(Method,home)</onclick>
                    <onclick>Dialog.Close(1125)</onclick>
                    <onclick>SetFocus(9000)</onclick>
                </item>
                <item id="52">
                    <label>31714</label>
                    <onclick condition="Stringcompare(Window(home).Property(Type),Movie)">Skin.SetPath(ItemToEdit.TempPath,library://video/movies/)</onclick>
                    <onclick condition="Stringcompare(Window(home).Property(Type),Episode)">Skin.SetPath(ItemToEdit.TempPath,library://video/tvshows/)</onclick>
                    <onclick>SetProperty(Playlist.Path,$INFO[Skin.String(ItemToEdit.TempPath)],home)</onclick>
                    <onclick>SetProperty(Playlist.Label,$INFO[Skin.String(ItemToEdit.TempPath)],home)</onclick>
                    <onclick>Dialog.Close(1125)</onclick>
                    <onclick>SetFocus(9000)</onclick>
                    <visible>Stringcompare(Window(home).Property(Type),Movie) | Stringcompare(Window(home).Property(Type),Episode)</visible>
                </item>
                <item id="222">
                    <label>656</label>
                    <onclick>Skin.SetFile(ItemToEdit.TempPath,.xsp)</onclick>
                    <onclick>SetProperty(Playlist.Path,$INFO[Skin.String(ItemToEdit.TempPath)],home)</onclick>
                    <onclick>SetProperty(Playlist.Label,$INFO[Skin.String(ItemToEdit.TempPath)],home)</onclick>
                    <onclick>Dialog.Close(1125)</onclick>
                    <onclick>SetFocus(9000)</onclick>
                </item>
                <item id="1">
                    <label fallback="Empty / Missing Name">$INFO[Window(home).Property(ScriptPlaylist.1.name)]</label>
                    <onclick>SetProperty(Playlist.Path,$INFO[Window(home).Property(ScriptPlaylist.1.path)],home)</onclick>
                    <onclick>SetProperty(Playlist.Label,$INFO[Window(home).Property(ScriptPlaylist.1.name)],home)</onclick>
                    <onclick>Dialog.Close(1125)</onclick>
                    <onclick>SetFocus(9000)</onclick>
                    <visible>!IsEmpty(Window(home).Property(ScriptPlaylist.1.name))</visible>
                </item>
                <item id="2">
                    <label fallback="Empty / Missing Name">$INFO[Window(home).Property(ScriptPlaylist.2.name)]</label>
                    <onclick>SetProperty(Playlist.Path,$INFO[Window(home).Property(ScriptPlaylist.2.path)],home)</onclick>
                    <onclick>SetProperty(Playlist.Label,$INFO[Window(home).Property(ScriptPlaylist.2.name)],home)</onclick>
                    <onclick>Dialog.Close(1125)</onclick>
                    <onclick>SetFocus(9000)</onclick>
                    <visible>!IsEmpty(Window(home).Property(ScriptPlaylist.2.name))</visible>
                </item>
                <item id="3">
                    <label fallback="Empty / Missing Name">$INFO[Window(home).Property(ScriptPlaylist.3.name)]</label>
                    <onclick>SetProperty(Playlist.Path,$INFO[Window(home).Property(ScriptPlaylist.3.path)],home)</onclick>
                    <onclick>SetProperty(Playlist.Label,$INFO[Window(home).Property(ScriptPlaylist.3.name)],home)</onclick>
                    <onclick>Dialog.Close(1125)</onclick>
                    <onclick>SetFocus(9000)</onclick>
                    <visible>!IsEmpty(Window(home).Property(ScriptPlaylist.3.name))</visible>
                </item>
                <item id="4">
                    <label fallback="Empty / Missing Name">$INFO[Window(home).Property(ScriptPlaylist.4.name)]</label>
                    <onclick>SetProperty(Playlist.Path,$INFO[Window(home).Property(ScriptPlaylist.4.path)],home)</onclick>
                    <onclick>SetProperty(Playlist.Label,$INFO[Window(home).Property(ScriptPlaylist.4.name)],home)</onclick>
                    <onclick>Dialog.Close(1125)</onclick>
                    <onclick>SetFocus(9000)</onclick>
                    <visible>!IsEmpty(Window(home).Property(ScriptPlaylist.4.name))</visible>
                </item>
                <item id="5">
                    <label fallback="Empty / Missing Name">$INFO[Window(home).Property(ScriptPlaylist.5.name)]</label>
                    <onclick>SetProperty(Playlist.Path,$INFO[Window(home).Property(ScriptPlaylist.5.path)],home)</onclick>
                    <onclick>SetProperty(Playlist.Label,$INFO[Window(home).Property(ScriptPlaylist.5.name)],home)</onclick>
                    <onclick>Dialog.Close(1125)</onclick>
                    <onclick>SetFocus(9000)</onclick>
                    <visible>!IsEmpty(Window(home).Property(ScriptPlaylist.5.name))</visible>
                </item>
                <item id="6">
                    <label fallback="Empty / Missing Name">$INFO[Window(home).Property(ScriptPlaylist.6.name)]</label>
                    <onclick>SetProperty(Playlist.Path,$INFO[Window(home).Property(ScriptPlaylist.6.path)],home)</onclick>
                    <onclick>SetProperty(Playlist.Label,$INFO[Window(home).Property(ScriptPlaylist.6.name)],home)</onclick>
                    <onclick>Dialog.Close(1125)</onclick>
                    <onclick>SetFocus(9000)</onclick>
                    <visible>!IsEmpty(Window(home).Property(ScriptPlaylist.6.name))</visible>
                </item>
                <item id="7">
                    <label fallback="Empty / Missing Name">$INFO[Window(home).Property(ScriptPlaylist.7.name)]</label>
                    <onclick>SetProperty(Playlist.Path,$INFO[Window(home).Property(ScriptPlaylist.7.path)],home)</onclick>
                    <onclick>SetProperty(Playlist.Label,$INFO[Window(home).Property(ScriptPlaylist.7.name)],home)</onclick>
                    <onclick>Dialog.Close(1125)</onclick>
                    <onclick>SetFocus(9000)</onclick>
                    <visible>!IsEmpty(Window(home).Property(ScriptPlaylist.7.name))</visible>
                </item>
                <item id="8">
                    <label fallback="Empty / Missing Name">$INFO[Window(home).Property(ScriptPlaylist.8.name)]</label>
                    <onclick>SetProperty(Playlist.Path,$INFO[Window(home).Property(ScriptPlaylist.8.path)],home)</onclick>
                    <onclick>SetProperty(Playlist.Label,$INFO[Window(home).Property(ScriptPlaylist.8.name)],home)</onclick>
                    <onclick>Dialog.Close(1125)</onclick>
                    <onclick>SetFocus(9000)</onclick>
                    <visible>!IsEmpty(Window(home).Property(ScriptPlaylist.8.name))</visible>
                </item>
                <item id="9">
                    <label fallback="Empty / Missing Name">$INFO[Window(home).Property(ScriptPlaylist.9.name)]</label>
                    <onclick>SetProperty(Playlist.Path,$INFO[Window(home).Property(ScriptPlaylist.9.path)],home)</onclick>
                    <onclick>SetProperty(Playlist.Label,$INFO[Window(home).Property(ScriptPlaylist.9.name)],home)</onclick>
                    <onclick>Dialog.Close(1125)</onclick>
                    <onclick>SetFocus(9000)</onclick>
                    <visible>!IsEmpty(Window(home).Property(ScriptPlaylist.9.name))</visible>
                </item>
                <item id="10">
                    <label fallback="Empty / Missing Name">$INFO[Window(home).Property(ScriptPlaylist.10.name)]</label>
                    <onclick>SetProperty(Playlist.Path,$INFO[Window(home).Property(ScriptPlaylist.10.path)],home)</onclick>
                    <onclick>SetProperty(Playlist.Label,$INFO[Window(home).Property(ScriptPlaylist.10.name)],home)</onclick>
                    <onclick>Dialog.Close(1125)</onclick>
                    <onclick>SetFocus(9000)</onclick>
                    <visible>!IsEmpty(Window(home).Property(ScriptPlaylist.10.name))</visible>
                </item>
                <item id="11">
                    <label fallback="Empty / Missing Name">$INFO[Window(home).Property(ScriptPlaylist.11.name)]</label>
                    <onclick>SetProperty(Playlist.Path,$INFO[Window(home).Property(ScriptPlaylist.11.path)],home)</onclick>
                    <onclick>SetProperty(Playlist.Label,$INFO[Window(home).Property(ScriptPlaylist.11.name)],home)</onclick>
                    <onclick>Dialog.Close(1125)</onclick>
                    <onclick>SetFocus(9000)</onclick>
                    <visible>!IsEmpty(Window(home).Property(ScriptPlaylist.11.name))</visible>
                </item>
                <item id="12">
                    <label fallback="Empty / Missing Name">$INFO[Window(home).Property(ScriptPlaylist.12.name)]</label>
                    <onclick>SetProperty(Playlist.Path,$INFO[Window(home).Property(ScriptPlaylist.12.path)],home)</onclick>
                    <onclick>SetProperty(Playlist.Label,$INFO[Window(home).Property(ScriptPlaylist.12.name)],home)</onclick>
                    <onclick>Dialog.Close(1125)</onclick>
                    <onclick>SetFocus(9000)</onclick>
                    <visible>!IsEmpty(Window(home).Property(ScriptPlaylist.12.name))</visible>
                </item>
                <item id="13">
                    <label fallback="Empty / Missing Name">$INFO[Window(home).Property(ScriptPlaylist.13.name)]</label>
                    <onclick>SetProperty(Playlist.Path,$INFO[Window(home).Property(ScriptPlaylist.13.path)],home)</onclick>
                    <onclick>SetProperty(Playlist.Label,$INFO[Window(home).Property(ScriptPlaylist.13.name)],home)</onclick>
                    <onclick>Dialog.Close(1125)</onclick>
                    <onclick>SetFocus(9000)</onclick>
                    <visible>!IsEmpty(Window(home).Property(ScriptPlaylist.13.name))</visible>
                </item>
                <item id="14">
                    <label fallback="Empty / Missing Name">$INFO[Window(home).Property(ScriptPlaylist.14.name)]</label>
                    <onclick>SetProperty(Playlist.Path,$INFO[Window(home).Property(ScriptPlaylist.14.path)],home)</onclick>
                    <onclick>SetProperty(Playlist.Label,$INFO[Window(home).Property(ScriptPlaylist.14.name)],home)</onclick>
                    <onclick>Dialog.Close(1125)</onclick>
                    <onclick>SetFocus(9000)</onclick>
                    <visible>!IsEmpty(Window(home).Property(ScriptPlaylist.14.name))</visible>
                </item>
                <item id="15">
                    <label fallback="Empty / Missing Name">$INFO[Window(home).Property(ScriptPlaylist.15.name)]</label>
                    <onclick>SetProperty(Playlist.Path,$INFO[Window(home).Property(ScriptPlaylist.15.path)],home)</onclick>
                    <onclick>SetProperty(Playlist.Label,$INFO[Window(home).Property(ScriptPlaylist.15.name)],home)</onclick>
                    <onclick>Dialog.Close(1125)</onclick>
                    <onclick>SetFocus(9000)</onclick>
                    <visible>!IsEmpty(Window(home).Property(ScriptPlaylist.15.name))</visible>
                </item>
                <item id="16">
                    <label fallback="Empty / Missing Name">$INFO[Window(home).Property(ScriptPlaylist.16.name)]</label>
                    <onclick>SetProperty(Playlist.Path,$INFO[Window(home).Property(ScriptPlaylist.16.path)],home)</onclick>
                    <onclick>SetProperty(Playlist.Label,$INFO[Window(home).Property(ScriptPlaylist.16.name)],home)</onclick>
                    <onclick>Dialog.Close(1125)</onclick>
                    <onclick>SetFocus(9000)</onclick>
                    <visible>!IsEmpty(Window(home).Property(ScriptPlaylist.16.name))</visible>
                </item>
                <item id="17">
                    <label fallback="Empty / Missing Name">$INFO[Window(home).Property(ScriptPlaylist.17.name)]</label>
                    <onclick>SetProperty(Playlist.Path,$INFO[Window(home).Property(ScriptPlaylist.17.path)],home)</onclick>
                    <onclick>SetProperty(Playlist.Label,$INFO[Window(home).Property(ScriptPlaylist.17.name)],home)</onclick>
                    <onclick>Dialog.Close(1125)</onclick>
                    <onclick>SetFocus(9000)</onclick>
                    <visible>!IsEmpty(Window(home).Property(ScriptPlaylist.17.name))</visible>
                </item>
                <item id="18">
                    <label fallback="Empty / Missing Name">$INFO[Window(home).Property(ScriptPlaylist.18.name)]</label>
                    <onclick>SetProperty(Playlist.Path,$INFO[Window(home).Property(ScriptPlaylist.18.path)],home)</onclick>
                    <onclick>SetProperty(Playlist.Label,$INFO[Window(home).Property(ScriptPlaylist.18.name)],home)</onclick>
                    <onclick>Dialog.Close(1125)</onclick>
                    <onclick>SetFocus(9000)</onclick>
                    <visible>!IsEmpty(Window(home).Property(ScriptPlaylist.18.name))</visible>
                </item>
                <item id="19">
                    <label fallback="Empty / Missing Name">$INFO[Window(home).Property(ScriptPlaylist.19.name)]</label>
                    <onclick>SetProperty(Playlist.Path,$INFO[Window(home).Property(ScriptPlaylist.19.path)],home)</onclick>
                    <onclick>SetProperty(Playlist.Label,$INFO[Window(home).Property(ScriptPlaylist.19.name)],home)</onclick>
                    <onclick>Dialog.Close(1125)</onclick>
                    <onclick>SetFocus(9000)</onclick>
                    <visible>!IsEmpty(Window(home).Property(ScriptPlaylist.19.name))</visible>
                </item>
                <item id="20">
                    <label fallback="Empty / Missing Name">$INFO[Window(home).Property(ScriptPlaylist.20.name)]</label>
                    <onclick>SetProperty(Playlist.Path,$INFO[Window(home).Property(ScriptPlaylist.20.path)],home)</onclick>
                    <onclick>SetProperty(Playlist.Label,$INFO[Window(home).Property(ScriptPlaylist.20.name)],home)</onclick>
                    <onclick>Dialog.Close(1125)</onclick>
                    <onclick>SetFocus(9000)</onclick>
                    <visible>!IsEmpty(Window(home).Property(ScriptPlaylist.20.name))</visible>
                </item>
                <item id="21">
                    <label fallback="Empty / Missing Name">$INFO[Window(home).Property(ScriptPlaylist.21.name)]</label>
                    <onclick>SetProperty(Playlist.Path,$INFO[Window(home).Property(ScriptPlaylist.21.path)],home)</onclick>
                    <onclick>SetProperty(Playlist.Label,$INFO[Window(home).Property(ScriptPlaylist.21.name)],home)</onclick>
                    <onclick>Dialog.Close(1125)</onclick>
                    <onclick>SetFocus(9000)</onclick>
                    <visible>!IsEmpty(Window(home).Property(ScriptPlaylist.21.name))</visible>
                </item>
                <item id="22">
                    <label fallback="Empty / Missing Name">$INFO[Window(home).Property(ScriptPlaylist.22.name)]</label>
                    <onclick>SetProperty(Playlist.Path,$INFO[Window(home).Property(ScriptPlaylist.22.path)],home)</onclick>
                    <onclick>SetProperty(Playlist.Label,$INFO[Window(home).Property(ScriptPlaylist.22.name)],home)</onclick>
                    <onclick>Dialog.Close(1125)</onclick>
                    <onclick>SetFocus(9000)</onclick>
                    <visible>!IsEmpty(Window(home).Property(ScriptPlaylist.22.name))</visible>
                </item>
                <item id="23">
                    <label fallback="Empty / Missing Name">$INFO[Window(home).Property(ScriptPlaylist.23.name)]</label>
                    <onclick>SetProperty(Playlist.Path,$INFO[Window(home).Property(ScriptPlaylist.23.path)],home)</onclick>
                    <onclick>SetProperty(Playlist.Label,$INFO[Window(home).Property(ScriptPlaylist.23.name)],home)</onclick>
                    <onclick>Dialog.Close(1125)</onclick>
                    <onclick>SetFocus(9000)</onclick>
                    <visible>!IsEmpty(Window(home).Property(ScriptPlaylist.23.name))</visible>
                </item>
                <item id="24">
                    <label fallback="Empty / Missing Name">$INFO[Window(home).Property(ScriptPlaylist.24.name)]</label>
                    <onclick>SetProperty(Playlist.Path,$INFO[Window(home).Property(ScriptPlaylist.24.path)],home)</onclick>
                    <onclick>SetProperty(Playlist.Label,$INFO[Window(home).Property(ScriptPlaylist.24.name)],home)</onclick>
                    <onclick>Dialog.Close(1125)</onclick>
                    <onclick>SetFocus(9000)</onclick>
                    <visible>!IsEmpty(Window(home).Property(ScriptPlaylist.24.name))</visible>
                </item>
                <item id="25">
                    <label fallback="Empty / Missing Name">$INFO[Window(home).Property(ScriptPlaylist.25.name)]</label>
                    <onclick>SetProperty(Playlist.Path,$INFO[Window(home).Property(ScriptPlaylist.25.path)],home)</onclick>
                    <onclick>SetProperty(Playlist.Label,$INFO[Window(home).Property(ScriptPlaylist.25.name)],home)</onclick>
                    <onclick>Dialog.Close(1125)</onclick>
                    <onclick>SetFocus(9000)</onclick>
                    <visible>!IsEmpty(Window(home).Property(ScriptPlaylist.25.name))</visible>
                </item>
                <item id="26">
                    <label fallback="Empty / Missing Name">$INFO[Window(home).Property(ScriptPlaylist.26.name)]</label>
                    <onclick>SetProperty(Playlist.Path,$INFO[Window(home).Property(ScriptPlaylist.26.path)],home)</onclick>
                    <onclick>SetProperty(Playlist.Label,$INFO[Window(home).Property(ScriptPlaylist.26.name)],home)</onclick>
                    <onclick>Dialog.Close(1125)</onclick>
                    <onclick>SetFocus(9000)</onclick>
                    <visible>!IsEmpty(Window(home).Property(ScriptPlaylist.26.name))</visible>
                </item>
                <item id="27">
                    <label fallback="Empty / Missing Name">$INFO[Window(home).Property(ScriptPlaylist.27.name)]</label>
                    <onclick>SetProperty(Playlist.Path,$INFO[Window(home).Property(ScriptPlaylist.27.path)],home)</onclick>
                    <onclick>SetProperty(Playlist.Label,$INFO[Window(home).Property(ScriptPlaylist.27.name)],home)</onclick>
                    <onclick>Dialog.Close(1125)</onclick>
                    <onclick>SetFocus(9000)</onclick>
                    <visible>!IsEmpty(Window(home).Property(ScriptPlaylist.27.name))</visible>
                </item>
                <item id="28">
                    <label fallback="Empty / Missing Name">$INFO[Window(home).Property(ScriptPlaylist.28.name)]</label>
                    <onclick>SetProperty(Playlist.Path,$INFO[Window(home).Property(ScriptPlaylist.28.path)],home)</onclick>
                    <onclick>SetProperty(Playlist.Label,$INFO[Window(home).Property(ScriptPlaylist.28.name)],home)</onclick>
                    <onclick>Dialog.Close(1125)</onclick>
                    <onclick>SetFocus(9000)</onclick>
                    <visible>!IsEmpty(Window(home).Property(ScriptPlaylist.28.name))</visible>
                </item>
                <item id="29">
                    <label fallback="Empty / Missing Name">$INFO[Window(home).Property(ScriptPlaylist.29.name)]</label>
                    <onclick>SetProperty(Playlist.Path,$INFO[Window(home).Property(ScriptPlaylist.29.path)],home)</onclick>
                    <onclick>SetProperty(Playlist.Label,$INFO[Window(home).Property(ScriptPlaylist.29.name)],home)</onclick>
                    <onclick>Dialog.Close(1125)</onclick>
                    <onclick>SetFocus(9000)</onclick>
                    <visible>!IsEmpty(Window(home).Property(ScriptPlaylist.29.name))</visible>
                </item>
                <item id="30">
                    <label fallback="Empty / Missing Name">$INFO[Window(home).Property(ScriptPlaylist.30.name)]</label>
                    <onclick>SetProperty(Playlist.Path,$INFO[Window(home).Property(ScriptPlaylist.30.path)],home)</onclick>
                    <onclick>SetProperty(Playlist.Label,$INFO[Window(home).Property(ScriptPlaylist.30.name)],home)</onclick>
                    <onclick>Dialog.Close(1125)</onclick>
                    <onclick>SetFocus(9000)</onclick>
                    <visible>!IsEmpty(Window(home).Property(ScriptPlaylist.30.name))</visible>
                </item>
                <item id="31">
                    <label fallback="Empty / Missing Name">$INFO[Window(home).Property(ScriptPlaylist.31.name)]</label>
                    <onclick>SetProperty(Playlist.Path,$INFO[Window(home).Property(ScriptPlaylist.31.path)],home)</onclick>
                    <onclick>SetProperty(Playlist.Label,$INFO[Window(home).Property(ScriptPlaylist.31.name)],home)</onclick>
                    <onclick>Dialog.Close(1125)</onclick>
                    <onclick>SetFocus(9000)</onclick>
                    <visible>!IsEmpty(Window(home).Property(ScriptPlaylist.31.name))</visible>
                </item>
                <item id="32">
                    <label fallback="Empty / Missing Name">$INFO[Window(home).Property(ScriptPlaylist.32.name)]</label>
                    <onclick>SetProperty(Playlist.Path,$INFO[Window(home).Property(ScriptPlaylist.32.path)],home)</onclick>
                    <onclick>SetProperty(Playlist.Label,$INFO[Window(home).Property(ScriptPlaylist.32.name)],home)</onclick>
                    <onclick>Dialog.Close(1125)</onclick>
                    <onclick>SetFocus(9000)</onclick>
                    <visible>!IsEmpty(Window(home).Property(ScriptPlaylist.32.name))</visible>
                </item>
                <item id="33">
                    <label fallback="Empty / Missing Name">$INFO[Window(home).Property(ScriptPlaylist.33.name)]</label>
                    <onclick>SetProperty(Playlist.Path,$INFO[Window(home).Property(ScriptPlaylist.33.path)],home)</onclick>
                    <onclick>SetProperty(Playlist.Label,$INFO[Window(home).Property(ScriptPlaylist.33.name)],home)</onclick>
                    <onclick>Dialog.Close(1125)</onclick>
                    <onclick>SetFocus(9000)</onclick>
                    <visible>!IsEmpty(Window(home).Property(ScriptPlaylist.33.name))</visible>
                </item>
                <item id="34">
                    <label fallback="Empty / Missing Name">$INFO[Window(home).Property(ScriptPlaylist.34.name)]</label>
                    <onclick>SetProperty(Playlist.Path,$INFO[Window(home).Property(ScriptPlaylist.34.path)],home)</onclick>
                    <onclick>SetProperty(Playlist.Label,$INFO[Window(home).Property(ScriptPlaylist.34.name)],home)</onclick>
                    <onclick>Dialog.Close(1125)</onclick>
                    <onclick>SetFocus(9000)</onclick>
                    <visible>!IsEmpty(Window(home).Property(ScriptPlaylist.34.name))</visible>
                </item>
                <item id="35">
                    <label fallback="Empty / Missing Name">$INFO[Window(home).Property(ScriptPlaylist.35.name)]</label>
                    <onclick>SetProperty(Playlist.Path,$INFO[Window(home).Property(ScriptPlaylist.35.path)],home)</onclick>
                    <onclick>SetProperty(Playlist.Label,$INFO[Window(home).Property(ScriptPlaylist.35.name)],home)</onclick>
                    <onclick>Dialog.Close(1125)</onclick>
                    <onclick>SetFocus(9000)</onclick>
                    <visible>!IsEmpty(Window(home).Property(ScriptPlaylist.35.name))</visible>
                </item>
                <item id="36">
                    <label fallback="Empty / Missing Name">$INFO[Window(home).Property(ScriptPlaylist.36.name)]</label>
                    <onclick>SetProperty(Playlist.Path,$INFO[Window(home).Property(ScriptPlaylist.36.path)],home)</onclick>
                    <onclick>SetProperty(Playlist.Label,$INFO[Window(home).Property(ScriptPlaylist.36.name)],home)</onclick>
                    <onclick>Dialog.Close(1125)</onclick>
                    <onclick>SetFocus(9000)</onclick>
                    <visible>!IsEmpty(Window(home).Property(ScriptPlaylist.36.name))</visible>
                </item>
                <item id="37">
                    <label fallback="Empty / Missing Name">$INFO[Window(home).Property(ScriptPlaylist.37.name)]</label>
                    <onclick>SetProperty(Playlist.Path,$INFO[Window(home).Property(ScriptPlaylist.37.path)],home)</onclick>
                    <onclick>SetProperty(Playlist.Label,$INFO[Window(home).Property(ScriptPlaylist.37.name)],home)</onclick>
                    <onclick>Dialog.Close(1125)</onclick>
                    <onclick>SetFocus(9000)</onclick>
                    <visible>!IsEmpty(Window(home).Property(ScriptPlaylist.37.name))</visible>
                </item>
                <item id="38">
                    <label fallback="Empty / Missing Name">$INFO[Window(home).Property(ScriptPlaylist.38.name)]</label>
                    <onclick>SetProperty(Playlist.Path,$INFO[Window(home).Property(ScriptPlaylist.38.path)],home)</onclick>
                    <onclick>SetProperty(Playlist.Label,$INFO[Window(home).Property(ScriptPlaylist.38.name)],home)</onclick>
                    <onclick>Dialog.Close(1125)</onclick>
                    <onclick>SetFocus(9000)</onclick>
                    <visible>!IsEmpty(Window(home).Property(ScriptPlaylist.38.name))</visible>
                </item>
                <item id="39">
                    <label fallback="Empty / Missing Name">$INFO[Window(home).Property(ScriptPlaylist.39.name)]</label>
                    <onclick>SetProperty(Playlist.Path,$INFO[Window(home).Property(ScriptPlaylist.39.path)],home)</onclick>
                    <onclick>SetProperty(Playlist.Label,$INFO[Window(home).Property(ScriptPlaylist.39.name)],home)</onclick>
                    <onclick>Dialog.Close(1125)</onclick>
                    <onclick>SetFocus(9000)</onclick>
                    <visible>!IsEmpty(Window(home).Property(ScriptPlaylist.39.name))</visible>
                </item>
                <item id="40">
                    <label fallback="Empty / Missing Name">$INFO[Window(home).Property(ScriptPlaylist.40.name)]</label>
                    <onclick>SetProperty(Playlist.Path,$INFO[Window(home).Property(ScriptPlaylist.40.path)],home)</onclick>
                    <onclick>SetProperty(Playlist.Label,$INFO[Window(home).Property(ScriptPlaylist.40.name)],home)</onclick>
                    <onclick>Dialog.Close(1125)</onclick>
                    <onclick>SetFocus(9000)</onclick>
                    <visible>!IsEmpty(Window(home).Property(ScriptPlaylist.40.name))</visible>
                </item>
                <item id="41">
                    <label fallback="Empty / Missing Name">$INFO[Window(home).Property(ScriptPlaylist.41.name)]</label>
                    <onclick>SetProperty(Playlist.Path,$INFO[Window(home).Property(ScriptPlaylist.41.path)],home)</onclick>
                    <onclick>SetProperty(Playlist.Label,$INFO[Window(home).Property(ScriptPlaylist.41.name)],home)</onclick>
                    <onclick>Dialog.Close(1125)</onclick>
                    <onclick>SetFocus(9000)</onclick>
                    <visible>!IsEmpty(Window(home).Property(ScriptPlaylist.41.name))</visible>
                </item>
                <item id="42">
                    <label fallback="Empty / Missing Name">$INFO[Window(home).Property(ScriptPlaylist.42.name)]</label>
                    <onclick>SetProperty(Playlist.Path,$INFO[Window(home).Property(ScriptPlaylist.42.path)],home)</onclick>
                    <onclick>SetProperty(Playlist.Label,$INFO[Window(home).Property(ScriptPlaylist.42.name)],home)</onclick>
                    <onclick>Dialog.Close(1125)</onclick>
                    <onclick>SetFocus(9000)</onclick>
                    <visible>!IsEmpty(Window(home).Property(ScriptPlaylist.42.name))</visible>
                </item>
                <item id="43">
                    <label fallback="Empty / Missing Name">$INFO[Window(home).Property(ScriptPlaylist.43.name)]</label>
                    <onclick>SetProperty(Playlist.Path,$INFO[Window(home).Property(ScriptPlaylist.43.path)],home)</onclick>
                    <onclick>SetProperty(Playlist.Label,$INFO[Window(home).Property(ScriptPlaylist.43.name)],home)</onclick>
                    <onclick>Dialog.Close(1125)</onclick>
                    <onclick>SetFocus(9000)</onclick>
                    <visible>!IsEmpty(Window(home).Property(ScriptPlaylist.43.name))</visible>
                </item>
                <item id="44">
                    <label fallback="Empty / Missing Name">$INFO[Window(home).Property(ScriptPlaylist.44.name)]</label>
                    <onclick>SetProperty(Playlist.Path,$INFO[Window(home).Property(ScriptPlaylist.44.path)],home)</onclick>
                    <onclick>SetProperty(Playlist.Label,$INFO[Window(home).Property(ScriptPlaylist.44.name)],home)</onclick>
                    <onclick>Dialog.Close(1125)</onclick>
                    <onclick>SetFocus(9000)</onclick>
                    <visible>!IsEmpty(Window(home).Property(ScriptPlaylist.44.name))</visible>
                </item>
                <item id="45">
                    <label fallback="Empty / Missing Name">$INFO[Window(home).Property(ScriptPlaylist.45.name)]</label>
                    <onclick>SetProperty(Playlist.Path,$INFO[Window(home).Property(ScriptPlaylist.45.path)],home)</onclick>
                    <onclick>SetProperty(Playlist.Label,$INFO[Window(home).Property(ScriptPlaylist.45.name)],home)</onclick>
                    <onclick>Dialog.Close(1125)</onclick>
                    <onclick>SetFocus(9000)</onclick>
                    <visible>!IsEmpty(Window(home).Property(ScriptPlaylist.45.name))</visible>
                </item>
                <item id="46">
                    <label fallback="Empty / Missing Name">$INFO[Window(home).Property(ScriptPlaylist.46.name)]</label>
                    <onclick>SetProperty(Playlist.Path,$INFO[Window(home).Property(ScriptPlaylist.46.path)],home)</onclick>
                    <onclick>SetProperty(Playlist.Label,$INFO[Window(home).Property(ScriptPlaylist.46.name)],home)</onclick>
                    <onclick>Dialog.Close(1125)</onclick>
                    <onclick>SetFocus(9000)</onclick>
                    <visible>!IsEmpty(Window(home).Property(ScriptPlaylist.46.name))</visible>
                </item>
                <item id="47">
                    <label fallback="Empty / Missing Name">$INFO[Window(home).Property(ScriptPlaylist.47.name)]</label>
                    <onclick>SetProperty(Playlist.Path,$INFO[Window(home).Property(ScriptPlaylist.47.path)],home)</onclick>
                    <onclick>SetProperty(Playlist.Label,$INFO[Window(home).Property(ScriptPlaylist.47.name)],home)</onclick>
                    <onclick>Dialog.Close(1125)</onclick>
                    <onclick>SetFocus(9000)</onclick>
                    <visible>!IsEmpty(Window(home).Property(ScriptPlaylist.47.name))</visible>
                </item>
                <item id="48">
                    <label fallback="Empty / Missing Name">$INFO[Window(home).Property(ScriptPlaylist.48.name)]</label>
                    <onclick>SetProperty(Playlist.Path,$INFO[Window(home).Property(ScriptPlaylist.48.path)],home)</onclick>
                    <onclick>SetProperty(Playlist.Label,$INFO[Window(home).Property(ScriptPlaylist.48.name)],home)</onclick>
                    <onclick>Dialog.Close(1125)</onclick>
                    <onclick>SetFocus(9000)</onclick>
                    <visible>!IsEmpty(Window(home).Property(ScriptPlaylist.48.name))</visible>
                </item>
                <item id="49">
                    <label fallback="Empty / Missing Name">$INFO[Window(home).Property(ScriptPlaylist.49.name)]</label>
                    <onclick>SetProperty(Playlist.Path,$INFO[Window(home).Property(ScriptPlaylist.49.path)],home)</onclick>
                    <onclick>SetProperty(Playlist.Label,$INFO[Window(home).Property(ScriptPlaylist.49.name)],home)</onclick>
                    <onclick>Dialog.Close(1125)</onclick>
                    <onclick>SetFocus(9000)</onclick>
                    <visible>!IsEmpty(Window(home).Property(ScriptPlaylist.49.name))</visible>
                </item>
                <item id="50">
                    <label fallback="Empty / Missing Name">$INFO[Window(home).Property(ScriptPlaylist.50.name)]</label>
                    <onclick>SetProperty(Playlist.Path,$INFO[Window(home).Property(ScriptPlaylist.50.path)],home)</onclick>
                    <onclick>SetProperty(Playlist.Label,$INFO[Window(home).Property(ScriptPlaylist.50.name)],home)</onclick>
                    <onclick>Dialog.Close(1125)</onclick>
                    <onclick>SetFocus(9000)</onclick>
                    <visible>!IsEmpty(Window(home).Property(ScriptPlaylist.50.name))</visible>
                </item>
            </content>
        </control>
        <control type="scrollbar" id="61">
            <include>Objects_CommonSettingsScrollbar</include>
            <onleft>450</onleft>
            <onright>450</onright>
            <ondown>61</ondown>
            <onup>61</onup>
        </control>
    </controls>
</window>