<?xml version="1.0" encoding="utf-8"?>
<window type="dialog" id="1140">
    <defaultcontrol always="true">8001</defaultcontrol>
    <include>Animation_DialogPopup</include>
    <onunload>ClearProperty(SetPanelItem,home)</onunload>
    <controls>
        <control type="label" id="4321">
            <label>$INFO[Window(home).Property(Featured)]</label>
            <include>HiddenObject</include>
        </control>
        <control type="image">
            <left>57</left>
            <top>0</top>
            <width>1808</width>
            <height>1080</height>
            <texture>osd/osd_settings_back_glow.png</texture>
            <colordiffuse>$VAR[ColorDiffuseVar]</colordiffuse>
            <visible>!Skin.HasSetting(DisableGlowbar)</visible>
            <include>PanelGlowFade</include>
            <include>Animation_VisibleChange400</include>
        </control>
        <control type="image">
            <left>57</left>
            <top>0</top>
            <width>1808</width>
            <height>1080</height>
            <texture>osd/osd_settings_back.png</texture>
            <colordiffuse>$VAR[DialogColorVar]</colordiffuse>
        </control>
        <control type="button" id="8002">
            <label></label>
            <onclick>SetProperty(SkinWidgets_RandomItems_Update,true,home)</onclick>
            <onclick>SetFocus(8001)</onclick>
            <left>93</left>
            <top>47</top>
            <width>70</width>
            <height>70</height>
            <onleft>8001</onleft>
            <onright>8001</onright>
            <onup>8001</onup>
            <ondown>8001</ondown>
            <colordiffuse>$VAR[FocusTextureColorVar]</colordiffuse>
            <visible>Substring(Control.GetLabel(4321),random)</visible>
        </control>
        <control type="button">
            <left>93</left>
            <top>47</top>
            <width>70</width>
            <height>70</height>
            <visible>Control.IsVisible(8002)</visible>
            <texturenofocus>special://skin/extras/BigIcons/ButtonReload.png</texturenofocus>
            <colordiffuse>white</colordiffuse>
        </control>
        <control type="panel" id="8001">
            <left>157</left>
            <top>45</top>
            <width>1650</width>
            <height>620</height>
            <scrolltime>0</scrolltime>
            <onup>8993</onup>
            <ondown>8993</ondown>
            <onleft>8002</onleft>
            <orientation>horizontal</orientation>

            <itemlayout width="400" height="310" condition="Substring(Window(home).Property(Featured),albums)">
                <control type="group">
                    <control type="image">
                        <left>45</left>
                        <top>5</top>
                        <width>300</width>
                        <height>300</height>
                        <aspectratio>stretch</aspectratio>
                        <texture background="true">DefaultAddon.png</texture>
                        <info>ListItem.Icon</info>
                    </control>
                    <control type="image">
                        <left>45</left>
                        <top>240</top>
                        <width>300</width>
                        <height>65</height>
                        <texture>common/bgcolor.png</texture>
                        <animation effect="fade" start="100" end="80" time="40" condition="true">Conditional</animation>
                    </control>
                    <control type="label">
                        <left>45</left>
                        <top>255</top>
                        <width>300</width>
                        <height>60</height>
                        <textoffsetx>10</textoffsetx>
                        <align>center</align>
                        <label>$INFO[ListItem.Label]</label>
                        <font>Font_Reg28</font>
                        <textcolor>white2</textcolor>
                    </control>
                    <control type="label">
                        <left>45</left>
                        <top>226</top>
                        <width>300</width>
                        <height>60</height>
                        <textoffsetx>10</textoffsetx>
                        <align>center</align>
                        <label>$INFO[ListItem.Label2]</label>
                        <font>Font_Reg28</font>
                        <textcolor>grey2</textcolor>
                    </control>
                </control>
            </itemlayout>
            <focusedlayout width="400" height="310" condition="Substring(Window(home).Property(Featured),albums)">
                <control type="group">
                    <control type="image">
                        <left>45</left>
                        <top>5</top>
                        <width>300</width>
                        <height>300</height>
                        <aspectratio>stretch</aspectratio>
                        <texture background="true">DefaultAddon.png</texture>
                        <info>ListItem.Icon</info>
                    </control>
                    <control type="image">
                        <left>45</left>
                        <top>240</top>
                        <width>300</width>
                        <height>65</height>
                        <texture>common/bgcolor.png</texture>
                        <animation effect="fade" start="100" end="90" time="400" condition="true">Conditional</animation>
                    </control>
                    <control type="label">
                        <left>45</left>
                        <top>255</top>
                        <width>300</width>
                        <height>60</height>
                        <textoffsetx>10</textoffsetx>
                        <align>center</align>
                        <label>$INFO[ListItem.Label]</label>
                        <font>Font_Reg28</font>
                        <textcolor>grey2</textcolor>
                        <visible>!Control.HasFocus(8001)</visible>
                    </control>
                    <control type="label">
                        <left>45</left>
                        <top>255</top>
                        <width>300</width>
                        <height>60</height>
                        <textoffsetx>10</textoffsetx>
                        <align>center</align>
                        <label>$INFO[ListItem.Label]</label>
                        <font>Font_Reg28</font>
                        <textcolor>$VAR[HomeMenuWidgetTextVar]</textcolor>
                        <visible>Control.HasFocus(8001)</visible>
                    </control>
                    <control type="label">
						<left>45</left>
                        <top>226</top>
                        <width>300</width>
                        <height>60</height>
                        <textoffsetx>10</textoffsetx>
                        <align>center</align>
                        <label>$INFO[ListItem.Label2]</label>
                        <font>Font_Reg28</font>
                        <textcolor>grey2</textcolor>
                        <visible>!Control.HasFocus(8001)</visible>
                    </control>
                    <control type="label">
                        <left>45</left>
                        <top>226</top>
                        <width>300</width>
                        <height>60</height>
                        <textoffsetx>10</textoffsetx>
                        <align>center</align>
                        <label>$INFO[ListItem.Label2]</label>
                        <font>Font_Reg28</font>
                        <textcolor>$VAR[HomeMenuWidgetTextVar]</textcolor>
                        <visible>Control.HasFocus(8001)</visible>
                    </control>
                </control>
                <control type="image">
                    <left>40</left>
					<width>310</width>
                    <height>310</height>
                    <texture border="6">views/addonwall_select.png</texture>
                    <colordiffuse>$VAR[FocusTextureColorVar]</colordiffuse>
                    <include>Animation_VisibleChange200</include>
                    <visible>Control.HasFocus(8001)</visible>
                </control>
            </focusedlayout>

            <itemlayout width="400" height="310" condition="Substring(Window(home).Property(Featured),movies)">
                <control type="image">
                    <left>5</left>
                    <top>5</top>
                    <width>380</width>
                    <height>240</height>
                    <aspectratio>scale</aspectratio>
                    <texture background="true" fallback="DefaultAddon.png">$INFO[ListItem.Icon]</texture>
                    <visible>IsEmpty(ListItem.Property(Fanart))</visible>
                </control>
                <control type="image">
                    <left>5</left>
                    <top>5</top>
                    <width>380</width>
                    <height>240</height>
                    <aspectratio>scale</aspectratio>
                    <texture background="true">$INFO[ListItem.Property(Fanart)]</texture>
                </control>
                <control type="label">
                    <left>0</left>
                    <top>240</top>
                    <width>390</width>
                    <height>50</height>
                    <textoffsetx>10</textoffsetx>
                    <align>center</align>
                    <label>$INFO[ListItem.Label]</label>
                    <font>Font_Reg28</font>
                    <textcolor>grey2</textcolor>
                </control>
                <control type="image">
                    <left>5</left>
                    <top>5</top>
                    <width>380</width>
                    <height>240</height>
                    <texture>common/black.png</texture>
                    <colordiffuse>99FFFFFF</colordiffuse>
                    <include>Animation_VisibleChange400</include>
                    <visible>Control.HasFocus(8001)</visible>
                </control>
            </itemlayout>
            <focusedlayout width="400" height="310" condition="Substring(Window(home).Property(Featured),movies)">
                <control type="image">
                    <left>5</left>
                    <top>5</top>
                    <width>380</width>
                    <height>240</height>
                    <aspectratio>scale</aspectratio>
                    <texture>$INFO[ListItem.Icon]</texture>
                </control>
                <control type="image">
                    <left>5</left>
                    <top>5</top>
                    <width>380</width>
                    <height>240</height>
                    <aspectratio>scale</aspectratio>
                    <texture background="true">$INFO[ListItem.Property(Fanart)]</texture>
                </control>
                <control type="label">
                    <left>0</left>
                    <top>240</top>
                    <width>390</width>
                    <height>50</height>
                    <textoffsetx>10</textoffsetx>
                    <align>center</align>
                    <label>$INFO[ListItem.Label]</label>
                    <font>Font_Reg28</font>
                    <textcolor>grey2</textcolor>
                    <visible>!Control.HasFocus(8001)</visible>
                </control>
                <control type="label">
                    <left>0</left>
                    <top>240</top>
                    <width>390</width>
                    <height>50</height>
                    <textoffsetx>10</textoffsetx>
                    <align>center</align>
                    <label>$INFO[ListItem.Label]</label>
                    <font>Font_Reg28</font>
                    <textcolor>$VAR[HomeMenuWidgetTextVar]</textcolor>
                    <visible>Control.HasFocus(8001)</visible>
                </control>
                <control type="image">
                    <width>390</width>
                    <height>300</height>
                    <texture border="6">views/addonwall_select.png</texture>
                    <colordiffuse>$VAR[FocusTextureColorVar]</colordiffuse>
                    <include>Animation_VisibleChange200</include>
                    <visible>Control.HasFocus(8001)</visible>
                </control>
            </focusedlayout>

            <itemlayout width="400" height="310" condition="Substring(Window(home).Property(Featured),TV) | Substring(Window(home).Property(Featured),rssnews)">
                <control type="image">
                    <left>5</left>
                    <top>5</top>
                    <width>380</width>
                    <height>240</height>
                    <aspectratio>scale</aspectratio>
                    <texture background="true">$INFO[ListItem.Icon]</texture>
                </control>
                <control type="label">
                    <left>0</left>
                    <top>240</top>
                    <width>390</width>
                    <height>50</height>
                    <textoffsetx>10</textoffsetx>
                    <align>center</align>
                    <label>$INFO[ListItem.Label]</label>
                    <font>Font_Reg28</font>
                    <textcolor>grey2</textcolor>
                </control>
                <control type="image">
                    <left>5</left>
                    <top>5</top>
                    <width>380</width>
                    <height>240</height>
                    <texture>common/black.png</texture>
                    <colordiffuse>99FFFFFF</colordiffuse>
                    <include>Animation_VisibleChange400</include>
                    <visible>Control.HasFocus(8001)</visible>
                </control>
            </itemlayout>
            <focusedlayout width="400" height="310" condition="Substring(Window(home).Property(Featured),TV) | Substring(Window(home).Property(Featured),rssnews)">
                <control type="image">
                    <left>5</left>
                    <top>5</top>
                    <width>380</width>
                    <height>240</height>
                    <aspectratio>scale</aspectratio>
                    <texture background="true">$INFO[ListItem.Icon]</texture>
                </control>
                <control type="label">
                    <left>0</left>
                    <top>240</top>
                    <width>390</width>
                    <height>50</height>
                    <textoffsetx>15</textoffsetx>
                    <align>center</align>
                    <label>$INFO[ListItem.Label]</label>
                    <font>Font_Reg28</font>
                    <textcolor>grey2</textcolor>
                    <visible>!Control.HasFocus(8001)</visible>
                </control>
                <control type="label">
                    <left>0</left>
                    <top>240</top>
                    <width>390</width>
                    <height>50</height>
                    <textoffsetx>10</textoffsetx>
                    <align>center</align>
                    <label>$INFO[ListItem.Label]</label>
                    <font>Font_Reg28</font>
                    <textcolor>$VAR[HomeMenuWidgetTextVar]</textcolor>
                    <visible>Control.HasFocus(8001)</visible>
                </control>
                <control type="image">
                    <width>390</width>
                    <height>300</height>
                    <texture border="6">views/addonwall_select.png</texture>
                    <colordiffuse>$VAR[FocusTextureColorVar]</colordiffuse>
                    <include>Animation_VisibleChange200</include>
                    <visible>Control.HasFocus(8001)</visible>
                </control>
            </focusedlayout>
            <content>
                <include condition="Stringcompare(Window(home).Property(Featured),randommovies)">RandomMoviesItems</include>
                <include condition="Stringcompare(Window(home).Property(Featured),recentmovies)">LatestMoviesItems</include>
                <include condition="Stringcompare(Window(home).Property(Featured),watchlistalbums)">WatchlistMusicItems</include>
                <include condition="Stringcompare(Window(home).Property(Featured),watchlistalbums)">WatchlistMusicItemsHome</include>
                <include condition="Stringcompare(Window(home).Property(Featured),randomalbums)">RandomAlbumsItems</include>
                <include condition="Stringcompare(Window(home).Property(Featured),randomalbums)">RandomAlbumsItemsHome</include>
                <include condition="Stringcompare(Window(home).Property(Featured),recentalbums)">LatestAlbumsItems</include>
                <include condition="Stringcompare(Window(home).Property(Featured),recentalbums)">LatestAlbumsItemsHome</include>
                <include condition="Stringcompare(Window(home).Property(Featured),watchlisttv)">WatchListTVItems</include>
                <include condition="Stringcompare(Window(home).Property(Featured),watchlisttv)">WatchListTVItemsHome</include>
                <include condition="Stringcompare(Window(home).Property(Featured),watchlistmovies)">WatchlistMoviesItems</include>
                <include condition="Stringcompare(Window(home).Property(Featured),recenttv)">LatestEpisodesItems</include>
                <include condition="Stringcompare(Window(home).Property(Featured),recenttv)">LatestEpisodesItemsHome</include>
                <include condition="Stringcompare(Window(home).Property(Featured),randomtv)">RandomEpisodesItems</include>
                <include condition="Stringcompare(Window(home).Property(Featured),randomtv)">RandomEpisodesItemsHome</include>
               <!-- <include condition="Stringcompare(Window(home).Property(Featured),rssnews)">NewsWidgetContent1124</include> --><!-- undefined include
                <include condition="Stringcompare(Window(home).Property(Featured),rssnews)">NewsWidgetContent</include>--><!-- undefined include -->
            </content>
        </control>
        <control type="button" id="5014">
            <include>HiddenObject</include>
            <onfocus condition="Substring(Control.GetLabel(4321),movie)">SetFocus(8020)</onfocus>
            <onfocus condition="!Substring(Control.GetLabel(4321),movie)">$INFO[Container(8001).ListItem.Property(Path)]</onfocus>
            <onfocus condition="!Substring(Control.GetLabel(4321),movie)">Dialog.Close(1140)</onfocus>
        </control>
        <control type="grouplist" id="8020">
            <left>730</left>
            <top>228</top>
            <width>500</width>
            <onup>8020</onup>
            <ondown>8020</ondown>
            <animation type="Visible" reversible="false">
                <effect type="zoom" start="150" end="100" center="960,300" time="720" tween="cubic" />
                <effect type="fade" end="100" time="720" />
            </animation>
            <animation type="Hidden" reversible="false">
                <effect type="fade" start="100" end="0" time="240" />
                <effect type="zoom" start="100" end="130" center="960,300" time="240" tween="cubic" easing="in" />
            </animation>
            <visible allowhiddenfocus="true">ControlGroup(8020).HasFocus</visible>
            <onback>SetFocus(8001)</onback>
            <onleft>SetFocus(8001)</onleft>
            <onright>SetFocus(8001)</onright>
            <orientation>vertical</orientation>
            <control type="image" id="1">
                <top>-39</top>
                <width>462</width>
                <height>39</height>
                <texture>dialogs/context_top_shutdown.png</texture>
            </control>
 <!--            <control type="button" id="8032">
                <label>$LOCALIZE[208]</label>
                <include>Objects_ContextMenuButton</include>
                <onclick>$INFO[Container(8001).ListItem.Property(Path)]</onclick>
                <onclick>Action(Close)</onclick>
            </control> -->
            <control type="button" id="8016">
                <label>$LOCALIZE[20410]</label>
                <onclick>Action(Close)</onclick>
                <onclick condition="!IsEmpty(Container(8001).ListItem.Property(Trailer))">PlayMedia($INFO[Container(8001).ListItem.Property(Trailer)])</onclick>
                <onclick condition="IsEmpty(Container(8001).ListItem.Property(Trailer))">ActivateWindow(videos,plugin://plugin.video.youtube/kodion/search/query/?q=$INFO[Container(8001).ListItem.Label] Trailer,return)</onclick>
                <include>Objects_ContextMenuButton</include>
                <visible>Substring(Control.GetLabel(4321),movie)</visible>
            </control>
            <control type="image" id="2">
                <top>699</top>
                <width>462</width>
                <height>40</height>
                <texture>dialogs/context_bottom.png</texture>
            </control>
        </control>
        <control type="group">
            <left>120</left>
            <top>660</top>
            <control type="group">
                <left>27</left>
                <top>26</top>
                <width>1596</width>
                <height>350</height>
                <visible>Substring(Control.GetLabel(4321),movie) | Substring(Control.GetLabel(4321),musicvideo)</visible>
                <control type="image">
                    <left>5</left>
                    <top>5</top>
                    <width>218</width>
                    <height>340</height>
                    <aspectratio>scale</aspectratio>
                    <texture background="true" fallback="DefaultVideoBigPoster.png">$INFO[Container(8001).ListItem.Property(Poster)]</texture>
                    <visible>!Skin.HasSetting(clearcases)</visible>
                </control>
                <control type="image">
                    <left>5</left>
                    <top>5</top>
                    <width>218</width>
                    <height>340</height>
                    <aspectratio>scale</aspectratio>
                    <texture background="true" fallback="DefaultVideoBigPoster.png" diffuse="thumbs/movieposter_mask.png">$INFO[Container(8001).ListItem.Property(Poster)]</texture>
                    <visible>Skin.HasSetting(clearcases)</visible>
                </control>
                <control type="image">
                    <left>-32</left>
                    <top>-25</top>
                    <width>270</width>
                    <height>385</height>
                    <texture background="true">thumbs/boxes/$VAR[ShowcaseCasePathVar]/$INFO[Container(8001).ListItem.Property(VideoResolution)]p.png</texture>
                    <visible>Skin.HasSetting(CasesonWidgets)</visible>
                </control>
                <control type="label">
                    <left>223</left>
                    <top>0</top>
                    <width>1373</width>
                    <height>50</height>
                    <textoffsetx>15</textoffsetx>
                    <label>$INFO[Container(8001).ListItem.Label]</label>
                    <font>Font_Bold40</font>
                </control>
                <control type="label">
                    <left>223</left>
                    <top>45</top>
                    <width>1023</width>
                    <height>43</height>
                    <textoffsetx>15</textoffsetx>
                    <aligny>top</aligny>
                    <label>$INFO[Container(8001).ListItem.Property(Tagline)]</label>
                    <font>Font_Reg30_2</font>
                    <textcolor>white4</textcolor>
                </control>
                <control type="grouplist">
                    <left>250</left>
                    <top>90</top>
                    <orientation>horizontal</orientation>
                    <control type="image">
                        <left>0</left>
                        <top>0</top>
                        <texture>$VAR[ColorFlagsAudio]audio/$INFO[Container(8001).ListItem.Property(AudioCodec)]$INFO[Container(8001).ListItem.Property(AudioChannels)].png</texture>
                        <include>AudioFlagsVars</include>
                    </control>
                    <control type="image">
                        <left>120</left>
                        <top>0</top>
                        <texture>$VAR[ColorFlagsSource]Source/$INFO[Container(8001).ListItem.Property(VideoCodec)].png</texture>
                        <include>AudioFlagsVars</include>
                    </control>
                    <control type="image">
                        <left>100</left>
                        <top>0</top>
                        <texture>$VAR[ColorFlagsResolution]resolution/$INFO[Container(8001).ListItem.Property(VideoResolution)].png</texture>
                        <include>AudioFlagsVars</include>
                    </control>
                </control>
                <control type="grouplist">
                    <left>653</left>
                    <top>88</top>
                    <orientation>vertical</orientation>
                    <itemgap>0</itemgap>
                    <control type="label">
                        <width>1373</width>
                        <height>30</height>
                        <textoffsetx>15</textoffsetx>
                        <label>$INFO[Container(8001).ListItem.Property(Year)]$INFO[Container(8001).ListItem.Property(RunningTime), • , $LOCALIZE[12391]]$INFO[Container(8001).ListItem.Property(Rating), • ]</label>
                        <font>Font_Reg30_2</font>
                        <textcolor>grey2</textcolor>
                    </control>
                    <control type="label">
                        <width>623</width>
                        <height>30</height>
                        <textoffsetx>15</textoffsetx>
                        <label>$INFO[Container(8001).ListItem.Property(Director),[COLOR bcicon]$LOCALIZE[31156] [/COLOR]]</label>
                        <font>Font_Reg30_2</font>
                        <textcolor>grey2</textcolor>
                    </control>
                </control>
                <control type="textbox">
                    <left>238</left>
                    <top>155</top>
                    <width>1343</width>
                    <height>185</height>
                    <aligny>top</aligny>
                    <label>$INFO[Container(8001).ListItem.Property(Plot)]</label>
                    <font>Font_Reg30_2</font>
                    <textcolor>white6</textcolor>
                    <autoscroll delay="5000" time="AutoScrollTime" repeat="8001">Skin.HasSetting(AutoScroll)</autoscroll>
                </control>
                <control type="image">
                    <left>1240</left>
                    <top>-10</top>
                    <width>340</width>
                    <height>156</height>
                    <aspectratio>keep</aspectratio>
                    <texture background="true">$INFO[Container(8001).ListItem.Property(Logo)]</texture>
                </control>
            </control>
            <control type="group">
                <left>27</left>
                <top>26</top>
                <width>1596</width>
                <height>350</height>
                <visible>Substring(Control.GetLabel(4321),tv)</visible>
                <control type="image">
                    <left>5</left>
                    <top>5</top>
                    <width>605</width>
                    <height>340</height>
                    <aspectratio>keep</aspectratio>
                    <texture background="true" fallback="DefaultVideoBigPoster.png">$INFO[Container(8001).ListItem.Icon]</texture>
                </control>
                <control type="label">
                    <left>610</left>
                    <top>5</top>
                    <width>750</width>
                    <height>50</height>
                    <textoffsetx>15</textoffsetx>
                    <label>$INFO[Container(8001).ListItem.Label]</label>
                    <font>Font_Reg40</font>
                    <visible>Substring(Control.GetLabel(9308),empty.png)</visible>
                </control>
                <control type="label">
                    <left>610</left>
                    <top>5</top>
                    <width>670</width>
                    <height>50</height>
                    <textoffsetx>15</textoffsetx>
                    <label>$INFO[Container(8001).ListItem.Label]</label>
                    <font>Font_Reg40</font>
                    <visible>!Substring(Control.GetLabel(9308),empty.png)</visible>
                </control>
                <control type="label">
                    <left>610</left>
                    <top>58</top>
                    <width>986</width>
                    <height>30</height>
                    <textoffsetx>15</textoffsetx>
                    <label>$INFO[Container(8001).ListItem.Label2]$INFO[Container(8001).ListItem.Property(EpisodeNumber), • [UPPERCASE],[/UPPERCASE]]</label>
                    <font>Font_Reg30_2</font>
                    <textcolor>grey2</textcolor>
                </control>
                <control type="textbox">
                    <left>625</left>
                    <top>125</top>
                    <width>956</width>
                    <height>215</height>
                    <aligny>top</aligny>
                    <label>$INFO[Container(8001).ListItem.Property(Plot)]</label>
                    <font>Font_Reg30_2</font>
                    <textcolor>white6</textcolor>
                    <autoscroll delay="5000" time="AutoScrollTime" repeat="8001">Skin.HasSetting(AutoScroll)</autoscroll>
                </control>
                <control type="image" id="9308">
                    <left>1295</left>
                    <width>300</width>
                    <height>116</height>
                    <aspectratio>keep</aspectratio>
                    <texture background="true">$INFO[Container(8001).ListItem.Property(Logo)]</texture>
                    <fadetime>400</fadetime>
                </control>
            </control>
            <control type="group">
                <left>27</left>
                <top>26</top>
                <width>1596</width>
                <height>350</height>
                <visible>Substring(Control.GetLabel(4321),album) | Substring(Control.GetLabel(4321),artist) | Substring(Control.GetLabel(4321),news)</visible>
                <control type="image">
                    <left>5</left>
                    <top>5</top>
                    <width>340</width>
                    <height>340</height>
                    <aspectratio>scale</aspectratio>
                    <texture background="true" fallback="DefaultAlbumCover.png">$INFO[Container(8001).ListItem.Icon]</texture>
                </control>
                <control type="label">
                    <left>345</left>
                    <top>5</top>
                    <width>1251</width>
                    <height>50</height>
                    <textoffsetx>15</textoffsetx>
                    <label>$INFO[Container(8001).ListItem.Label][COLOR $VAR[HomeMenuWidgetTextVar]]$INFO[Container(8001).ListItem.Property(Year), [,]][/COLOR]</label>
                    <font>Font_Reg40</font>
                </control>
                <control type="label">
                    <left>345</left>
                    <top>58</top>
                    <width>1251</width>
                    <height>30</height>
                    <textoffsetx>15</textoffsetx>
                    <label>$INFO[Container(8001).ListItem.Label2]</label>
                    <font>Font_Reg30_2</font>
                    <textcolor>grey2</textcolor>
                </control>
                <control type="textbox">
                    <left>360</left>
                    <top>130</top>
                    <width>1221</width>
                    <height>215</height>
                    <aligny>top</aligny>
                    <label fallback="414">$INFO[Container(8001).ListItem.Property(Plot)]$INFO[Container(8001).ListItem.Property(Description)]</label>
                    <font>Font_Reg30_2</font>
                    <textcolor>white6</textcolor>
                    <autoscroll delay="5000" time="AutoScrollTime" repeat="8001">Skin.HasSetting(AutoScroll)</autoscroll>
                </control>
                <control type="image">
                    <left>1261</left>
                    <top>10</top>
                    <width>300</width>
                    <height>116</height>
                    <aspectratio>keep</aspectratio>
                    <texture background="true">$INFO[Skin.String(ArtistsLogosPath)]$INFO[Container(8001).ListItem.Label2,,/logo.png]</texture>
                    <fadetime>400</fadetime>
                </control>
            </control>
        </control>
    </controls>
</window>