<?xml version="1.0" encoding="utf-8"?>
<window type="dialog" id="1144">
    <defaultcontrol always="true">4</defaultcontrol>
    <controls>
        <control type="group">
            <left>280</left>
            <include>Animation_OpenCloseZoom</include>
            <control type="image">
                <left>230</left>
                <top>80</top>
                <width>940</width>
                <height>680</height>
                <texture border="20">osd/osd_settings_back_glow.png</texture>
                <colordiffuse>$VAR[ColorDiffuseVar]</colordiffuse>
                <visible>!Skin.HasSetting(DisableGlowbar)</visible>
                <include>PanelGlowFade</include>
            </control>
            <control type="image">
                <left>230</left>
                <top>80</top>
                <width>940</width>
                <height>680</height>
                <texture border="20">osd/osd_settings_back.png</texture>
                <colordiffuse>$VAR[DialogColorVar]</colordiffuse>
            </control>
            <control type="panel" id="4">
                <left>250</left>
                <top>120</top>
                <width>900</width>
                <height>600</height>
                <scrolltime>0</scrolltime>
                <orientation>vertical</orientation>
                <onright>20</onright>
                <itemlayout height="60" width="300">
                    <control type="image">
                        <width>300</width>
                        <height>60</height>
                        <texture>button-nofocus.png</texture>
                        <colordiffuse>$VAR[ColorDiffuseVar]</colordiffuse>
                    </control>
                    <control type="label">
                        <width>300</width>
                        <height>60</height>
                        <textoffsetx>10</textoffsetx>
                        <label>$INFO[ListItem.Label]</label>
                        <font>Font_Reg30_2</font>
                        <textcolor>grey2</textcolor>
                    </control>
                </itemlayout>
                <focusedlayout height="60" width="300">
                    <control type="group">
                        <visible>Control.HasFocus(4)</visible>
                        <control type="image">
                            <width>300</width>
                            <height>60</height>
                            <texture border="8">views/tripanel/listselect_fo.png</texture>
                            <colordiffuse>$VAR[FocusTextureColorVar]</colordiffuse>
                        </control>
                        <control type="label">
                            <width>300</width>
                            <height>60</height>
                            <textoffsetx>10</textoffsetx>
                            <label>$INFO[ListItem.Label]</label>
                            <font>Font_Reg30_2</font>
                            <scroll>true</scroll>
                        </control>
                    </control>
                    <control type="group">
                        <visible>!Control.HasFocus(4)</visible>
                        <control type="image">
                            <width>300</width>
                            <height>60</height>
                            <texture>button-nofocus.png</texture>
                            <colordiffuse>$VAR[ColorDiffuseVar]</colordiffuse>
                        </control>
                        <control type="label">
                            <width>300</width>
                            <textoffsetx>10</textoffsetx>
                            <label>$INFO[ListItem.Label]</label>
                            <font>Font_Reg30_2</font>
                            <textcolor>grey2</textcolor>
                        </control>
                    </control>
                </focusedlayout>
                <content>
                    <item>
                        <label>$LOCALIZE[231]</label>
                        <onclick>Skin.Reset(ItemToEdit.Type)</onclick>
                        <onclick>Dialog.Close(1144)</onclick>
                    </item>
                    <item>
                        <label>600</label>
                        <onclick>Skin.SetString(ItemToEdit.Label,$LOCALIZE[600])</onclick>
                        <onclick>Skin.SetString(ItemToEdit.Type,7)</onclick>
                        <onclick>Dialog.Close(1144)</onclick>
                        <onclick>Skin.SetString(ItemToEdit.Path,RipCD)</onclick>
                    </item>
                    <item>
                        <label>31831</label>
                        <onclick>Skin.SetString(ItemToEdit.Label,$LOCALIZE[31831])</onclick>
                        <onclick>Skin.SetString(ItemToEdit.Type,7)</onclick>
                        <onclick>Dialog.Close(1144)</onclick>
                        <onclick>Skin.SetString(ItemToEdit.Path,PlayDVD)</onclick>
                    </item>
                    <item>
                        <label>31832</label>
                        <onclick>Skin.SetString(ItemToEdit.Label,$LOCALIZE[31832])</onclick>
                        <onclick>Skin.SetString(ItemToEdit.Type,7)</onclick>
                        <onclick>Dialog.Close(1144)</onclick>
                        <onclick>Skin.SetString(ItemToEdit.Path,Mute)</onclick>
                    </item>
                    <item>
                        <label>31833</label>
                        <onclick>Skin.SetString(ItemToEdit.Label,$LOCALIZE[31833])</onclick>
                        <onclick>Skin.SetString(ItemToEdit.Type,7)</onclick>
                        <onclick>Dialog.Close(1144)</onclick>
                        <onclick>Skin.SetString(ItemToEdit.Path,UpdateLibrary(video))</onclick>
                    </item>
                    <item>
                        <label>31834</label>
                        <onclick>Skin.SetString(ItemToEdit.Type,7)</onclick>
                        <onclick>Skin.SetString(ItemToEdit.Label,$LOCALIZE[31834])</onclick>
                        <onclick>Dialog.Close(1144)</onclick>
                        <onclick>Skin.SetString(ItemToEdit.Path,UpdateLibrary(music))</onclick>
                    </item>
                    <item>
                        <label>31835</label>
                        <onclick>Skin.SetString(ItemToEdit.Label,$LOCALIZE[31835])</onclick>
                        <onclick>Skin.SetString(ItemToEdit.Type,7)</onclick>
                        <onclick>Dialog.Close(1144)</onclick>
                        <onclick>Skin.SetString(ItemToEdit.Path,UpdateAddonRepos())</onclick>
                    </item>
                    <item>
                        <label>137</label>
                        <onclick>Skin.SetString(ItemToEdit.Label,$LOCALIZE[137])</onclick>
                        <onclick>Skin.SetString(ItemToEdit.Type,7)</onclick>
                        <onclick>Dialog.Close(1144)</onclick>
                        <onclick>Skin.SetString(ItemToEdit.Path,VideoLibrary.Search)</onclick>
                    </item>
                    <item>
                        <label>31836</label>
                        <onclick>Skin.SetString(ItemToEdit.Label,$LOCALIZE[31836])</onclick>
                        <onclick>Skin.SetString(ItemToEdit.Type,7)</onclick>
                        <onclick>Dialog.Close(1144)</onclick>
                        <onclick>Skin.SetString(ItemToEdit.Path,EjectTray)</onclick>
                    </item>
                    <item>
                        <label>31837</label>
                        <onclick>Skin.SetString(ItemToEdit.Label,$LOCALIZE[31837])</onclick>
                        <onclick>Skin.SetString(ItemToEdit.Type,7)</onclick>
                        <onclick>Dialog.Close(1144)</onclick>
                        <onclick>Skin.SetString(ItemToEdit.Path,PlayerControl(Partymode(music)))</onclick>
                    </item>
                    <item>
                        <label>31838</label>
                        <onclick>Skin.SetString(ItemToEdit.Label,$LOCALIZE[31838])</onclick>
                        <onclick>Skin.SetString(ItemToEdit.Type,7)</onclick>
                        <onclick>Dialog.Close(1144)</onclick>
                        <onclick>Skin.SetString(ItemToEdit.Path,PlayerControl(Partymode(video)))</onclick>
                    </item>
                    <item>
                        <label>31839</label>
                        <onclick>Skin.SetString(ItemToEdit.Label,$LOCALIZE[31839])</onclick>
                        <onclick>Skin.SetString(ItemToEdit.Type,7)</onclick>
                        <onclick>Dialog.Close(1144)</onclick>
                        <onclick>Skin.SetString(ItemToEdit.Path,RestartApp)</onclick>
                    </item>
                    <item>
                        <label>13011</label>
                        <onclick>Skin.SetString(ItemToEdit.Label,$LOCALIZE[13011])</onclick>
                        <onclick>Skin.SetString(ItemToEdit.Type,7)</onclick>
                        <onclick>Dialog.Close(1144)</onclick>
                        <onclick>Skin.SetString(ItemToEdit.Path,Suspend)</onclick>
                    </item>
                    <item>
                        <label>13010</label>
                        <onclick>Skin.SetString(ItemToEdit.Label,$LOCALIZE[13010])</onclick>
                        <onclick>Skin.SetString(ItemToEdit.Type,7)</onclick>
                        <onclick>Dialog.Close(1144)</onclick>
                        <onclick>Skin.SetString(ItemToEdit.Path,Hibernate)</onclick>
                    </item>
                    <item>
                        <label>13005</label>
                        <onclick>Skin.SetString(ItemToEdit.Label,$LOCALIZE[13005])</onclick>
                        <onclick>Skin.SetString(ItemToEdit.Type,7)</onclick>
                        <onclick>Dialog.Close(1144)</onclick>
                        <onclick>Skin.SetString(ItemToEdit.Path,Shutdown())</onclick>
                    </item>
                    <item>
                        <label>31840</label>
                        <onclick>Skin.SetString(ItemToEdit.Type,7)</onclick>
                        <onclick>Skin.SetString(ItemToEdit.Label,$LOCALIZE[31840])</onclick>
                        <onclick>Dialog.Close(1144)</onclick>
                        <onclick>Skin.SetString(ItemToEdit.Path,RunScript(script.randommovie, filtergenre=True))</onclick>
                        <visibe>System.HasAddon(script.randommovie)</visibe>
                    </item>
                    <item>
                        <label>31841</label>
                        <onclick>Skin.SetString(ItemToEdit.Type,7)</onclick>
                        <onclick>Skin.SetString(ItemToEdit.Label,$LOCALIZE[31841])</onclick>
                        <onclick>Dialog.Close(1144)</onclick>
                        <onclick>Skin.SetString(ItemToEdit.Path,RunScript(script.randommovie))</onclick>
                        <visibe>System.HasAddon(script.randommovie)</visibe>
                    </item>
                    <item>
                        <label>31842</label>
                        <onclick>Skin.SetString(ItemToEdit.Type,7)</onclick>
                        <onclick>Skin.SetString(ItemToEdit.Label,$LOCALIZE[31842])</onclick>
                        <onclick>Dialog.Close(1144)</onclick>
                        <onclick>Skin.SetString(ItemToEdit.Path,RunScript(script.cinema.experience,movietitles))</onclick>
                        <visible>system.hasaddon(script.cinema.experience)</visible>
                    </item>
                    <item>
                        <label>31843</label>
                        <onclick>Skin.SetString(ItemToEdit.Label,$LOCALIZE[31843])</onclick>
                        <onclick>Skin.SetString(ItemToEdit.Type,7)</onclick>
                        <onclick>Dialog.Close(1144)</onclick>
                        <onclick>Skin.SetString(ItemToEdit.Path,CleanLibrary(music))</onclick>
                    </item>
                    <item>
                        <label>31844</label>
                        <onclick>Skin.SetString(ItemToEdit.Type,7)</onclick>
                        <onclick>Skin.SetString(ItemToEdit.Label,$LOCALIZE[31844])</onclick>
                        <onclick>Dialog.Close(1144)</onclick>
                        <onclick>Skin.SetString(ItemToEdit.Path,CleanLibrary(video))</onclick>
                    </item>
                    <item>
                        <label>31865</label>
                        <onclick>Notification($LOCALIZE[31902],$LOCALIZE[31868])</onclick>
                        <onclick>Skin.SetString(ItemToEdit.Type,7)</onclick>
                        <onclick>Skin.SetString(ItemToEdit.TempPath)</onclick>
                        <onclick>Skin.SetString(ItemToEdit.Path,WakeOnLan($INFO[Skin.String(ItemToEdit.TempPath)]))</onclick>
                        <onclick>Dialog.Close(1144)</onclick>
                    </item>
                    <item>
                        <label>31323</label>
                        <onclick>Skin.SetString(ItemToEdit.Type,7)</onclick>
                        <onclick>Skin.SetString(ItemToEdit.Label,$LOCALIZE[31323])</onclick>
                        <onclick>Dialog.Close(1144)</onclick>
                        <onclick>Skin.SetString(ItemToEdit.Path,ActivateWindow(Videos,RecentlyAddedMovies,return))</onclick>
                        <visible>Library.HasContent(movies)</visible>
                    </item>
                    <item>
                        <label>31324</label>
                        <onclick>Skin.SetString(ItemToEdit.Type,7)</onclick>
                        <onclick>Skin.SetString(ItemToEdit.Label,$LOCALIZE[31324])</onclick>
                        <onclick>Dialog.Close(1144)</onclick>
                        <onclick>Skin.SetString(ItemToEdit.Path,ActivateWindow(Videos,RecentlyAddedEpisodes,return))</onclick>
                        <visible>Library.HasContent(tvshows)</visible>
                    </item>
                    <item>
                        <label>31081</label>
                        <onclick>Skin.SetString(ItemToEdit.Type,7)</onclick>
                        <onclick>Skin.SetString(ItemToEdit.Label,$LOCALIZE[31081])</onclick>
                        <onclick>Dialog.Close(1144)</onclick>
                        <onclick>Skin.SetString(ItemToEdit.Path,ActivateWindow(Videos,RecentlyAddedMusicVideos,return))</onclick>
                        <visible>Library.HasContent(musicvideos)</visible>
                    </item>
                    <item>
                        <label>517</label>
                        <onclick>Skin.SetString(ItemToEdit.Type,7)</onclick>
                        <onclick>Skin.SetString(ItemToEdit.Label,$LOCALIZE[517])</onclick>
                        <onclick>Dialog.Close(1144)</onclick>
                        <onclick>Skin.SetString(ItemToEdit.Path,ActivateWindow(musiclibrary,RecentlyPlayedAlbums,return))</onclick>
                        <visible>Library.HasContent(music)</visible>
                    </item>
                    <item>
                        <label>1037</label>
                        <onclick>Skin.SetString(ItemToEdit.Type,7)</onclick>
                        <onclick>Skin.SetString(ItemToEdit.Label,$LOCALIZE[1037])</onclick>
                        <onclick>Dialog.Close(1144)</onclick>
                        <onclick>Skin.SetString(ItemToEdit.Path,ActivateWindow(Videos,Addons,return))</onclick>
                    </item>
                    <item>
                        <label>1038</label>
                        <onclick>Skin.SetString(ItemToEdit.Type,7)</onclick>
                        <onclick>Skin.SetString(ItemToEdit.Label,$LOCALIZE[1038])</onclick>
                        <onclick>Dialog.Close(1144)</onclick>
                        <onclick condition="Library.HasContent(Music)">ActivateWindow(MusicLibrary,Addons,return)</onclick>
                        <onclick condition="!Library.HasContent(Music)">ActivateWindow(MusicFiles,Addons,return)</onclick>
                    </item>
                    <item>
                        <label>1039</label>
                        <onclick>Skin.SetString(ItemToEdit.Type,7)</onclick>
                        <onclick>Skin.SetString(ItemToEdit.Label,$LOCALIZE[1039])</onclick>
                        <onclick>Dialog.Close(1144)</onclick>
                        <onclick>Skin.SetString(ItemToEdit.Path,ActivateWindow(Pictures,Addons,return))</onclick>
                    </item>
                    <item>
                        <label>1043</label>
                        <onclick>Skin.SetString(ItemToEdit.Type,7)</onclick>
                        <onclick>Skin.SetString(ItemToEdit.Label,$LOCALIZE[1043])</onclick>
                        <onclick>Dialog.Close(1144)</onclick>
                        <onclick>Skin.SetString(ItemToEdit.Path,ActivateWindow(Programs,Addons,return))</onclick>
                    </item>
                    <item>
                        <label>10040</label>
                        <onclick>Skin.SetString(ItemToEdit.Type,7)</onclick>
                        <onclick>Skin.SetString(ItemToEdit.Label,$LOCALIZE[10040])</onclick>
                        <onclick>Dialog.Close(1144)</onclick>
                        <onclick>Skin.SetString(ItemToEdit.Path,ActivateWindow(Addonbrowser))</onclick>
                    </item>
                    <item>
                        <label>$LOCALIZE[744] ($LOCALIZE[10006])</label>
                        <onclick>Skin.SetString(ItemToEdit.Type,7)</onclick>
                        <onclick>Skin.SetString(ItemToEdit.Label,$LOCALIZE[744] ($LOCALIZE[10006]))</onclick>
                        <onclick>Dialog.Close(1144)</onclick>
                        <onclick>Skin.SetString(ItemToEdit.Path,ActivateWindow(Videos,Files,return))</onclick>
                    </item>
                </content>
            </control>
        </control>
    </controls>
</window>