<?xml version="1.0" encoding="utf-8"?>
<window id="1146" type="dialog">
    <defaultcontrol>5400</defaultcontrol>
    <onunload>ClearProperty(CustomYesNoDialog,1124)</onunload>
    <onunload>ClearProperty(WidgetType,1124)</onunload>
    <onunload>Skin.SetString(ItemToEdit.$INFO[Window(1124).Property(WidgetSelection)]Title)</onunload>
    <onload>Dialog.Close(1133)</onload>
    
    <coordinates>
        <left>0</left>
        <top>0</top>
        <system>1</system>
    </coordinates>
    <include>Animation_DialogPopup</include>
    <controls>
        <control type="label" id="12112">
            <label>$INFO[Window(1124).Property(CustomYesNoDialog)]$INFO[Window(1124).Property(WidgetType)]$INFO[Window(1124).Property(Transparency)] </label>
            <animation effect="fade" start="100" end="0" time="0" condition="true">conditional</animation>
        </control>
        <control type="group">
            <left>570</left>
            <top>37</top>
            <control type="group">
                <animation effect="zoom" end="100,130" center="960,0" time="0" condition="SubString(Window(1124).Property(CustomYesNoDialog),movie) | SubString(Window(1124).Property(CustomYesNoDialog),tv)">Conditional</animation>
                <control type="image">
                    <width>780</width>
                    <height>330</height>
                    <texture>dialogs/dialog_back_shadow.png</texture>
                    <colordiffuse>$VAR[ColorDiffuseVar]</colordiffuse>
                    <visible>!Skin.HasSetting(DisableGlowbar)</visible>
                    <include>PanelGlowFade</include>
                </control>
                <control type="image">
                    <width>780</width>
                    <height>330</height>
                    <texture>dialogs/dialog_back.png</texture>
                    <colordiffuse>$VAR[DialogColorVar]</colordiffuse>
                </control>
            </control>
            <control type="image">
                <left>15</left>
                <width>750</width>
                <height>60</height>
                <texture border="1">osd/osd_settings_buttonnf.png</texture>
            </control>
            <control type="label" id="4">
                <top>88</top>
                <width>780</width>
                <height>45</height>
                <align>center</align>
                <label>$LOCALIZE[31063]</label>
                <textcolor>white3</textcolor>
                <scroll>true</scroll>
            </control>
            <control type="grouplist" id="5400">
                <top>210</top>
                <width>740</width>
                <height>200</height>
                <align>center</align>
                <onleft>5400</onleft>
                <onright>5400</onright>
                <ondown>5401</ondown>
                <onup>5401</onup>
                <orientation>horizontal</orientation>
                <control type="button" id="11">
                    <width>175</width>
                    <height>45</height>
                    <textoffsetx>15</textoffsetx>
                    <align>center</align>
                    <label>31684</label>
                    <textcolor>grey2</textcolor>
                    <colordiffuse>$VAR[ColorDiffuseVar]</colordiffuse>
                    <focusedcolor>white3</focusedcolor>
                    <onfocus>SetProperty(Transparency,glass,1124)</onfocus>
                    <onfocus>Skin.SetString(ItemToEdit.$INFO[Window(1124).Property(WidgetSelection)],$INFO[Control.GetLabel(12112)])</onfocus>
                    <onclick>Dialog.Close(1146)</onclick>
                </control>
                <control type="button" id="12">
                    <width>175</width>
                    <height>45</height>
                    <textoffsetx>15</textoffsetx>
                    <align>center</align>
                    <label>31685</label>
                    <textcolor>grey2</textcolor>
                    <colordiffuse>$VAR[ColorDiffuseVar]</colordiffuse>
                    <focusedcolor>white3</focusedcolor>
                    <onfocus>SetProperty(Transparency,default,1124)</onfocus>
                    <onfocus>Skin.SetString(ItemToEdit.$INFO[Window(1124).Property(WidgetSelection)],$INFO[Control.GetLabel(12112)])</onfocus>
                    <onclick>Dialog.Close(1146)</onclick>
                </control>
                <control type="button" id="13">
                    <width>175</width>
                    <height>45</height>
                    <textoffsetx>15</textoffsetx>
                    <align>center</align>
                    <label>16018</label>
                    <textcolor>grey2</textcolor>
                    <colordiffuse>$VAR[ColorDiffuseVar]</colordiffuse>
                    <focusedcolor>white3</focusedcolor>
                    <onfocus>ClearProperty(Transparency,1124)</onfocus>
                    <onfocus>Skin.SetString(ItemToEdit.$INFO[Window(1124).Property(WidgetSelection)],$INFO[Control.GetLabel(12112)])</onfocus>
                    <onclick>Dialog.Close(1146)</onclick>
                </control>
            </control>
        </control>
    </controls>
</window>