<?xml version="1.0" encoding="utf-8"?>
<window type="dialog" id="1148">
    <defaultcontrol always="true">4</defaultcontrol>
    <controls>
        <control type="group">
            <top>-50</top>
            <include>Animation_DialogPopup</include>
            <!--<visible>!Window.IsActive(1160) + !Window.IsActive(1137)</visible>-->
            <control type="image">
                <left>160</left>
                <top>100</top>
                <width>1600</width>
                <height>1000</height>
                <texture>osd/osd_settings_back_glow.png</texture>
                <colordiffuse>$VAR[ColorDiffuseVar]</colordiffuse>
                <visible>!Skin.HasSetting(DisableGlowbar)</visible>
                <include>PanelGlowFade</include>
            </control>
            <control type="image">
                <left>160</left>
                <top>100</top>
                <width>1600</width>
                <height>1000</height>
                <texture>osd/osd_settings_back.png</texture>
                <colordiffuse>$VAR[DialogColorVar]</colordiffuse>
            </control>
            <control type="label">
                <left>630</left>
                <top>145</top>
                <width>572</width>
                <height>60</height>
                <textoffsety>10</textoffsety>
                <align>center</align>
                <label>$LOCALIZE[31715]</label>
                <font>Font_Bold34</font>
                <textcolor>$VAR[TitleColorVar]</textcolor>
            </control>
            <control type="label">
                <left>630</left>
                <top>600</top>
                <width>572</width>
                <height>60</height>
                <textoffsety>10</textoffsety>
                <align>center</align>
                <label>31167</label>
                <font>Font_Bold17</font>
                <textcolor>$VAR[TitleColorVar]</textcolor>
            </control>
            <control type="grouplist" id="4">
                <left>185</left>
                <top>240</top>
                <width>272</width>
                <height>900</height>
                <aligny>center</aligny>
                <scrolltime>0</scrolltime>
                <orientation>vertical</orientation>
                <control type="button" id="7">
                    <label>$LOCALIZE[31623] 1</label>
                    <include>Objects_CustomizerSettingsButton</include>
                    <onclick>SetProperty(PlaylistSlot,SmartPlaylist1,home)</onclick>
                    <onclick>ActivateWindow(1149)</onclick>
                </control>
                <control type="button" id="8">
                    <label>$LOCALIZE[31623] 2</label>
                    <include>Objects_CustomizerSettingsButton</include>
                    <onclick>SetProperty(PlaylistSlot,SmartPlaylist2,home)</onclick>
                    <onclick>ActivateWindow(1149)</onclick>
                </control>
                <control type="button" id="9">
                    <label>$LOCALIZE[31623] 3</label>
                    <include>Objects_CustomizerSettingsButton</include>
                    <onclick>SetProperty(PlaylistSlot,SmartPlaylist3,home)</onclick>
                    <onclick>ActivateWindow(1149)</onclick>
                </control>
                <control type="button" id="10">
                    <label>$LOCALIZE[31623] 4</label>
                    <include>Objects_CustomizerSettingsButton</include>
                    <onclick>SetProperty(PlaylistSlot,SmartPlaylist4,home)</onclick>
                    <onclick>ActivateWindow(1149)</onclick>
                </control>
                <control type="button" id="11">
                    <label>$LOCALIZE[31623] 5</label>
                    <include>Objects_CustomizerSettingsButton</include>
                    <onclick>SetProperty(PlaylistSlot,SmartPlaylist5,home)</onclick>
                    <onclick>ActivateWindow(1149)</onclick>
                </control>
                <control type="button" id="12">
                    <label>$LOCALIZE[31623] 6</label>
                    <include>Objects_CustomizerSettingsButton</include>
                    <onclick>SetProperty(PlaylistSlot,SmartPlaylist6,home)</onclick>
                    <onclick>ActivateWindow(1149)</onclick>
                </control>
                <control type="label" id="134">
                    <label></label>
                    <include>Objects_CustomizerSettingsButton</include>
                </control>
                <control type="button" id="13">
                    <label>$LOCALIZE[31623] 1</label>
                    <include>Objects_CustomizerSettingsButton</include>
                    <onclick>SetProperty(PlaylistSlot,SmartPlaylist7,home)</onclick>
                    <onclick>ActivateWindow(1149)</onclick>
                </control>
                <control type="button" id="14">
                    <label>$LOCALIZE[31623] 2</label>
                    <include>Objects_CustomizerSettingsButton</include>
                    <onclick>SetProperty(PlaylistSlot,SmartPlaylist8,home)</onclick>
                    <onclick>ActivateWindow(1149)</onclick>
                </control>
                <control type="button" id="15">
                    <label>$LOCALIZE[31623] 3</label>
                    <include>Objects_CustomizerSettingsButton</include>
                    <onclick>SetProperty(PlaylistSlot,SmartPlaylist9,home)</onclick>
                    <onclick>ActivateWindow(1149)</onclick>
                </control>
                <control type="button" id="16">
                    <label>$LOCALIZE[31623] 4</label>
                    <include>Objects_CustomizerSettingsButton</include>
                    <onclick>SetProperty(PlaylistSlot,SmartPlaylist10,home)</onclick>
                    <onclick>ActivateWindow(1149)</onclick>
                </control>
                <control type="button" id="17">
                    <label>$LOCALIZE[31623] 5</label>
                    <include>Objects_CustomizerSettingsButton</include>
                    <onclick>SetProperty(PlaylistSlot,SmartPlaylist11,home)</onclick>
                    <onclick>ActivateWindow(1149)</onclick>
                </control>
                <control type="button" id="18">
                    <label>$LOCALIZE[31623] 6</label>
                    <include>Objects_CustomizerSettingsButton</include>
                    <onclick>SetProperty(PlaylistSlot,SmartPlaylist12,home)</onclick>
                    <onclick>ActivateWindow(1149)</onclick>
                </control>
            </control>
            <control type="grouplist" id="20">
                <left>457</left>
                <top>240</top>
                <width>1172</width>
                <height>900</height>
                <aligny>center</aligny>
                <onleft>4</onleft>
				<onright>220</onright>
                <scrolltime>0</scrolltime>
                <orientation>vertical</orientation>
                <control type="button" id="21">
                    <label>$LOCALIZE[31622]:</label>
                    <label2>[COLOR white]$INFO[Skin.String(SmartPlaylist1.Label)][/COLOR]</label2>
                    <include>Default_PlaylistDialogButton</include>
                    <colordiffuse>$VAR[ColorDiffuseVar]</colordiffuse>
                    <onclick>Skin.SetString(SmartPlaylist1.Label)</onclick>
                </control>
                <control type="button" id="22">
                    <label>$LOCALIZE[31622]:</label>
                    <label2>[COLOR white]$INFO[Skin.String(SmartPlaylist2.Label)][/COLOR]</label2>
                    <include>Default_PlaylistDialogButton</include>
                    <onclick>Skin.SetString(SmartPlaylist2.Label)</onclick>
                    <colordiffuse>$VAR[ColorDiffuseVar]</colordiffuse>
                </control>
                <control type="button" id="23">
                    <label>$LOCALIZE[31622]:</label>
                    <label2>[COLOR white]$INFO[Skin.String(SmartPlaylist3.Label)][/COLOR]</label2>
                    <include>Default_PlaylistDialogButton</include>
                    <onclick>Skin.SetString(SmartPlaylist3.Label)</onclick>
                    <colordiffuse>$VAR[ColorDiffuseVar]</colordiffuse>
                </control>
                <control type="button" id="24">
                    <label>$LOCALIZE[31622]:</label>
                    <label2>[COLOR white]$INFO[Skin.String(SmartPlaylist4.Label)][/COLOR]</label2>
                    <include>Default_PlaylistDialogButton</include>
                    <colordiffuse>$VAR[ColorDiffuseVar]</colordiffuse>
                    <onclick>Skin.SetString(SmartPlaylist4.Label)</onclick>
                </control>
                <control type="button" id="25">
                    <label>$LOCALIZE[31622]:</label>
                    <label2>[COLOR white]$INFO[Skin.String(SmartPlaylist5.Label)][/COLOR]</label2>
                    <include>Default_PlaylistDialogButton</include>
                    <onclick>Skin.SetString(SmartPlaylist5.Label)</onclick>
                    <colordiffuse>$VAR[ColorDiffuseVar]</colordiffuse>
                </control>
                <control type="button" id="26">
                    <label>$LOCALIZE[31622]:</label>
                    <label2>[COLOR white]$INFO[Skin.String(SmartPlaylist6.Label)][/COLOR]</label2>
                    <include>Default_PlaylistDialogButton</include>
                    <onclick>Skin.SetString(SmartPlaylist6.Label)</onclick>
                    <colordiffuse>$VAR[ColorDiffuseVar]</colordiffuse>
                </control>
                <control type="label" id="135">
                    <label></label>
                    <include>Objects_CustomizerSettingsButton</include>
                </control>
                <control type="button" id="27">
                    <label>$LOCALIZE[31622]:</label>
                    <label2>[COLOR white]$INFO[Skin.String(SmartPlaylist7.Label)][/COLOR]</label2>
                    <include>Default_PlaylistDialogButton</include>
                    <colordiffuse>$VAR[ColorDiffuseVar]</colordiffuse>
                    <onclick>Skin.SetString(SmartPlaylist7.Label)</onclick>
                </control>
                <control type="button" id="28">
                    <label>$LOCALIZE[31622]:</label>
                    <label2>[COLOR white]$INFO[Skin.String(SmartPlaylist8.Label)][/COLOR]</label2>
                    <include>Default_PlaylistDialogButton</include>
                    <onclick>Skin.SetString(SmartPlaylist8.Label)</onclick>
                    <colordiffuse>$VAR[ColorDiffuseVar]</colordiffuse>
                </control>
                <control type="button" id="29">
                    <label>$LOCALIZE[31622]:</label>
                    <label2>[COLOR white]$INFO[Skin.String(SmartPlaylist9.Label)][/COLOR]</label2>
                    <include>Default_PlaylistDialogButton</include>
                    <onclick>Skin.SetString(SmartPlaylist9.Label)</onclick>
                    <colordiffuse>$VAR[ColorDiffuseVar]</colordiffuse>
                </control>
                <control type="button" id="30">
                    <label>$LOCALIZE[31622]:</label>
                    <label2>[COLOR white]$INFO[Skin.String(SmartPlaylist10.Label)][/COLOR]</label2>
                    <include>Default_PlaylistDialogButton</include>
                    <colordiffuse>$VAR[ColorDiffuseVar]</colordiffuse>
                    <onclick>Skin.SetString(SmartPlaylist10.Label)</onclick>
                </control>
                <control type="button" id="31">
                    <label>$LOCALIZE[31622]:</label>
                    <label2>[COLOR white]$INFO[Skin.String(SmartPlaylist11.Label)][/COLOR]</label2>
                    <include>Default_PlaylistDialogButton</include>
                    <onclick>Skin.SetString(SmartPlaylist11.Label)</onclick>
                    <colordiffuse>$VAR[ColorDiffuseVar]</colordiffuse>
                </control>
                <control type="button" id="32">
                    <label>$LOCALIZE[31622]:</label>
                    <label2>[COLOR white]$INFO[Skin.String(SmartPlaylist12.Label)][/COLOR]</label2>
                    <include>Default_PlaylistDialogButton</include>
                    <onclick>Skin.SetString(SmartPlaylist12.Label)</onclick>
                    <colordiffuse>$VAR[ColorDiffuseVar]</colordiffuse>
                </control>
            </control>
            <control type="grouplist" id="220">
                <left>792</left>
                <top>240</top>
                <width>1172</width>
                <height>900</height>
                <aligny>center</aligny>
                <onleft>20</onleft>
				<onright>720</onright>
                <scrolltime>0</scrolltime>
                <orientation>vertical</orientation>
                <control type="button" id="41">
                    <label>$LOCALIZE[31008]:</label>
                    <label2>[COLOR white]$INFO[Skin.String(SmartPlaylist1.Type)][/COLOR]</label2>
                    <include>Default_PlaylistDialogButton</include>
                    <colordiffuse>$VAR[ColorDiffuseVar]</colordiffuse>
                    <onclick>SetProperty(Playlist,SmartPlaylist1,1124)</onclick>
                    <onclick>SetProperty(PlaylistPath,$INFO[Skin.String(SmartPlaylist1.Path)],1124)</onclick>
                    <onclick>ActivateWindow(1149)</onclick>
                </control>
                <control type="button" id="42">
                    <label>$LOCALIZE[31008]:</label>
                    <label2>[COLOR white]$INFO[Skin.String(SmartPlaylist2.Type)][/COLOR]</label2>
                    <include>Default_PlaylistDialogButton</include>
                    <onclick>SetProperty(Playlist,SmartPlaylist2,1124)</onclick>
                    <onclick>SetProperty(PlaylistPath,$INFO[Skin.String(SmartPlaylist2.Path)],1124)</onclick>
                    <onclick>ActivateWindow(1149)</onclick>
                    <colordiffuse>$VAR[ColorDiffuseVar]</colordiffuse>
                </control>
                <control type="button" id="43">
                    <label>$LOCALIZE[31008]:</label>
                    <label2>[COLOR white]$INFO[Skin.String(SmartPlaylist3.Type)][/COLOR]</label2>
                    <include>Default_PlaylistDialogButton</include>
                    <onclick>SetProperty(Playlist,SmartPlaylist3,1124)</onclick>
                    <onclick>SetProperty(PlaylistPath,$INFO[Skin.String(SmartPlaylist3.Path)],1124)</onclick>
                    <onclick>ActivateWindow(1149)</onclick>
                    <colordiffuse>$VAR[ColorDiffuseVar]</colordiffuse>
                </control>
                <control type="button" id="44">
                    <label>$LOCALIZE[31008]:</label>
                    <label2>[COLOR white]$INFO[Skin.String(SmartPlaylist4.Type)][/COLOR]</label2>
                    <include>Default_PlaylistDialogButton</include>
                    <colordiffuse>$VAR[ColorDiffuseVar]</colordiffuse>
                    <onclick>SetProperty(Playlist,SmartPlaylist4,1124)</onclick>
                    <onclick>SetProperty(PlaylistPath,$INFO[Skin.String(SmartPlaylist4.Path)],1124)</onclick>
                    <onclick>ActivateWindow(1149)</onclick>
                </control>
                <control type="button" id="45">
                    <label>$LOCALIZE[31008]:</label>
                    <label2>[COLOR white]$INFO[Skin.String(SmartPlaylist5.Type)][/COLOR]</label2>
                    <include>Default_PlaylistDialogButton</include>
                    <onclick>SetProperty(Playlist,SmartPlaylist5,1124)</onclick>
                    <onclick>SetProperty(PlaylistPath,$INFO[Skin.String(SmartPlaylist5.Path)],1124)</onclick>
                    <onclick>ActivateWindow(1149)</onclick>
                    <colordiffuse>$VAR[ColorDiffuseVar]</colordiffuse>
                </control>
                <control type="button" id="46">
                    <label>$LOCALIZE[31008]:</label>
                    <label2>[COLOR white]$INFO[Skin.String(SmartPlaylist6.Type)][/COLOR]</label2>
                    <include>Default_PlaylistDialogButton</include>
                    <onclick>SetProperty(PlaylistPath,$INFO[Skin.String(SmartPlaylist6.Path)],1124)</onclick>
                    <onclick>SetProperty(Playlist,SmartPlaylist6,1124)</onclick>
                    <onclick>ActivateWindow(1149)</onclick>
                    <colordiffuse>$VAR[ColorDiffuseVar]</colordiffuse>
                </control>
                <control type="label" id="135">
                    <label></label>
                    <include>Default_PlaylistDialogButton</include>
                </control>
                <control type="button" id="51">
                    <label>$LOCALIZE[31008]:</label>
                    <label2>[COLOR white]$INFO[Skin.String(SmartPlaylist7.Type)][/COLOR]</label2>
                    <include>Default_PlaylistDialogButton</include>
                    <colordiffuse>$VAR[ColorDiffuseVar]</colordiffuse>
                    <onclick>SetProperty(Playlist,SmartPlaylist7,1124)</onclick>
                    <onclick>SetProperty(PlaylistPath,$INFO[Skin.String(SmartPlaylist7.Path)],1124)</onclick>
                    <onclick>ActivateWindow(1149)</onclick>
                </control>
                <control type="button" id="52">
                    <label>$LOCALIZE[31008]:</label>
                    <label2>[COLOR white]$INFO[Skin.String(SmartPlaylist8.Type)][/COLOR]</label2>
                    <include>Default_PlaylistDialogButton</include>
                    <onclick>SetProperty(Playlist,SmartPlaylist8,1124)</onclick>
                    <onclick>SetProperty(PlaylistPath,$INFO[Skin.String(SmartPlaylist8.Path)],1124)</onclick>
                    <onclick>ActivateWindow(1149)</onclick>
                    <colordiffuse>$VAR[ColorDiffuseVar]</colordiffuse>
                </control>
                <control type="button" id="53">
                    <label>$LOCALIZE[31008]:</label>
                    <label2>[COLOR white]$INFO[Skin.String(SmartPlaylist9.Type)][/COLOR]</label2>
                    <include>Default_PlaylistDialogButton</include>
                    <onclick>SetProperty(Playlist,SmartPlaylist9,1124)</onclick>
                    <onclick>SetProperty(PlaylistPath,$INFO[Skin.String(SmartPlaylist9.Path)],1124)</onclick>
                    <onclick>ActivateWindow(1149)</onclick>
                    <colordiffuse>$VAR[ColorDiffuseVar]</colordiffuse>
                </control>
                <control type="button" id="54">
                    <label>$LOCALIZE[31008]:</label>
                    <label2>[COLOR white]$INFO[Skin.String(SmartPlaylist10.Type)][/COLOR]</label2>
                    <include>Default_PlaylistDialogButton</include>
                    <colordiffuse>$VAR[ColorDiffuseVar]</colordiffuse>
                    <onclick>SetProperty(Playlist,SmartPlaylist10,1124)</onclick>
                    <onclick>SetProperty(PlaylistPath,$INFO[Skin.String(SmartPlaylist10.Path)],1124)</onclick>
                    <onclick>ActivateWindow(1149)</onclick>
                </control>
                <control type="button" id="55">
                    <label>$LOCALIZE[31008]:</label>
                    <label2>[COLOR white]$INFO[Skin.String(SmartPlaylist11.Type)][/COLOR]</label2>
                    <include>Default_PlaylistDialogButton</include>
                    <onclick>SetProperty(Playlist,SmartPlaylist11,1124)</onclick>
                    <onclick>SetProperty(PlaylistPath,$INFO[Skin.String(SmartPlaylist11.Path)],1124)</onclick>
                    <onclick>ActivateWindow(1149)</onclick>
                    <colordiffuse>$VAR[ColorDiffuseVar]</colordiffuse>
                </control>
                <control type="button" id="56">
                    <label>$LOCALIZE[31008]:</label>
                    <label2>[COLOR white]$INFO[Skin.String(SmartPlaylist12.Type)][/COLOR]</label2>
                    <include>Default_PlaylistDialogButton</include>
                    <onclick>SetProperty(PlaylistPath,$INFO[Skin.String(SmartPlaylist12.Path)],1124)</onclick>
                    <onclick>SetProperty(Playlist,SmartPlaylist12,1124)</onclick>
                    <onclick>ActivateWindow(1149)</onclick>
                    <colordiffuse>$VAR[ColorDiffuseVar]</colordiffuse>
                </control>
            </control>
            <control type="grouplist" id="720">
                <left>1127</left>
                <top>240</top>
                <width>1172</width>
                <height>900</height>
                <aligny>center</aligny>
                <onleft>220</onleft>
				<onright>4</onright>
                <scrolltime>0</scrolltime>
                <orientation>vertical</orientation>
                <control type="button" id="721">
                    <label>15311</label>
                    <label2>[COLOR white]$INFO[Skin.String(SmartPlaylist1.Path)][/COLOR]</label2>
                    <include>Objects_CustomizerInfoButton</include>
                    <colordiffuse>$VAR[ColorDiffuseVar]</colordiffuse>
                    <onclick>SetProperty(Playlist,SmartPlaylist1,1124)</onclick>
                    <onclick>SetProperty(PlaylistPath,$INFO[Skin.String(SmartPlaylist1.Path)],1124)</onclick>
                    <onclick>ActivateWindow(1149)</onclick>
                </control>
                <control type="button" id="722">
                    <label>15311</label>
                    <label2>[COLOR white]$INFO[Skin.String(SmartPlaylist2.Path)][/COLOR]</label2>
                    <include>Objects_CustomizerInfoButton</include>
                    <onclick>SetProperty(Playlist,SmartPlaylist2,1124)</onclick>
                    <onclick>SetProperty(PlaylistPath,$INFO[Skin.String(SmartPlaylist2.Path)],1124)</onclick>
                    <onclick>ActivateWindow(1149)</onclick>
                    <colordiffuse>$VAR[ColorDiffuseVar]</colordiffuse>
                </control>
                <control type="button" id="723">
                    <label>15311</label>
                    <label2>[COLOR white]$INFO[Skin.String(SmartPlaylist3.Path)][/COLOR]</label2>
                    <include>Objects_CustomizerInfoButton</include>
                    <onclick>SetProperty(Playlist,SmartPlaylist3,1124)</onclick>
                    <onclick>SetProperty(PlaylistPath,$INFO[Skin.String(SmartPlaylist3.Path)],1124)</onclick>
                    <onclick>ActivateWindow(1149)</onclick>
                    <colordiffuse>$VAR[ColorDiffuseVar]</colordiffuse>
                </control>
                <control type="button" id="724">
                    <label>15311</label>
                    <label2>[COLOR white]$INFO[Skin.String(SmartPlaylist4.Path)][/COLOR]</label2>
                    <include>Objects_CustomizerInfoButton</include>
                    <colordiffuse>$VAR[ColorDiffuseVar]</colordiffuse>
                    <onclick>SetProperty(Playlist,SmartPlaylist4,1124)</onclick>
                    <onclick>SetProperty(PlaylistPath,$INFO[Skin.String(SmartPlaylist4.Path)],1124)</onclick>
                    <onclick>ActivateWindow(1149)</onclick>
                </control>
                <control type="button" id="725">
                    <label>15311</label>
                    <label2>[COLOR white]$INFO[Skin.String(SmartPlaylist5.Path)][/COLOR]</label2>
                    <include>Objects_CustomizerInfoButton</include>
                    <onclick>SetProperty(Playlist,SmartPlaylist5,1124)</onclick>
                    <onclick>SetProperty(PlaylistPath,$INFO[Skin.String(SmartPlaylist5.Path)],1124)</onclick>
                    <onclick>ActivateWindow(1149)</onclick>
                    <colordiffuse>$VAR[ColorDiffuseVar]</colordiffuse>
                </control>
                <control type="button" id="726">
                    <label>15311</label>
                    <label2>[COLOR white]$INFO[Skin.String(SmartPlaylist6.Path)][/COLOR]</label2>
                    <include>Objects_CustomizerInfoButton</include>
                    <onclick>SetProperty(PlaylistPath,$INFO[Skin.String(SmartPlaylist6.Path)],1124)</onclick>
                    <onclick>SetProperty(Playlist,SmartPlaylist6,1124)</onclick>
                    <onclick>ActivateWindow(1149)</onclick>
                    <colordiffuse>$VAR[ColorDiffuseVar]</colordiffuse>
                </control>
                <control type="label" id="135">
                    <label></label>
                    <include>Objects_CustomizerSettingsButton</include>
                </control>
                <control type="button" id="731">
                    <label>15311</label>
                    <label2>[COLOR white]$INFO[Skin.String(SmartPlaylist7.Path)][/COLOR]</label2>
                    <include>Objects_CustomizerInfoButton</include>
                    <colordiffuse>$VAR[ColorDiffuseVar]</colordiffuse>
                    <onclick>SetProperty(Playlist,SmartPlaylist7,1124)</onclick>
                    <onclick>SetProperty(PlaylistPath,$INFO[Skin.String(SmartPlaylist7.Path)],1124)</onclick>
                    <onclick>ActivateWindow(1149)</onclick>
                </control>
                <control type="button" id="732">
                    <label>15311</label>
                    <label2>[COLOR white]$INFO[Skin.String(SmartPlaylist8.Path)][/COLOR]</label2>
                    <include>Objects_CustomizerInfoButton</include>
                    <onclick>SetProperty(Playlist,SmartPlaylist8,1124)</onclick>
                    <onclick>SetProperty(PlaylistPath,$INFO[Skin.String(SmartPlaylist8.Path)],1124)</onclick>
                    <onclick>ActivateWindow(1149)</onclick>
                    <colordiffuse>$VAR[ColorDiffuseVar]</colordiffuse>
                </control>
                <control type="button" id="733">
                    <label>15311</label>
                    <label2>[COLOR white]$INFO[Skin.String(SmartPlaylist9.Path)][/COLOR]</label2>
                    <include>Objects_CustomizerInfoButton</include>
                    <onclick>SetProperty(Playlist,SmartPlaylist9,1124)</onclick>
                    <onclick>SetProperty(PlaylistPath,$INFO[Skin.String(SmartPlaylist9.Path)],1124)</onclick>
                    <onclick>ActivateWindow(1149)</onclick>
                    <colordiffuse>$VAR[ColorDiffuseVar]</colordiffuse>
                </control>
                <control type="button" id="734">
                    <label>15311</label>
                    <label2>[COLOR white]$INFO[Skin.String(SmartPlaylist10.Path)][/COLOR]</label2>
                    <include>Objects_CustomizerInfoButton</include>
                    <colordiffuse>$VAR[ColorDiffuseVar]</colordiffuse>
                    <onclick>SetProperty(Playlist,SmartPlaylist10,1124)</onclick>
                    <onclick>SetProperty(PlaylistPath,$INFO[Skin.String(SmartPlaylist10.Path)],1124)</onclick>
                    <onclick>ActivateWindow(1149)</onclick>
                </control>
                <control type="button" id="735">
                    <label>15311</label>
                    <label2>[COLOR white]$INFO[Skin.String(SmartPlaylist11.Path)][/COLOR]</label2>
                    <include>Objects_CustomizerInfoButton</include>
                    <onclick>SetProperty(Playlist,SmartPlaylist11,1124)</onclick>
                    <onclick>SetProperty(PlaylistPath,$INFO[Skin.String(SmartPlaylist11.Path)],1124)</onclick>
                    <onclick>ActivateWindow(1149)</onclick>
                    <colordiffuse>$VAR[ColorDiffuseVar]</colordiffuse>
                </control>
                <control type="button" id="736">
                    <label>15311</label>
                    <label2>[COLOR white]$INFO[Skin.String(SmartPlaylist12.Path)][/COLOR]</label2>
                    <include>Objects_CustomizerInfoButton</include>
                    <onclick>SetProperty(PlaylistPath,$INFO[Skin.String(SmartPlaylist12.Path)],1124)</onclick>
                    <onclick>SetProperty(Playlist,SmartPlaylist12,1124)</onclick>
                    <onclick>ActivateWindow(1149)</onclick>
                    <colordiffuse>$VAR[ColorDiffuseVar]</colordiffuse>
                </control>
            </control>
        </control>
    </controls>
</window>