<?xml version="1.0" encoding="utf-8"?>
<window type="dialog" id="1132">
    <defaultcontrol always="true">5019</defaultcontrol>
    <include>Animation_DialogPopup</include>
    <onunload>ClearProperty(SetPanelItem,home)</onunload>
    <controls>
        <control type="label" id="4321">
            <label>Icon1Icon2</label>
            <include>HiddenObject</include>
        </control>
        <control type="label" id="4325">
            <label>Icon1Icon2</label>
            <include>HiddenObject</include>
        </control>
        <control type="button" id="9007">
            <include>HiddenObject</include>
            <onfocus condition="IsEmpty(Window(home).Property(SetPanelItem))">SetFocus(9008)</onfocus>
            <onfocus condition="!IsEmpty(Window(home).Property(SetPanelItem))">Dialog.Close(1132)</onfocus>
        </control>
        <control type="button" id="9008">
            <include>HiddenObject</include>
            <onfocus>Skin.Setstring(ItemToEdit.Label,$ESCINFO[Container(5019).ListItem.Label])</onfocus>
            <onfocus>Skin.Setstring(ItemToEdit.MultiFanart,$ESCINFO[Container(5019).ListItem.Icon])</onfocus>
            <onfocus>Skin.Setstring(ItemToEdit.Disable,$INFO[Container(5019).ListItem.Property(DisableIcon)])</onfocus>
            <onfocus>Skin.Setstring(ItemToEdit.Type,$INFO[Container(5019).ListItem.Property(Type)])</onfocus>
            <onfocus>Skin.Setstring(ItemToEdit.Path,$ESCINFO[Container(5019).ListItem.Property(Path)])</onfocus>
            <onfocus>Skin.Setstring(ItemToEdit.Icon,$ESCINFO[Container(5019).ListItem.Icon])</onfocus>
            <onfocus>ActivateWindow(1135)</onfocus>
            <onfocus>SetFocus(5019)</onfocus>
        </control>
        <control type="image">
            <left>157</left>
            <top>20</top>
            <width>1608</width>
            <height>1065</height>
            <texture>osd/osd_settings_back_glow.png</texture>
            <colordiffuse>$VAR[ColorDiffuseVar]</colordiffuse>
            <visible>!Skin.HasSetting(DisableGlowbar)</visible>
            <include>PanelGlowFade</include>
            <include>Animation_VisibleChange400</include>
        </control>
        <control type="image">
            <left>157</left>
            <top>20</top>
            <width>1608</width>
            <height>1065</height>
            <texture>osd/osd_settings_back.png</texture>
            <colordiffuse>$VAR[DialogColorVar]</colordiffuse>
        </control>
        <control type="grouplist">
            <left>227</left>
            <top>26</top>
            <orientation>vertical</orientation>
            <control type="label">
                <height>250</height>
                <label>$LOCALIZE[31069] 1[CR]($LOCALIZE[31295] 1)</label>
            </control>
            <control type="label">
                <height>250</height>
                <label>$LOCALIZE[31069] 2[CR]($LOCALIZE[31295] 1)</label>
            </control>
            <control type="label">
                <height>250</height>
                <label>$LOCALIZE[31069] 1[CR]($LOCALIZE[31295] 2)</label>
            </control>
            <control type="label">
                <height>250</height>
                <label>$LOCALIZE[31069] 2[CR]($LOCALIZE[31295] 2)</label>
            </control>
        </control>
        <control type="panel" id="5019">
            <left>427</left>
            <top>53</top>
            <width>1250</width>
            <height>1000</height>
            <scrolltime>0</scrolltime>
            <onup>8993</onup>
            <ondown>8993</ondown>
            <orientation>vertical</orientation>
            <itemlayout width="250" height="250">
                <control type="group">
                    <control type="image">
                        <left>5</left>
                        <top>5</top>
                        <width>240</width>
                        <height>240</height>
                        <aspectratio>scale</aspectratio>
                        <texture background="true">DefaultAddon.png</texture>
                        <info>ListItem.Icon</info>
                    </control>
                    <control type="image">
                        <left>5</left>
                        <top>212</top>
                        <width>240</width>
                        <height>33</height>
                        <texture>common/black.png</texture>
                        <colordiffuse>99FFFFFF</colordiffuse>
                    </control>
                    <control type="label">
                        <left>12</left>
                        <top>200</top>
                        <width>240</width>
                        <height>50</height>
                        <textoffsetx>15</textoffsetx>
                        <align>center</align>
                        <label>$INFO[ListItem.Label]</label>
                        <font>Font_Reg28</font>
                        <textcolor>grey2</textcolor>
                    </control>
                    <control type="image">
                        <left>5</left>
                        <top>5</top>
                        <width>240</width>
                        <height>240</height>
                        <texture>common/black.png</texture>
                        <colordiffuse>99FFFFFF</colordiffuse>
                    </control>
                </control>
            </itemlayout>
            <focusedlayout width="250" height="250">
                <control type="group">
                    <control type="image">
                        <left>5</left>
                        <top>5</top>
                        <width>240</width>
                        <height>240</height>
                        <aspectratio>scale</aspectratio>
                        <texture background="true">DefaultAddon.png</texture>
                        <info>ListItem.Icon</info>
                    </control>
                    <control type="image">
                        <left>5</left>
                        <top>212</top>
                        <width>240</width>
                        <height>33</height>
                        <texture>common/black.png</texture>
                        <colordiffuse>99FFFFFF</colordiffuse>
                    </control>
                    <control type="label">
                        <left>12</left>
                        <top>200</top>
                        <width>240</width>
                        <height>50</height>
                        <textoffsetx>15</textoffsetx>
                        <align>center</align>
                        <label>$INFO[ListItem.Label]</label>
                        <font>Font_Reg28</font>
                        <textcolor>$VAR[HomeMenuWidgetTextVar]</textcolor>
                    </control>
                </control>
                <control type="image">
                    <width>250</width>
                    <height>250</height>
                    <texture border="6">views/addonwall_select.png</texture>
                    <colordiffuse>$VAR[FocusTextureColorVar]</colordiffuse>
                    <include>Animation_VisibleChange200</include>
                    <visible>Control.HasFocus(5019)</visible>
                </control>
            </focusedlayout>
            <content>
                <include>IconPanel1Items</include>
                <include>IconPanel2Items</include>
                <include>IconPanel1Items2</include>
                <include>IconPanel2Items2</include>
            </content>
        </control>
    </controls>
</window>