<?xml version="1.0" encoding="utf-8"?>
<window type="dialog" id="1161">
    <defaultcontrol always="true">4</defaultcontrol>
    <controls>
        <control type="group">
            <left>280</left>
            <top>-60</top>
            <include>Animation_OpenCloseZoom</include>
            <visible>!Window.IsActive(script-RSS_Editor-rssEditor.xml)</visible>
            <control type="image">
                <left>230</left>
                <top>200</top>
                <width>940</width>
                <height>540</height>
                <texture border="20">osd/osd_settings_back_glow.png</texture>
                <colordiffuse>$VAR[ColorDiffuseVar]</colordiffuse>
                <visible>!Skin.HasSetting(DisableGlowbar)</visible>
                <include>PanelGlowFade</include>
            </control>
            <control type="image">
                <left>230</left>
                <top>200</top>
                <width>940</width>
                <height>540</height>
                <texture border="20">osd/osd_settings_back.png</texture>
                <colordiffuse>$VAR[DialogColorVar]</colordiffuse>
            </control>
            <control type="panel" id="4">
                <left>250</left>
                <top>240</top>
                <width>900</width>
                <height>600</height>
                <scrolltime>0</scrolltime>
                <orientation>vertical</orientation>
                <onright>20</onright>
                <itemlayout height="60" width="450">
                    <control type="image">
                        <width>450</width>
                        <height>60</height>
                        <texture>button-nofocus.png</texture>
                        <colordiffuse>$VAR[ColorDiffuseVar]</colordiffuse>
                    </control>
                    <control type="label">
                        <width>450</width>
                        <height>60</height>
                        <textoffsetx>10</textoffsetx>
                        <label>$INFO[ListItem.Label]</label>
                        <font>Font_Reg30_2</font>
                        <textcolor>grey2</textcolor>
                    </control>
                </itemlayout>
                <focusedlayout height="60" width="450">
                    <control type="group">
                        <visible>Control.HasFocus(4)</visible>
                        <control type="image">
                            <width>450</width>
                            <height>60</height>
                            <texture border="8">views/tripanel/listselect_fo.png</texture>
                            <colordiffuse>$VAR[FocusTextureColorVar]</colordiffuse>
                        </control>
                        <control type="label">
                            <width>450</width>
                            <height>60</height>
                            <textoffsetx>10</textoffsetx>
                            <label>$INFO[ListItem.Label]</label>
                            <font>Font_Reg30_2</font>
                            <scroll>true</scroll>
                        </control>
                    </control>
                    <control type="group">
                        <visible>!Control.HasFocus(4)</visible>
                        <control type="image">
                            <width>450</width>
                            <height>60</height>
                            <texture>button-nofocus.png</texture>
                            <colordiffuse>$VAR[ColorDiffuseVar]</colordiffuse>
                        </control>
                        <control type="label">
                            <width>450</width>
                            <textoffsetx>10</textoffsetx>
                            <label>$INFO[ListItem.Label]</label>
                            <font>Font_Reg30_2</font>
                            <textcolor>grey2</textcolor>
                        </control>
                    </control>
                </focusedlayout>
                <content>
                    <item>
                        <label>$LOCALIZE[231]</label>
                        <onclick>Skin.SetString(ItemToEdit.InfoLine,none)</onclick>
                        <onclick>Dialog.Close(1161)</onclick>
                    </item>
                    <item>
                        <label>31502</label>
                        <onclick>Skin.SetString(ItemToEdit.InfoLine,movies)</onclick>
                        <onclick>Dialog.Close(1161)</onclick>
                        <visible>Library.HasContent(movies)</visible>
                    </item>
                    <item>
                        <label>31503</label>
                        <onclick>Skin.SetString(ItemToEdit.InfoLine,tvshows)</onclick>
                        <onclick>Dialog.Close(1161)</onclick>
                        <visible>Library.HasContent(tvshows)</visible>
                    </item>
                    <item>
                        <label>31501</label>
                        <onclick>Skin.SetString(ItemToEdit.InfoLine,music)</onclick>
                        <onclick>Dialog.Close(1161)</onclick>
                        <visible>Library.HasContent(music)</visible>
                    </item>
                    <item>
                        <label>20389</label>
                        <onclick>Skin.SetString(ItemToEdit.InfoLine,musicvideos)</onclick>
                        <onclick>Dialog.Close(1161)</onclick>
                        <visible>Library.HasContent(musicvideos)</visible>
                    </item>
                    <item>
                        <label>31509</label>
                        <onclick>Skin.SetString(ItemToEdit.InfoLine,favourites)</onclick>
                        <onclick>Dialog.Close(1161)</onclick>
                        <visible>System.HasAddon(script.favourites)</visible>
                    </item>
                    <item>
                        <label>$LOCALIZE[20161] $LOCALIZE[24001]</label>
                        <onclick>Skin.SetString(ItemToEdit.InfoLine,programs)</onclick>
                        <onclick>Dialog.Close(1161)</onclick>
                    </item>
                    <item>
                        <label>31510</label>
                        <onclick>Skin.SetString(ItemToEdit.InfoLine,weather)</onclick>
                        <onclick>Dialog.Close(1161)</onclick>
                    </item>
                    <item>
                        <label>31357</label>
                        <onclick>Skin.SetString(ItemToEdit.InfoLine,mixed)</onclick>
                        <onclick>Dialog.Close(1161)</onclick>
                        <visible>Skin.HasSetting(AlternateTimeStats)</visible>
                    </item>
                    <item>
                        <label>31819</label>
                        <onclick>Skin.SetString(ItemToEdit.InfoLine,nextaired)</onclick>
                        <onclick>Dialog.Close(1161)</onclick>
                        <visible>Library.HasContent(tvshows)</visible>
                    </item>
                    <item>
                        <label>31358</label>
                        <onclick>Skin.SetString(ItemToEdit.InfoLine,system)</onclick>
                        <onclick>Dialog.Close(1161)</onclick>
                    </item>
                    <item>
                        <label>12390</label>
                        <onclick>Skin.SetString(ItemToEdit.InfoLine,shutdown)</onclick>
                        <onclick>Dialog.Close(1161)</onclick>
                    </item>
                    <item>
                        <label>$INFO[Skin.String(SmartPlaylist1.Label)] ($INFO[Skin.String(SmartPlaylist1.Type)])</label>
                        <onclick>Skin.SetString(ItemToEdit.InfoLine,custom1)</onclick>
                        <visible>!IsEmpty(Skin.String(SmartPlaylist1.Path))</visible>
                        <onclick>Dialog.Close(1161)</onclick>
                    </item>
                    <item>
                        <label>$INFO[Skin.String(SmartPlaylist2.Label)] ($INFO[Skin.String(SmartPlaylist2.Type)])</label>
                        <onclick>Skin.SetString(ItemToEdit.InfoLine,custom2)</onclick>
                        <visible>!IsEmpty(Skin.String(SmartPlaylist2.Path))</visible>
                        <onclick>Dialog.Close(1161)</onclick>
                    </item>
                    <item>
                        <label>$INFO[Skin.String(SmartPlaylist3.Label)] ($INFO[Skin.String(SmartPlaylist3.Type)])</label>
                        <onclick>Skin.SetString(ItemToEdit.InfoLine,custom3)</onclick>
                        <visible>!IsEmpty(Skin.String(SmartPlaylist3.Path))</visible>
                        <onclick>Dialog.Close(1161)</onclick>
                    </item>
                    <item>
                        <label>$INFO[Skin.String(SmartPlaylist4.Label)] ($INFO[Skin.String(SmartPlaylist4.Type)])</label>
                        <onclick>Skin.SetString(ItemToEdit.InfoLine,custom4)</onclick>
                        <visible>!IsEmpty(Skin.String(SmartPlaylist4.Path))</visible>
                        <onclick>Dialog.Close(1161)</onclick>
                    </item>
                    <item>
                        <label>$INFO[Skin.String(SmartPlaylist5.Label)] ($INFO[Skin.String(SmartPlaylist5.Type)])</label>
                        <onclick>Skin.SetString(ItemToEdit.InfoLine,custom5)</onclick>
                        <visible>!IsEmpty(Skin.String(SmartPlaylist5.Path))</visible>
                        <onclick>Dialog.Close(1161)</onclick>
                    </item>
                    <item>
                        <label>$INFO[Skin.String(SmartPlaylist6.Label)] ($INFO[Skin.String(SmartPlaylist6.Type)])</label>
                        <onclick>Skin.SetString(ItemToEdit.InfoLine,custom6)</onclick>
                        <visible>!IsEmpty(Skin.String(SmartPlaylist6.Path))</visible>
                        <onclick>Dialog.Close(1161)</onclick>
                    </item>
                </content>
            </control>
        </control>
    </controls>
</window>