<?xml version="1.0" encoding="utf-8"?>
<window type="dialog" id="1136">
    <defaultcontrol always="true">4</defaultcontrol>
    <onload condition="Stringcompare(Window(home).Property(MenuItem),CustomSub1_1)">Skin.SetString(ItemToEdit.Type,$INFO[Skin.String(CustomSub1_1.Type)])</onload>
    <onload condition="Stringcompare(Window(home).Property(MenuItem),CustomSub1_1)">Skin.SetString(ItemToEdit.Label,$ESCINFO[Skin.String(CustomSub1_1.Label)])</onload>
    <onload condition="Stringcompare(Window(home).Property(MenuItem),CustomSub1_1)">Skin.SetString(ItemToEdit.Path,$ESCINFO[Skin.String(CustomSub1_1.Path)])</onload>
    <onload condition="Stringcompare(Window(home).Property(MenuItem),CustomSub1_1)">Skin.SetString(ItemToEdit.MultiFanart,$ESCINFO[Skin.String(CustomSub1_1.MultiFanart)])</onload>
    <onload condition="Stringcompare(Window(home).Property(MenuItem),CustomSub1_1)">Skin.SetString(ItemToEdit.Disable,$INFO[Skin.String(CustomSub1_1.Disable)])</onload>
    <onload condition="Stringcompare(Window(home).Property(MenuItem),CustomSub1_2)">Skin.SetString(ItemToEdit.Type,$INFO[Skin.String(CustomSub1_2.Type)])</onload>
    <onload condition="Stringcompare(Window(home).Property(MenuItem),CustomSub1_2)">Skin.SetString(ItemToEdit.Label,$ESCINFO[Skin.String(CustomSub1_2.Label)])</onload>
    <onload condition="Stringcompare(Window(home).Property(MenuItem),CustomSub1_2)">Skin.SetString(ItemToEdit.Path,$ESCINFO[Skin.String(CustomSub1_2.Path)])</onload>
    <onload condition="Stringcompare(Window(home).Property(MenuItem),CustomSub1_2)">Skin.SetString(ItemToEdit.MultiFanart,$ESCINFO[Skin.String(CustomSub1_2.MultiFanart)])</onload>
    <onload condition="Stringcompare(Window(home).Property(MenuItem),CustomSub1_2)">Skin.SetString(ItemToEdit.Disable,$INFO[Skin.String(CustomSub1_2.Disable)])</onload>
    <onload condition="Stringcompare(Window(home).Property(MenuItem),CustomSub1_3)">Skin.SetString(ItemToEdit.Type,$INFO[Skin.String(CustomSub1_3.Type)])</onload>
    <onload condition="Stringcompare(Window(home).Property(MenuItem),CustomSub1_3)">Skin.SetString(ItemToEdit.Label,$ESCINFO[Skin.String(CustomSub1_3.Label)])</onload>
    <onload condition="Stringcompare(Window(home).Property(MenuItem),CustomSub1_3)">Skin.SetString(ItemToEdit.Path,$ESCINFO[Skin.String(CustomSub1_3.Path)])</onload>
    <onload condition="Stringcompare(Window(home).Property(MenuItem),CustomSub1_3)">Skin.SetString(ItemToEdit.MultiFanart,$ESCINFO[Skin.String(CustomSub1_3.MultiFanart)])</onload>
    <onload condition="Stringcompare(Window(home).Property(MenuItem),CustomSub1_3)">Skin.SetString(ItemToEdit.Disable,$INFO[Skin.String(CustomSub1_3.Disable)])</onload>
    <onload condition="Stringcompare(Window(home).Property(MenuItem),CustomSub1_4)">Skin.SetString(ItemToEdit.Type,$INFO[Skin.String(CustomSub1_4.Type)])</onload>
    <onload condition="Stringcompare(Window(home).Property(MenuItem),CustomSub1_4)">Skin.SetString(ItemToEdit.Label,$ESCINFO[Skin.String(CustomSub1_4.Label)])</onload>
    <onload condition="Stringcompare(Window(home).Property(MenuItem),CustomSub1_4)">Skin.SetString(ItemToEdit.Path,$ESCINFO[Skin.String(CustomSub1_4.Path)])</onload>
    <onload condition="Stringcompare(Window(home).Property(MenuItem),CustomSub1_4)">Skin.SetString(ItemToEdit.MultiFanart,$ESCINFO[Skin.String(CustomSub1_4.MultiFanart)])</onload>
    <onload condition="Stringcompare(Window(home).Property(MenuItem),CustomSub1_4)">Skin.SetString(ItemToEdit.Disable,$INFO[Skin.String(CustomSub1_4.Disable)])</onload>
    <onload condition="Stringcompare(Window(home).Property(MenuItem),CustomSub1_5)">Skin.SetString(ItemToEdit.Type,$INFO[Skin.String(CustomSub1_5.Type)])</onload>
    <onload condition="Stringcompare(Window(home).Property(MenuItem),CustomSub1_5)">Skin.SetString(ItemToEdit.Label,$ESCINFO[Skin.String(CustomSub1_5.Label)])</onload>
    <onload condition="Stringcompare(Window(home).Property(MenuItem),CustomSub1_5)">Skin.SetString(ItemToEdit.Path,$ESCINFO[Skin.String(CustomSub1_5.Path)])</onload>
    <onload condition="Stringcompare(Window(home).Property(MenuItem),CustomSub1_5)">Skin.SetString(ItemToEdit.MultiFanart,$ESCINFO[Skin.String(CustomSub1_5.MultiFanart)])</onload>
    <onload condition="Stringcompare(Window(home).Property(MenuItem),CustomSub1_5)">Skin.SetString(ItemToEdit.Disable,$INFO[Skin.String(CustomSub1_5.Disable)])</onload>
    <onload condition="Stringcompare(Window(home).Property(MenuItem),CustomSub2_1)">Skin.SetString(ItemToEdit.Type,$INFO[Skin.String(CustomSub2_1.Type)])</onload>
    <onload condition="Stringcompare(Window(home).Property(MenuItem),CustomSub2_1)">Skin.SetString(ItemToEdit.Label,$ESCINFO[Skin.String(CustomSub2_1.Label)])</onload>
    <onload condition="Stringcompare(Window(home).Property(MenuItem),CustomSub2_1)">Skin.SetString(ItemToEdit.Path,$ESCINFO[Skin.String(CustomSub2_1.Path)])</onload>
    <onload condition="Stringcompare(Window(home).Property(MenuItem),CustomSub2_1)">Skin.SetString(ItemToEdit.MultiFanart,$ESCINFO[Skin.String(CustomSub2_1.MultiFanart)])</onload>
    <onload condition="Stringcompare(Window(home).Property(MenuItem),CustomSub2_1)">Skin.SetString(ItemToEdit.Disable,$INFO[Skin.String(CustomSub2_1.Disable)])</onload>
    <onload condition="Stringcompare(Window(home).Property(MenuItem),CustomSub2_2)">Skin.SetString(ItemToEdit.Type,$INFO[Skin.String(CustomSub2_2.Type)])</onload>
    <onload condition="Stringcompare(Window(home).Property(MenuItem),CustomSub2_2)">Skin.SetString(ItemToEdit.Label,$ESCINFO[Skin.String(CustomSub2_2.Label)])</onload>
    <onload condition="Stringcompare(Window(home).Property(MenuItem),CustomSub2_2)">Skin.SetString(ItemToEdit.Path,$ESCINFO[Skin.String(CustomSub2_2.Path)])</onload>
    <onload condition="Stringcompare(Window(home).Property(MenuItem),CustomSub2_2)">Skin.SetString(ItemToEdit.MultiFanart,$ESCINFO[Skin.String(CustomSub2_2.MultiFanart)])</onload>
    <onload condition="Stringcompare(Window(home).Property(MenuItem),CustomSub2_2)">Skin.SetString(ItemToEdit.Disable,$INFO[Skin.String(CustomSub2_2.Disable)])</onload>
    <onload condition="Stringcompare(Window(home).Property(MenuItem),CustomSub2_3)">Skin.SetString(ItemToEdit.Type,$INFO[Skin.String(CustomSub2_3.Type)])</onload>
    <onload condition="Stringcompare(Window(home).Property(MenuItem),CustomSub2_3)">Skin.SetString(ItemToEdit.Label,$ESCINFO[Skin.String(CustomSub2_3.Label)])</onload>
    <onload condition="Stringcompare(Window(home).Property(MenuItem),CustomSub2_3)">Skin.SetString(ItemToEdit.Path,$ESCINFO[Skin.String(CustomSub2_3.Path)])</onload>
    <onload condition="Stringcompare(Window(home).Property(MenuItem),CustomSub2_3)">Skin.SetString(ItemToEdit.MultiFanart,$ESCINFO[Skin.String(CustomSub2_3.MultiFanart)])</onload>
    <onload condition="Stringcompare(Window(home).Property(MenuItem),CustomSub2_3)">Skin.SetString(ItemToEdit.Disable,$INFO[Skin.String(CustomSub2_3.Disable)])</onload>
    <onload condition="Stringcompare(Window(home).Property(MenuItem),CustomSub2_4)">Skin.SetString(ItemToEdit.Type,$INFO[Skin.String(CustomSub2_4.Type)])</onload>
    <onload condition="Stringcompare(Window(home).Property(MenuItem),CustomSub2_4)">Skin.SetString(ItemToEdit.Label,$ESCINFO[Skin.String(CustomSub2_4.Label)])</onload>
    <onload condition="Stringcompare(Window(home).Property(MenuItem),CustomSub2_4)">Skin.SetString(ItemToEdit.Path,$ESCINFO[Skin.String(CustomSub2_4.Path)])</onload>
    <onload condition="Stringcompare(Window(home).Property(MenuItem),CustomSub2_4)">Skin.SetString(ItemToEdit.MultiFanart,$ESCINFO[Skin.String(CustomSub2_4.MultiFanart)])</onload>
    <onload condition="Stringcompare(Window(home).Property(MenuItem),CustomSub2_4)">Skin.SetString(ItemToEdit.Disable,$INFO[Skin.String(CustomSub2_4.Disable)])</onload>
    <onload condition="Stringcompare(Window(home).Property(MenuItem),CustomSub2_5)">Skin.SetString(ItemToEdit.Type,$INFO[Skin.String(CustomSub2_5.Type)])</onload>
    <onload condition="Stringcompare(Window(home).Property(MenuItem),CustomSub2_5)">Skin.SetString(ItemToEdit.Label,$ESCINFO[Skin.String(CustomSub2_5.Label)])</onload>
    <onload condition="Stringcompare(Window(home).Property(MenuItem),CustomSub2_5)">Skin.SetString(ItemToEdit.Path,$ESCINFO[Skin.String(CustomSub2_5.Path)])</onload>
    <onload condition="Stringcompare(Window(home).Property(MenuItem),CustomSub2_5)">Skin.SetString(ItemToEdit.MultiFanart,$ESCINFO[Skin.String(CustomSub2_5.MultiFanart)])</onload>
    <onload condition="Stringcompare(Window(home).Property(MenuItem),CustomSub2_5)">Skin.SetString(ItemToEdit.Disable,$INFO[Skin.String(CustomSub2_5.Disable)])</onload>
    <onload condition="Stringcompare(Window(home).Property(MenuItem),CustomSub3_1)">Skin.SetString(ItemToEdit.Type,$INFO[Skin.String(CustomSub3_1.Type)])</onload>
    <onload condition="Stringcompare(Window(home).Property(MenuItem),CustomSub3_1)">Skin.SetString(ItemToEdit.Label,$ESCINFO[Skin.String(CustomSub3_1.Label)])</onload>
    <onload condition="Stringcompare(Window(home).Property(MenuItem),CustomSub3_1)">Skin.SetString(ItemToEdit.Path,$ESCINFO[Skin.String(CustomSub3_1.Path)])</onload>
    <onload condition="Stringcompare(Window(home).Property(MenuItem),CustomSub3_1)">Skin.SetString(ItemToEdit.MultiFanart,$ESCINFO[Skin.String(CustomSub3_1.MultiFanart)])</onload>
    <onload condition="Stringcompare(Window(home).Property(MenuItem),CustomSub3_1)">Skin.SetString(ItemToEdit.Disable,$INFO[Skin.String(CustomSub3_1.Disable)])</onload>
    <onload condition="Stringcompare(Window(home).Property(MenuItem),CustomSub3_2)">Skin.SetString(ItemToEdit.Type,$INFO[Skin.String(CustomSub3_2.Type)])</onload>
    <onload condition="Stringcompare(Window(home).Property(MenuItem),CustomSub3_2)">Skin.SetString(ItemToEdit.Label,$ESCINFO[Skin.String(CustomSub3_2.Label)])</onload>
    <onload condition="Stringcompare(Window(home).Property(MenuItem),CustomSub3_2)">Skin.SetString(ItemToEdit.Path,$ESCINFO[Skin.String(CustomSub3_2.Path)])</onload>
    <onload condition="Stringcompare(Window(home).Property(MenuItem),CustomSub3_2)">Skin.SetString(ItemToEdit.MultiFanart,$ESCINFO[Skin.String(CustomSub3_2.MultiFanart)])</onload>
    <onload condition="Stringcompare(Window(home).Property(MenuItem),CustomSub3_2)">Skin.SetString(ItemToEdit.Disable,$INFO[Skin.String(CustomSub3_2.Disable)])</onload>
    <onload condition="Stringcompare(Window(home).Property(MenuItem),CustomSub3_3)">Skin.SetString(ItemToEdit.Type,$INFO[Skin.String(CustomSub3_3.Type)])</onload>
    <onload condition="Stringcompare(Window(home).Property(MenuItem),CustomSub3_3)">Skin.SetString(ItemToEdit.Label,$ESCINFO[Skin.String(CustomSub3_3.Label)])</onload>
    <onload condition="Stringcompare(Window(home).Property(MenuItem),CustomSub3_3)">Skin.SetString(ItemToEdit.Path,$ESCINFO[Skin.String(CustomSub3_3.Path)])</onload>
    <onload condition="Stringcompare(Window(home).Property(MenuItem),CustomSub3_3)">Skin.SetString(ItemToEdit.MultiFanart,$ESCINFO[Skin.String(CustomSub3_3.MultiFanart)])</onload>
    <onload condition="Stringcompare(Window(home).Property(MenuItem),CustomSub3_3)">Skin.SetString(ItemToEdit.Disable,$INFO[Skin.String(CustomSub3_3.Disable)])</onload>
    <onload condition="Stringcompare(Window(home).Property(MenuItem),CustomSub3_4)">Skin.SetString(ItemToEdit.Type,$INFO[Skin.String(CustomSub3_4.Type)])</onload>
    <onload condition="Stringcompare(Window(home).Property(MenuItem),CustomSub3_4)">Skin.SetString(ItemToEdit.Label,$ESCINFO[Skin.String(CustomSub3_4.Label)])</onload>
    <onload condition="Stringcompare(Window(home).Property(MenuItem),CustomSub3_4)">Skin.SetString(ItemToEdit.Path,$ESCINFO[Skin.String(CustomSub3_4.Path)])</onload>
    <onload condition="Stringcompare(Window(home).Property(MenuItem),CustomSub3_4)">Skin.SetString(ItemToEdit.MultiFanart,$ESCINFO[Skin.String(CustomSub3_4.MultiFanart)])</onload>
    <onload condition="Stringcompare(Window(home).Property(MenuItem),CustomSub3_4)">Skin.SetString(ItemToEdit.Disable,$INFO[Skin.String(CustomSub3_4.Disable)])</onload>
    <onload condition="Stringcompare(Window(home).Property(MenuItem),CustomSub3_5)">Skin.SetString(ItemToEdit.Type,$INFO[Skin.String(CustomSub3_5.Type)])</onload>
    <onload condition="Stringcompare(Window(home).Property(MenuItem),CustomSub3_5)">Skin.SetString(ItemToEdit.Label,$ESCINFO[Skin.String(CustomSub3_5.Label)])</onload>
    <onload condition="Stringcompare(Window(home).Property(MenuItem),CustomSub3_5)">Skin.SetString(ItemToEdit.Path,$ESCINFO[Skin.String(CustomSub3_5.Path)])</onload>
    <onload condition="Stringcompare(Window(home).Property(MenuItem),CustomSub3_5)">Skin.SetString(ItemToEdit.MultiFanart,$ESCINFO[Skin.String(CustomSub3_5.MultiFanart)])</onload>
    <onload condition="Stringcompare(Window(home).Property(MenuItem),CustomSub3_5)">Skin.SetString(ItemToEdit.Disable,$INFO[Skin.String(CustomSub3_5.Disable)])</onload>
    <onload condition="Stringcompare(Window(home).Property(MenuItem),CustomSub4_1)">Skin.SetString(ItemToEdit.Type,$INFO[Skin.String(CustomSub4_1.Type)])</onload>
    <onload condition="Stringcompare(Window(home).Property(MenuItem),CustomSub4_1)">Skin.SetString(ItemToEdit.Label,$ESCINFO[Skin.String(CustomSub4_1.Label)])</onload>
    <onload condition="Stringcompare(Window(home).Property(MenuItem),CustomSub4_1)">Skin.SetString(ItemToEdit.Path,$ESCINFO[Skin.String(CustomSub4_1.Path)])</onload>
    <onload condition="Stringcompare(Window(home).Property(MenuItem),CustomSub4_1)">Skin.SetString(ItemToEdit.MultiFanart,$ESCINFO[Skin.String(CustomSub4_1.MultiFanart)])</onload>
    <onload condition="Stringcompare(Window(home).Property(MenuItem),CustomSub4_1)">Skin.SetString(ItemToEdit.Disable,$INFO[Skin.String(CustomSub4_1.Disable)])</onload>
    <onload condition="Stringcompare(Window(home).Property(MenuItem),CustomSub4_2)">Skin.SetString(ItemToEdit.Type,$INFO[Skin.String(CustomSub4_2.Type)])</onload>
    <onload condition="Stringcompare(Window(home).Property(MenuItem),CustomSub4_2)">Skin.SetString(ItemToEdit.Label,$ESCINFO[Skin.String(CustomSub4_2.Label)])</onload>
    <onload condition="Stringcompare(Window(home).Property(MenuItem),CustomSub4_2)">Skin.SetString(ItemToEdit.Path,$ESCINFO[Skin.String(CustomSub4_2.Path)])</onload>
    <onload condition="Stringcompare(Window(home).Property(MenuItem),CustomSub4_2)">Skin.SetString(ItemToEdit.MultiFanart,$ESCINFO[Skin.String(CustomSub4_2.MultiFanart)])</onload>
    <onload condition="Stringcompare(Window(home).Property(MenuItem),CustomSub4_2)">Skin.SetString(ItemToEdit.Disable,$INFO[Skin.String(CustomSub4_2.Disable)])</onload>
    <onload condition="Stringcompare(Window(home).Property(MenuItem),CustomSub4_3)">Skin.SetString(ItemToEdit.Type,$INFO[Skin.String(CustomSub4_3.Type)])</onload>
    <onload condition="Stringcompare(Window(home).Property(MenuItem),CustomSub4_3)">Skin.SetString(ItemToEdit.Label,$ESCINFO[Skin.String(CustomSub4_3.Label)])</onload>
    <onload condition="Stringcompare(Window(home).Property(MenuItem),CustomSub4_3)">Skin.SetString(ItemToEdit.Path,$ESCINFO[Skin.String(CustomSub4_3.Path)])</onload>
    <onload condition="Stringcompare(Window(home).Property(MenuItem),CustomSub4_3)">Skin.SetString(ItemToEdit.MultiFanart,$ESCINFO[Skin.String(CustomSub4_3.MultiFanart)])</onload>
    <onload condition="Stringcompare(Window(home).Property(MenuItem),CustomSub4_3)">Skin.SetString(ItemToEdit.Disable,$INFO[Skin.String(CustomSub4_3.Disable)])</onload>
    <onload condition="Stringcompare(Window(home).Property(MenuItem),CustomSub4_4)">Skin.SetString(ItemToEdit.Type,$INFO[Skin.String(CustomSub4_4.Type)])</onload>
    <onload condition="Stringcompare(Window(home).Property(MenuItem),CustomSub4_4)">Skin.SetString(ItemToEdit.Label,$ESCINFO[Skin.String(CustomSub4_4.Label)])</onload>
    <onload condition="Stringcompare(Window(home).Property(MenuItem),CustomSub4_4)">Skin.SetString(ItemToEdit.Path,$ESCINFO[Skin.String(CustomSub4_4.Path)])</onload>
    <onload condition="Stringcompare(Window(home).Property(MenuItem),CustomSub4_4)">Skin.SetString(ItemToEdit.MultiFanart,$ESCINFO[Skin.String(CustomSub4_4.MultiFanart)])</onload>
    <onload condition="Stringcompare(Window(home).Property(MenuItem),CustomSub4_4)">Skin.SetString(ItemToEdit.Disable,$INFO[Skin.String(CustomSub4_4.Disable)])</onload>
    <onload condition="Stringcompare(Window(home).Property(MenuItem),CustomSub4_5)">Skin.SetString(ItemToEdit.Type,$INFO[Skin.String(CustomSub4_5.Type)])</onload>
    <onload condition="Stringcompare(Window(home).Property(MenuItem),CustomSub4_5)">Skin.SetString(ItemToEdit.Label,$ESCINFO[Skin.String(CustomSub4_5.Label)])</onload>
    <onload condition="Stringcompare(Window(home).Property(MenuItem),CustomSub4_5)">Skin.SetString(ItemToEdit.Path,$ESCINFO[Skin.String(CustomSub4_5.Path)])</onload>
    <onload condition="Stringcompare(Window(home).Property(MenuItem),CustomSub4_5)">Skin.SetString(ItemToEdit.MultiFanart,$ESCINFO[Skin.String(CustomSub4_5.MultiFanart)])</onload>
    <onload condition="Stringcompare(Window(home).Property(MenuItem),CustomSub4_5)">Skin.SetString(ItemToEdit.Disable,$INFO[Skin.String(CustomSub4_5.Disable)])</onload>
    <onload condition="Stringcompare(Window(home).Property(MenuItem),CustomSub5_1)">Skin.SetString(ItemToEdit.Type,$INFO[Skin.String(CustomSub5_1.Type)])</onload>
    <onload condition="Stringcompare(Window(home).Property(MenuItem),CustomSub5_1)">Skin.SetString(ItemToEdit.Label,$ESCINFO[Skin.String(CustomSub5_1.Label)])</onload>
    <onload condition="Stringcompare(Window(home).Property(MenuItem),CustomSub5_1)">Skin.SetString(ItemToEdit.Path,$ESCINFO[Skin.String(CustomSub5_1.Path)])</onload>
    <onload condition="Stringcompare(Window(home).Property(MenuItem),CustomSub5_1)">Skin.SetString(ItemToEdit.MultiFanart,$ESCINFO[Skin.String(CustomSub5_1.MultiFanart)])</onload>
    <onload condition="Stringcompare(Window(home).Property(MenuItem),CustomSub5_1)">Skin.SetString(ItemToEdit.Disable,$INFO[Skin.String(CustomSub5_1.Disable)])</onload>
    <onload condition="Stringcompare(Window(home).Property(MenuItem),CustomSub5_2)">Skin.SetString(ItemToEdit.Type,$INFO[Skin.String(CustomSub5_2.Type)])</onload>
    <onload condition="Stringcompare(Window(home).Property(MenuItem),CustomSub5_2)">Skin.SetString(ItemToEdit.Label,$ESCINFO[Skin.String(CustomSub5_2.Label)])</onload>
    <onload condition="Stringcompare(Window(home).Property(MenuItem),CustomSub5_2)">Skin.SetString(ItemToEdit.Path,$ESCINFO[Skin.String(CustomSub5_2.Path)])</onload>
    <onload condition="Stringcompare(Window(home).Property(MenuItem),CustomSub5_2)">Skin.SetString(ItemToEdit.MultiFanart,$ESCINFO[Skin.String(CustomSub5_2.MultiFanart)])</onload>
    <onload condition="Stringcompare(Window(home).Property(MenuItem),CustomSub5_2)">Skin.SetString(ItemToEdit.Disable,$INFO[Skin.String(CustomSub5_2.Disable)])</onload>
    <onload condition="Stringcompare(Window(home).Property(MenuItem),CustomSub5_3)">Skin.SetString(ItemToEdit.Type,$INFO[Skin.String(CustomSub5_3.Type)])</onload>
    <onload condition="Stringcompare(Window(home).Property(MenuItem),CustomSub5_3)">Skin.SetString(ItemToEdit.Label,$ESCINFO[Skin.String(CustomSub5_3.Label)])</onload>
    <onload condition="Stringcompare(Window(home).Property(MenuItem),CustomSub5_3)">Skin.SetString(ItemToEdit.Path,$ESCINFO[Skin.String(CustomSub5_3.Path)])</onload>
    <onload condition="Stringcompare(Window(home).Property(MenuItem),CustomSub5_3)">Skin.SetString(ItemToEdit.MultiFanart,$ESCINFO[Skin.String(CustomSub5_3.MultiFanart)])</onload>
    <onload condition="Stringcompare(Window(home).Property(MenuItem),CustomSub5_3)">Skin.SetString(ItemToEdit.Disable,$INFO[Skin.String(CustomSub5_3.Disable)])</onload>
    <onload condition="Stringcompare(Window(home).Property(MenuItem),CustomSub5_4)">Skin.SetString(ItemToEdit.Type,$INFO[Skin.String(CustomSub5_4.Type)])</onload>
    <onload condition="Stringcompare(Window(home).Property(MenuItem),CustomSub5_4)">Skin.SetString(ItemToEdit.Label,$ESCINFO[Skin.String(CustomSub5_4.Label)])</onload>
    <onload condition="Stringcompare(Window(home).Property(MenuItem),CustomSub5_4)">Skin.SetString(ItemToEdit.Path,$ESCINFO[Skin.String(CustomSub5_4.Path)])</onload>
    <onload condition="Stringcompare(Window(home).Property(MenuItem),CustomSub5_4)">Skin.SetString(ItemToEdit.MultiFanart,$ESCINFO[Skin.String(CustomSub5_4.MultiFanart)])</onload>
    <onload condition="Stringcompare(Window(home).Property(MenuItem),CustomSub5_4)">Skin.SetString(ItemToEdit.Disable,$INFO[Skin.String(CustomSub5_4.Disable)])</onload>
    <onload condition="Stringcompare(Window(home).Property(MenuItem),CustomSub5_5)">Skin.SetString(ItemToEdit.Type,$INFO[Skin.String(CustomSub5_5.Type)])</onload>
    <onload condition="Stringcompare(Window(home).Property(MenuItem),CustomSub5_5)">Skin.SetString(ItemToEdit.Label,$ESCINFO[Skin.String(CustomSub5_5.Label)])</onload>
    <onload condition="Stringcompare(Window(home).Property(MenuItem),CustomSub5_5)">Skin.SetString(ItemToEdit.Path,$ESCINFO[Skin.String(CustomSub5_5.Path)])</onload>
    <onload condition="Stringcompare(Window(home).Property(MenuItem),CustomSub5_5)">Skin.SetString(ItemToEdit.MultiFanart,$ESCINFO[Skin.String(CustomSub5_5.MultiFanart)])</onload>
    <onload condition="Stringcompare(Window(home).Property(MenuItem),CustomSub5_5)">Skin.SetString(ItemToEdit.Disable,$INFO[Skin.String(CustomSub5_5.Disable)])</onload>
    <onload condition="Stringcompare(Window(home).Property(MenuItem),CustomSub6_1)">Skin.SetString(ItemToEdit.Type,$INFO[Skin.String(CustomSub6_1.Type)])</onload>
    <onload condition="Stringcompare(Window(home).Property(MenuItem),CustomSub6_1)">Skin.SetString(ItemToEdit.Label,$ESCINFO[Skin.String(CustomSub6_1.Label)])</onload>
    <onload condition="Stringcompare(Window(home).Property(MenuItem),CustomSub6_1)">Skin.SetString(ItemToEdit.Path,$ESCINFO[Skin.String(CustomSub6_1.Path)])</onload>
    <onload condition="Stringcompare(Window(home).Property(MenuItem),CustomSub6_1)">Skin.SetString(ItemToEdit.MultiFanart,$ESCINFO[Skin.String(CustomSub6_1.MultiFanart)])</onload>
    <onload condition="Stringcompare(Window(home).Property(MenuItem),CustomSub6_1)">Skin.SetString(ItemToEdit.Disable,$INFO[Skin.String(CustomSub6_1.Disable)])</onload>
    <onload condition="Stringcompare(Window(home).Property(MenuItem),CustomSub6_2)">Skin.SetString(ItemToEdit.Type,$INFO[Skin.String(CustomSub6_2.Type)])</onload>
    <onload condition="Stringcompare(Window(home).Property(MenuItem),CustomSub6_2)">Skin.SetString(ItemToEdit.Label,$ESCINFO[Skin.String(CustomSub6_2.Label)])</onload>
    <onload condition="Stringcompare(Window(home).Property(MenuItem),CustomSub6_2)">Skin.SetString(ItemToEdit.Path,$ESCINFO[Skin.String(CustomSub6_2.Path)])</onload>
    <onload condition="Stringcompare(Window(home).Property(MenuItem),CustomSub6_2)">Skin.SetString(ItemToEdit.MultiFanart,$ESCINFO[Skin.String(CustomSub6_2.MultiFanart)])</onload>
    <onload condition="Stringcompare(Window(home).Property(MenuItem),CustomSub6_2)">Skin.SetString(ItemToEdit.Disable,$INFO[Skin.String(CustomSub6_2.Disable)])</onload>
    <onload condition="Stringcompare(Window(home).Property(MenuItem),CustomSub6_3)">Skin.SetString(ItemToEdit.Type,$INFO[Skin.String(CustomSub6_3.Type)])</onload>
    <onload condition="Stringcompare(Window(home).Property(MenuItem),CustomSub6_3)">Skin.SetString(ItemToEdit.Label,$ESCINFO[Skin.String(CustomSub6_3.Label)])</onload>
    <onload condition="Stringcompare(Window(home).Property(MenuItem),CustomSub6_3)">Skin.SetString(ItemToEdit.Path,$ESCINFO[Skin.String(CustomSub6_3.Path)])</onload>
    <onload condition="Stringcompare(Window(home).Property(MenuItem),CustomSub6_3)">Skin.SetString(ItemToEdit.MultiFanart,$ESCINFO[Skin.String(CustomSub6_3.MultiFanart)])</onload>
    <onload condition="Stringcompare(Window(home).Property(MenuItem),CustomSub6_3)">Skin.SetString(ItemToEdit.Disable,$INFO[Skin.String(CustomSub6_3.Disable)])</onload>
    <onload condition="Stringcompare(Window(home).Property(MenuItem),CustomSub6_4)">Skin.SetString(ItemToEdit.Type,$INFO[Skin.String(CustomSub6_4.Type)])</onload>
    <onload condition="Stringcompare(Window(home).Property(MenuItem),CustomSub6_4)">Skin.SetString(ItemToEdit.Label,$ESCINFO[Skin.String(CustomSub6_4.Label)])</onload>
    <onload condition="Stringcompare(Window(home).Property(MenuItem),CustomSub6_4)">Skin.SetString(ItemToEdit.Path,$ESCINFO[Skin.String(CustomSub6_4.Path)])</onload>
    <onload condition="Stringcompare(Window(home).Property(MenuItem),CustomSub6_4)">Skin.SetString(ItemToEdit.MultiFanart,$ESCINFO[Skin.String(CustomSub6_4.MultiFanart)])</onload>
    <onload condition="Stringcompare(Window(home).Property(MenuItem),CustomSub6_4)">Skin.SetString(ItemToEdit.Disable,$INFO[Skin.String(CustomSub6_4.Disable)])</onload>
    <onload condition="Stringcompare(Window(home).Property(MenuItem),CustomSub6_5)">Skin.SetString(ItemToEdit.Type,$INFO[Skin.String(CustomSub6_5.Type)])</onload>
    <onload condition="Stringcompare(Window(home).Property(MenuItem),CustomSub6_5)">Skin.SetString(ItemToEdit.Label,$ESCINFO[Skin.String(CustomSub6_5.Label)])</onload>
    <onload condition="Stringcompare(Window(home).Property(MenuItem),CustomSub6_5)">Skin.SetString(ItemToEdit.Path,$ESCINFO[Skin.String(CustomSub6_5.Path)])</onload>
    <onload condition="Stringcompare(Window(home).Property(MenuItem),CustomSub6_5)">Skin.SetString(ItemToEdit.MultiFanart,$ESCINFO[Skin.String(CustomSub6_5.MultiFanart)])</onload>
    <onload condition="Stringcompare(Window(home).Property(MenuItem),CustomSub6_5)">Skin.SetString(ItemToEdit.Disable,$INFO[Skin.String(CustomSub6_5.Disable)])</onload>
    <onload condition="Stringcompare(Window(home).Property(MenuItem),CustomSub7_1)">Skin.SetString(ItemToEdit.Type,$INFO[Skin.String(CustomSub7_1.Type)])</onload>
    <onload condition="Stringcompare(Window(home).Property(MenuItem),CustomSub7_1)">Skin.SetString(ItemToEdit.Label,$ESCINFO[Skin.String(CustomSub7_1.Label)])</onload>
    <onload condition="Stringcompare(Window(home).Property(MenuItem),CustomSub7_1)">Skin.SetString(ItemToEdit.Path,$ESCINFO[Skin.String(CustomSub7_1.Path)])</onload>
    <onload condition="Stringcompare(Window(home).Property(MenuItem),CustomSub7_1)">Skin.SetString(ItemToEdit.MultiFanart,$ESCINFO[Skin.String(CustomSub7_1.MultiFanart)])</onload>
    <onload condition="Stringcompare(Window(home).Property(MenuItem),CustomSub7_1)">Skin.SetString(ItemToEdit.Disable,$INFO[Skin.String(CustomSub7_1.Disable)])</onload>
    <onload condition="Stringcompare(Window(home).Property(MenuItem),CustomSub7_2)">Skin.SetString(ItemToEdit.Type,$INFO[Skin.String(CustomSub7_2.Type)])</onload>
    <onload condition="Stringcompare(Window(home).Property(MenuItem),CustomSub7_2)">Skin.SetString(ItemToEdit.Label,$ESCINFO[Skin.String(CustomSub7_2.Label)])</onload>
    <onload condition="Stringcompare(Window(home).Property(MenuItem),CustomSub7_2)">Skin.SetString(ItemToEdit.Path,$ESCINFO[Skin.String(CustomSub7_2.Path)])</onload>
    <onload condition="Stringcompare(Window(home).Property(MenuItem),CustomSub7_2)">Skin.SetString(ItemToEdit.MultiFanart,$ESCINFO[Skin.String(CustomSub7_2.MultiFanart)])</onload>
    <onload condition="Stringcompare(Window(home).Property(MenuItem),CustomSub7_2)">Skin.SetString(ItemToEdit.Disable,$INFO[Skin.String(CustomSub7_2.Disable)])</onload>
    <onload condition="Stringcompare(Window(home).Property(MenuItem),CustomSub7_3)">Skin.SetString(ItemToEdit.Type,$INFO[Skin.String(CustomSub7_3.Type)])</onload>
    <onload condition="Stringcompare(Window(home).Property(MenuItem),CustomSub7_3)">Skin.SetString(ItemToEdit.Label,$ESCINFO[Skin.String(CustomSub7_3.Label)])</onload>
    <onload condition="Stringcompare(Window(home).Property(MenuItem),CustomSub7_3)">Skin.SetString(ItemToEdit.Path,$ESCINFO[Skin.String(CustomSub7_3.Path)])</onload>
    <onload condition="Stringcompare(Window(home).Property(MenuItem),CustomSub7_3)">Skin.SetString(ItemToEdit.MultiFanart,$ESCINFO[Skin.String(CustomSub7_3.MultiFanart)])</onload>
    <onload condition="Stringcompare(Window(home).Property(MenuItem),CustomSub7_3)">Skin.SetString(ItemToEdit.Disable,$INFO[Skin.String(CustomSub7_3.Disable)])</onload>
    <onload condition="Stringcompare(Window(home).Property(MenuItem),CustomSub7_4)">Skin.SetString(ItemToEdit.Type,$INFO[Skin.String(CustomSub7_4.Type)])</onload>
    <onload condition="Stringcompare(Window(home).Property(MenuItem),CustomSub7_4)">Skin.SetString(ItemToEdit.Label,$ESCINFO[Skin.String(CustomSub7_4.Label)])</onload>
    <onload condition="Stringcompare(Window(home).Property(MenuItem),CustomSub7_4)">Skin.SetString(ItemToEdit.Path,$ESCINFO[Skin.String(CustomSub7_4.Path)])</onload>
    <onload condition="Stringcompare(Window(home).Property(MenuItem),CustomSub7_4)">Skin.SetString(ItemToEdit.MultiFanart,$ESCINFO[Skin.String(CustomSub7_4.MultiFanart)])</onload>
    <onload condition="Stringcompare(Window(home).Property(MenuItem),CustomSub7_4)">Skin.SetString(ItemToEdit.Disable,$INFO[Skin.String(CustomSub7_4.Disable)])</onload>
    <onload condition="Stringcompare(Window(home).Property(MenuItem),CustomSub7_5)">Skin.SetString(ItemToEdit.Type,$INFO[Skin.String(CustomSub7_5.Type)])</onload>
    <onload condition="Stringcompare(Window(home).Property(MenuItem),CustomSub7_5)">Skin.SetString(ItemToEdit.Label,$ESCINFO[Skin.String(CustomSub7_5.Label)])</onload>
    <onload condition="Stringcompare(Window(home).Property(MenuItem),CustomSub7_5)">Skin.SetString(ItemToEdit.Path,$ESCINFO[Skin.String(CustomSub7_5.Path)])</onload>
    <onload condition="Stringcompare(Window(home).Property(MenuItem),CustomSub7_5)">Skin.SetString(ItemToEdit.MultiFanart,$ESCINFO[Skin.String(CustomSub7_5.MultiFanart)])</onload>
    <onload condition="Stringcompare(Window(home).Property(MenuItem),CustomSub7_5)">Skin.SetString(ItemToEdit.Disable,$INFO[Skin.String(CustomSub7_5.Disable)])</onload>
    <onload condition="Stringcompare(Window(home).Property(MenuItem),CustomSub8_1)">Skin.SetString(ItemToEdit.Type,$INFO[Skin.String(CustomSub8_1.Type)])</onload>
    <onload condition="Stringcompare(Window(home).Property(MenuItem),CustomSub8_1)">Skin.SetString(ItemToEdit.Label,$ESCINFO[Skin.String(CustomSub8_1.Label)])</onload>
    <onload condition="Stringcompare(Window(home).Property(MenuItem),CustomSub8_1)">Skin.SetString(ItemToEdit.Path,$ESCINFO[Skin.String(CustomSub8_1.Path)])</onload>
    <onload condition="Stringcompare(Window(home).Property(MenuItem),CustomSub8_1)">Skin.SetString(ItemToEdit.MultiFanart,$ESCINFO[Skin.String(CustomSub8_1.MultiFanart)])</onload>
    <onload condition="Stringcompare(Window(home).Property(MenuItem),CustomSub8_1)">Skin.SetString(ItemToEdit.Disable,$INFO[Skin.String(CustomSub8_1.Disable)])</onload>
    <onload condition="Stringcompare(Window(home).Property(MenuItem),CustomSub8_2)">Skin.SetString(ItemToEdit.Type,$INFO[Skin.String(CustomSub8_2.Type)])</onload>
    <onload condition="Stringcompare(Window(home).Property(MenuItem),CustomSub8_2)">Skin.SetString(ItemToEdit.Label,$ESCINFO[Skin.String(CustomSub8_2.Label)])</onload>
    <onload condition="Stringcompare(Window(home).Property(MenuItem),CustomSub8_2)">Skin.SetString(ItemToEdit.Path,$ESCINFO[Skin.String(CustomSub8_2.Path)])</onload>
    <onload condition="Stringcompare(Window(home).Property(MenuItem),CustomSub8_2)">Skin.SetString(ItemToEdit.MultiFanart,$ESCINFO[Skin.String(CustomSub8_2.MultiFanart)])</onload>
    <onload condition="Stringcompare(Window(home).Property(MenuItem),CustomSub8_2)">Skin.SetString(ItemToEdit.Disable,$INFO[Skin.String(CustomSub8_2.Disable)])</onload>
    <onload condition="Stringcompare(Window(home).Property(MenuItem),CustomSub8_3)">Skin.SetString(ItemToEdit.Type,$INFO[Skin.String(CustomSub8_3.Type)])</onload>
    <onload condition="Stringcompare(Window(home).Property(MenuItem),CustomSub8_3)">Skin.SetString(ItemToEdit.Label,$ESCINFO[Skin.String(CustomSub8_3.Label)])</onload>
    <onload condition="Stringcompare(Window(home).Property(MenuItem),CustomSub8_3)">Skin.SetString(ItemToEdit.Path,$ESCINFO[Skin.String(CustomSub8_3.Path)])</onload>
    <onload condition="Stringcompare(Window(home).Property(MenuItem),CustomSub8_3)">Skin.SetString(ItemToEdit.MultiFanart,$ESCINFO[Skin.String(CustomSub8_3.MultiFanart)])</onload>
    <onload condition="Stringcompare(Window(home).Property(MenuItem),CustomSub8_3)">Skin.SetString(ItemToEdit.Disable,$INFO[Skin.String(CustomSub8_3.Disable)])</onload>
    <onload condition="Stringcompare(Window(home).Property(MenuItem),CustomSub8_4)">Skin.SetString(ItemToEdit.Type,$INFO[Skin.String(CustomSub8_4.Type)])</onload>
    <onload condition="Stringcompare(Window(home).Property(MenuItem),CustomSub8_4)">Skin.SetString(ItemToEdit.Label,$ESCINFO[Skin.String(CustomSub8_4.Label)])</onload>
    <onload condition="Stringcompare(Window(home).Property(MenuItem),CustomSub8_4)">Skin.SetString(ItemToEdit.Path,$ESCINFO[Skin.String(CustomSub8_4.Path)])</onload>
    <onload condition="Stringcompare(Window(home).Property(MenuItem),CustomSub8_4)">Skin.SetString(ItemToEdit.MultiFanart,$ESCINFO[Skin.String(CustomSub8_4.MultiFanart)])</onload>
    <onload condition="Stringcompare(Window(home).Property(MenuItem),CustomSub8_4)">Skin.SetString(ItemToEdit.Disable,$INFO[Skin.String(CustomSub8_4.Disable)])</onload>
    <onload condition="Stringcompare(Window(home).Property(MenuItem),CustomSub8_5)">Skin.SetString(ItemToEdit.Type,$INFO[Skin.String(CustomSub8_5.Type)])</onload>
    <onload condition="Stringcompare(Window(home).Property(MenuItem),CustomSub8_5)">Skin.SetString(ItemToEdit.Label,$ESCINFO[Skin.String(CustomSub8_5.Label)])</onload>
    <onload condition="Stringcompare(Window(home).Property(MenuItem),CustomSub8_5)">Skin.SetString(ItemToEdit.Path,$ESCINFO[Skin.String(CustomSub8_5.Path)])</onload>
    <onload condition="Stringcompare(Window(home).Property(MenuItem),CustomSub8_5)">Skin.SetString(ItemToEdit.MultiFanart,$ESCINFO[Skin.String(CustomSub8_5.MultiFanart)])</onload>
    <onload condition="Stringcompare(Window(home).Property(MenuItem),CustomSub8_5)">Skin.SetString(ItemToEdit.Disable,$INFO[Skin.String(CustomSub8_5.Disable)])</onload>
    <onload condition="Stringcompare(Window(home).Property(MenuItem),CustomSub9_1)">Skin.SetString(ItemToEdit.Type,$INFO[Skin.String(CustomSub9_1.Type)])</onload>
    <onload condition="Stringcompare(Window(home).Property(MenuItem),CustomSub9_1)">Skin.SetString(ItemToEdit.Label,$ESCINFO[Skin.String(CustomSub9_1.Label)])</onload>
    <onload condition="Stringcompare(Window(home).Property(MenuItem),CustomSub9_1)">Skin.SetString(ItemToEdit.Path,$ESCINFO[Skin.String(CustomSub9_1.Path)])</onload>
    <onload condition="Stringcompare(Window(home).Property(MenuItem),CustomSub9_1)">Skin.SetString(ItemToEdit.MultiFanart,$ESCINFO[Skin.String(CustomSub9_1.MultiFanart)])</onload>
    <onload condition="Stringcompare(Window(home).Property(MenuItem),CustomSub9_1)">Skin.SetString(ItemToEdit.Disable,$INFO[Skin.String(CustomSub9_1.Disable)])</onload>
    <onload condition="Stringcompare(Window(home).Property(MenuItem),CustomSub9_2)">Skin.SetString(ItemToEdit.Type,$INFO[Skin.String(CustomSub9_2.Type)])</onload>
    <onload condition="Stringcompare(Window(home).Property(MenuItem),CustomSub9_2)">Skin.SetString(ItemToEdit.Label,$ESCINFO[Skin.String(CustomSub9_2.Label)])</onload>
    <onload condition="Stringcompare(Window(home).Property(MenuItem),CustomSub9_2)">Skin.SetString(ItemToEdit.Path,$ESCINFO[Skin.String(CustomSub9_2.Path)])</onload>
    <onload condition="Stringcompare(Window(home).Property(MenuItem),CustomSub9_2)">Skin.SetString(ItemToEdit.MultiFanart,$ESCINFO[Skin.String(CustomSub9_2.MultiFanart)])</onload>
    <onload condition="Stringcompare(Window(home).Property(MenuItem),CustomSub9_2)">Skin.SetString(ItemToEdit.Disable,$INFO[Skin.String(CustomSub9_2.Disable)])</onload>
    <onload condition="Stringcompare(Window(home).Property(MenuItem),CustomSub9_3)">Skin.SetString(ItemToEdit.Type,$INFO[Skin.String(CustomSub9_3.Type)])</onload>
    <onload condition="Stringcompare(Window(home).Property(MenuItem),CustomSub9_3)">Skin.SetString(ItemToEdit.Label,$ESCINFO[Skin.String(CustomSub9_3.Label)])</onload>
    <onload condition="Stringcompare(Window(home).Property(MenuItem),CustomSub9_3)">Skin.SetString(ItemToEdit.Path,$ESCINFO[Skin.String(CustomSub9_3.Path)])</onload>
    <onload condition="Stringcompare(Window(home).Property(MenuItem),CustomSub9_3)">Skin.SetString(ItemToEdit.MultiFanart,$ESCINFO[Skin.String(CustomSub9_3.MultiFanart)])</onload>
    <onload condition="Stringcompare(Window(home).Property(MenuItem),CustomSub9_3)">Skin.SetString(ItemToEdit.Disable,$INFO[Skin.String(CustomSub9_3.Disable)])</onload>
    <onload condition="Stringcompare(Window(home).Property(MenuItem),CustomSub9_4)">Skin.SetString(ItemToEdit.Type,$INFO[Skin.String(CustomSub9_4.Type)])</onload>
    <onload condition="Stringcompare(Window(home).Property(MenuItem),CustomSub9_4)">Skin.SetString(ItemToEdit.Label,$ESCINFO[Skin.String(CustomSub9_4.Label)])</onload>
    <onload condition="Stringcompare(Window(home).Property(MenuItem),CustomSub9_4)">Skin.SetString(ItemToEdit.Path,$ESCINFO[Skin.String(CustomSub9_4.Path)])</onload>
    <onload condition="Stringcompare(Window(home).Property(MenuItem),CustomSub9_4)">Skin.SetString(ItemToEdit.MultiFanart,$ESCINFO[Skin.String(CustomSub9_4.MultiFanart)])</onload>
    <onload condition="Stringcompare(Window(home).Property(MenuItem),CustomSub9_4)">Skin.SetString(ItemToEdit.Disable,$INFO[Skin.String(CustomSub9_4.Disable)])</onload>
    <onload condition="Stringcompare(Window(home).Property(MenuItem),CustomSub9_5)">Skin.SetString(ItemToEdit.Type,$INFO[Skin.String(CustomSub9_5.Type)])</onload>
    <onload condition="Stringcompare(Window(home).Property(MenuItem),CustomSub9_5)">Skin.SetString(ItemToEdit.Label,$ESCINFO[Skin.String(CustomSub9_5.Label)])</onload>
    <onload condition="Stringcompare(Window(home).Property(MenuItem),CustomSub9_5)">Skin.SetString(ItemToEdit.Path,$ESCINFO[Skin.String(CustomSub9_5.Path)])</onload>
    <onload condition="Stringcompare(Window(home).Property(MenuItem),CustomSub9_5)">Skin.SetString(ItemToEdit.MultiFanart,$ESCINFO[Skin.String(CustomSub9_5.MultiFanart)])</onload>
    <onload condition="Stringcompare(Window(home).Property(MenuItem),CustomSub9_5)">Skin.SetString(ItemToEdit.Disable,$INFO[Skin.String(CustomSub9_5.Disable)])</onload>
    <onload condition="Stringcompare(Window(home).Property(MenuItem),CustomSub0_1)">Skin.SetString(ItemToEdit.Type,$INFO[Skin.String(CustomSub0_1.Type)])</onload>
    <onload condition="Stringcompare(Window(home).Property(MenuItem),CustomSub0_1)">Skin.SetString(ItemToEdit.Label,$ESCINFO[Skin.String(CustomSub0_1.Label)])</onload>
    <onload condition="Stringcompare(Window(home).Property(MenuItem),CustomSub0_1)">Skin.SetString(ItemToEdit.Path,$ESCINFO[Skin.String(CustomSub0_1.Path)])</onload>
    <onload condition="Stringcompare(Window(home).Property(MenuItem),CustomSub0_1)">Skin.SetString(ItemToEdit.MultiFanart,$ESCINFO[Skin.String(CustomSub0_1.MultiFanart)])</onload>
    <onload condition="Stringcompare(Window(home).Property(MenuItem),CustomSub0_1)">Skin.SetString(ItemToEdit.Disable,$INFO[Skin.String(CustomSub0_1.Disable)])</onload>
    <onload condition="Stringcompare(Window(home).Property(MenuItem),CustomSub0_2)">Skin.SetString(ItemToEdit.Type,$INFO[Skin.String(CustomSub0_2.Type)])</onload>
    <onload condition="Stringcompare(Window(home).Property(MenuItem),CustomSub0_2)">Skin.SetString(ItemToEdit.Label,$ESCINFO[Skin.String(CustomSub0_2.Label)])</onload>
    <onload condition="Stringcompare(Window(home).Property(MenuItem),CustomSub0_2)">Skin.SetString(ItemToEdit.Path,$ESCINFO[Skin.String(CustomSub0_2.Path)])</onload>
    <onload condition="Stringcompare(Window(home).Property(MenuItem),CustomSub0_2)">Skin.SetString(ItemToEdit.MultiFanart,$ESCINFO[Skin.String(CustomSub0_2.MultiFanart)])</onload>
    <onload condition="Stringcompare(Window(home).Property(MenuItem),CustomSub0_2)">Skin.SetString(ItemToEdit.Disable,$INFO[Skin.String(CustomSub0_2.Disable)])</onload>
    <onload condition="Stringcompare(Window(home).Property(MenuItem),CustomSub0_3)">Skin.SetString(ItemToEdit.Type,$INFO[Skin.String(CustomSub0_3.Type)])</onload>
    <onload condition="Stringcompare(Window(home).Property(MenuItem),CustomSub0_3)">Skin.SetString(ItemToEdit.Label,$ESCINFO[Skin.String(CustomSub0_3.Label)])</onload>
    <onload condition="Stringcompare(Window(home).Property(MenuItem),CustomSub0_3)">Skin.SetString(ItemToEdit.Path,$ESCINFO[Skin.String(CustomSub0_3.Path)])</onload>
    <onload condition="Stringcompare(Window(home).Property(MenuItem),CustomSub0_3)">Skin.SetString(ItemToEdit.MultiFanart,$ESCINFO[Skin.String(CustomSub0_3.MultiFanart)])</onload>
    <onload condition="Stringcompare(Window(home).Property(MenuItem),CustomSub0_3)">Skin.SetString(ItemToEdit.Disable,$INFO[Skin.String(CustomSub0_3.Disable)])</onload>
    <onload condition="Stringcompare(Window(home).Property(MenuItem),CustomSub0_4)">Skin.SetString(ItemToEdit.Type,$INFO[Skin.String(CustomSub0_4.Type)])</onload>
    <onload condition="Stringcompare(Window(home).Property(MenuItem),CustomSub0_4)">Skin.SetString(ItemToEdit.Label,$ESCINFO[Skin.String(CustomSub0_4.Label)])</onload>
    <onload condition="Stringcompare(Window(home).Property(MenuItem),CustomSub0_4)">Skin.SetString(ItemToEdit.Path,$ESCINFO[Skin.String(CustomSub0_4.Path)])</onload>
    <onload condition="Stringcompare(Window(home).Property(MenuItem),CustomSub0_4)">Skin.SetString(ItemToEdit.MultiFanart,$ESCINFO[Skin.String(CustomSub0_4.MultiFanart)])</onload>
    <onload condition="Stringcompare(Window(home).Property(MenuItem),CustomSub0_4)">Skin.SetString(ItemToEdit.Disable,$INFO[Skin.String(CustomSub0_4.Disable)])</onload>
    <onload condition="Stringcompare(Window(home).Property(MenuItem),CustomSub0_5)">Skin.SetString(ItemToEdit.Type,$INFO[Skin.String(CustomSub0_5.Type)])</onload>
    <onload condition="Stringcompare(Window(home).Property(MenuItem),CustomSub0_5)">Skin.SetString(ItemToEdit.Label,$ESCINFO[Skin.String(CustomSub0_5.Label)])</onload>
    <onload condition="Stringcompare(Window(home).Property(MenuItem),CustomSub0_5)">Skin.SetString(ItemToEdit.Path,$ESCINFO[Skin.String(CustomSub0_5.Path)])</onload>
    <onload condition="Stringcompare(Window(home).Property(MenuItem),CustomSub0_5)">Skin.SetString(ItemToEdit.MultiFanart,$ESCINFO[Skin.String(CustomSub0_5.MultiFanart)])</onload>
    <onload condition="Stringcompare(Window(home).Property(MenuItem),CustomSub0_5)">Skin.SetString(ItemToEdit.Disable,$INFO[Skin.String(CustomSub0_5.Disable)])</onload>
    <onunload>Skin.SetString($INFO[Window(home).Property(MenuItem)].Type,$INFO[Skin.String(ItemToEdit.Type)])</onunload>
    <onunload>Skin.SetString($INFO[Window(home).Property(MenuItem)].MultiFanart,$ESCINFO[Skin.String(ItemToEdit.MultiFanart)])</onunload>
    <onunload>Skin.SetString($INFO[Window(home).Property(MenuItem)].Label,$ESCINFO[Skin.String(ItemToEdit.Label)])</onunload>
    <onunload>Skin.SetString($INFO[Window(home).Property(MenuItem)].Path,$ESCINFO[Skin.String(ItemToEdit.Path)])</onunload>
    <onunload>Skin.SetString($INFO[Window(home).Property(MenuItem)].Disable,$INFO[Skin.String(ItemToEdit.Disable)])</onunload>
    <controls>
        <control type="group">
            <visible>!Window.IsActive(1134) + !Window.IsActive(1138) + !Window.IsActive(1142) + !Window.IsActive(1143) + !Window.IsActive(1144) + !Window.IsActive(1145) + !Window.IsActive(1155)</visible>
            <include>Animation_DialogPopup</include>
            <control type="image">
                <left>456</left>
                <top>200</top>
                <width>1010</width>
                <height>450</height>
                <texture>osd/osd_settings_back_glow.png</texture>
                <colordiffuse>$VAR[ColorDiffuseVar]</colordiffuse>
                <visible>!Skin.HasSetting(DisableGlowbar)</visible>
                <include>PanelGlowFade</include>
            </control>
            <control type="image">
                <left>456</left>
                <top>200</top>
                <width>1010</width>
                <height>450</height>
                <texture>osd/osd_settings_back.png</texture>
                <colordiffuse>$VAR[DialogColorVar]</colordiffuse>
            </control>
            <control type="group">
                <control type="grouplist">
                    <left>875</left>
                    <top>240</top>
                    <width>1172</width>
                    <height>540</height>
                    <aligny>center</aligny>
                    <scrolltime>0</scrolltime>
                    <orientation>vertical</orientation>
                    <visible>!Window.IsActive(1134)</visible>
                    <include>Animation_VisibleChange200</include>
                    <control type="button">
                        <label>$LOCALIZE[31008]:</label>
                        <label2>[COLOR white]$VAR[CustomItemTypeNameVar][/COLOR]</label2>
                        <include>Objects_CustomizerInfoButton</include>
                    </control>
                    <control type="button">
                        <label>$LOCALIZE[31954]:</label>
                        <label2>[COLOR white]$INFO[Skin.String(ItemToEdit.Path)][/COLOR]</label2>
                        <include>Objects_CustomizerInfoButton</include>
                    </control>
                    <control type="button">
                        <label>$LOCALIZE[31958]:</label>
                        <label2>[COLOR white]$INFO[Skin.String(ItemToEdit.Label)][/COLOR]</label2>
                        <include>Objects_CustomizerInfoButton</include>
                    </control>
                    <control type="button">
                        <label>$LOCALIZE[31102]:</label>
                        <label2>[COLOR white]$VAR[CustomItemFanartLabelVar][/COLOR]</label2>
                        <include>Objects_CustomizerInfoButton</include>
                        <visible>Window.IsActive(1124)</visible>
                    </control>
                    <control type="button">
                        <label>$LOCALIZE[31098]:</label>
                        <label2>[COLOR white]$INFO[Skin.String(ItemToEdit.MultiFanart)][/COLOR]</label2>
                        <include>Objects_CustomizerInfoButton</include>
                        <visible>![Substring(Skin.String(ItemToEdit.MultiFanart),recent,left) | Substring(Skin.String(ItemToEdit.MultiFanart),widgetfanart,left) | Substring(Skin.String(ItemToEdit.MultiFanart),random,left) | Substring(Skin.String(ItemToEdit.MultiFanart),dvdcase,left) | Substring(Skin.String(ItemToEdit.MultiFanart),nocase,left) | Substring(Skin.String(ItemToEdit.MultiFanart),case,left) | Substring(Skin.String(ItemToEdit.MultiFanart),watchlist,left) | IsEmpty(Skin.String(ItemToEdit.MultiFanart))]</visible>
                        <visible>Window.IsActive(1124)</visible>
                    </control>
                    <control type="image">
                        <left>100</left>
                        <width>600</width>
                        <height>100</height>
                        <align>center</align>
                        <aspectratio>keep</aspectratio>
                        <texture>$INFO[Skin.String(ItemToEdit.MultiFanart)]</texture>
                    </control>
                </control>
                <control type="group">
                    <control type="grouplist" id="4">
                        <left>475</left>
                        <top>240</top>
                        <width>1172</width>
                        <height>540</height>
                        <aligny>center</aligny>
                        <scrolltime>0</scrolltime>
                        <orientation>vertical</orientation>
                        <visible>!Window.IsActive(1134)</visible>
                        <include>Animation_VisibleChange200</include>
                        <control type="radiobutton" id="7">
                            <label>$LOCALIZE[24021]</label>
                            <include>Objects_CustomizerSettingsButton</include>
                            <onclick condition="IsEmpty(Skin.String(ItemToEdit.Disable))">Skin.SetString(ItemToEdit.Disable,1)</onclick>
                            <onclick condition="!IsEmpty(Skin.String(ItemToEdit.Disable))">Skin.Reset(ItemToEdit.Disable)</onclick>
                            <onclick condition="IsEmpty(Skin.String(ItemToEdit.Disable))">Skin.SetString($INFO[Window(home).Property(MenuItem)].Disable,1)</onclick>
                            <onclick condition="!IsEmpty(Skin.String(ItemToEdit.Disable))">Skin.Reset($INFO[Window(home).Property(MenuItem)].Disable)</onclick>
                            <selected>!IsEmpty(Skin.String(ItemToEdit.Disable))</selected>
                        </control>
                        <control type="button" id="2140">
                            <label>$LOCALIZE[31956]</label>
                            <include>Objects_CustomizerSettingsButton</include>
                            <onclick>ActivateWindow(1142)</onclick>
                        </control>
                        <control type="button" id="2141">
                            <label>$LOCALIZE[31679]</label>
                            <include>Objects_CustomizerSettingsButton</include>
                            <onclick>Skin.SetString(ItemToEdit.Label)</onclick>
                            <onclick>Skin.SetString($INFO[Window(home).Property(MenuItem)].Label,$ESCINFO[Skin.String(ItemToEdit.Label)])</onclick>
                        </control>
                        <control type="button" id="2142">
                            <label>$LOCALIZE[31680]</label>
                            <include>Objects_CustomizerSettingsButton</include>
                            <onclick>ActivateWindow(1134)</onclick>
                            <visible>Window.IsActive(1124)</visible>
                        </control>
                        <control type="button" id="2144">
                            <label>31807</label>
                            <include>Objects_CustomizerSettingsButton</include>
                            <onclick>SetProperty(IconTarget,MultiFanart,1124)</onclick>
                            <onclick>ActivateWindow(1145)</onclick>
                            <visible>!Window.IsActive(1124)</visible>
                        </control>
                        <control type="button" id="2145">
                            <label>$LOCALIZE[31027]</label>
                            <include>Objects_CustomizerSettingsButton</include>
                            <onclick>Skin.Reset(ItemToEdit.Label)</onclick>
                            <onclick>Skin.Reset(ItemToEdit.Path)</onclick>
                            <onclick>Skin.Reset(ItemToEdit.MultiFanart)</onclick>
                            <onclick>Skin.Reset(ItemToEdit.Type)</onclick>
                        </control>
                    </control>
                </control>
            </control>
        </control>
    </controls>
</window>