<?xml version="1.0" encoding="utf-8"?>
<window type="dialog" id="1139">
    <defaultcontrol always="true">450</defaultcontrol>
    <onload>RunScript(script.extendedinfo,info=NearEvents)</onload>
    <controls>
        <control type="group">
            <include>Animation_OpenCloseZoom</include>
            <control type="image">
                <left>98</left>
                <top>68</top>
                <width>1723</width>
                <height>1065</height>
                <texture>wall/wall_bg_glow.png</texture>
                <colordiffuse>$VAR[ColorDiffuseVar]</colordiffuse>
                <visible>!Skin.HasSetting(DisableGlowbar)</visible>
                <include>PanelGlowFade</include>
                <animation effect="zoom" start="112,68,1695,1038" end="38,68,1845,1038" time="0" reversible="false" condition="Control.IsVisible(512)">Conditional</animation>
            </control>
            <control type="image">
                <left>98</left>
                <top>68</top>
                <width>1723</width>
                <height>1065</height>
                <texture>wall/wall_bg.png</texture>
                <colordiffuse>$VAR[DialogColorVar]</colordiffuse>
                <animation effect="zoom" start="112,68,1695,1038" end="38,68,1845,1038" time="0" reversible="false" condition="Control.IsVisible(512)">Conditional</animation>
            </control>
            <control type="panel" id="450">
                <left>110</left>
                <top>100</top>
                <width>1700</width>
                <height>880</height>
                <onup>450</onup>
                <onleft>Dialog.Close(1139)</onleft>
                <onright>450</onright>
                <ondown>450</ondown>
                <scrolltime>200</scrolltime>
                <itemlayout height="110" width="340">
                    <control type="image">
                        <width>340</width>
                        <height>110</height>
                        <texture border="5">button-nofocus.png</texture>
                    </control>
                    <control type="label">
                        <left>10</left>
                        <width>320</width>
                        <height>40</height>
                        <font>Font_Reg26</font>
                        <shadowcolor>black</shadowcolor>
                        <info>ListItem.Label</info>
                    </control>
                    <control type="label">
                        <left>10</left>
                        <top>30</top>
                        <width>320</width>
                        <height>40</height>
                        <font>Font_Reg26</font>
                        <shadowcolor>black</shadowcolor>
                        <textcolor>grey</textcolor>
                        <info>ListItem.Label2</info>
                    </control>
                    <control type="label">
                        <left>10</left>
                        <top>60</top>
                        <width>320</width>
                        <height>40</height>
                        <label>$INFO[ListItem.Property(City)] - $INFO[ListItem.Property(Name)]</label>
                        <font>Font_Reg26</font>
                        <shadowcolor>black</shadowcolor>
                        <textcolor>grey</textcolor>
                    </control>
                </itemlayout>
                <focusedlayout height="110" width="340">
                    <control type="image">
                        <width>340</width>
                        <height>110</height>
                        <texture border="3">button-nofocus.png</texture>
                        <visible>!Control.HasFocus(450)</visible>
                    </control>
                    <control type="image">
                        <width>340</width>
                        <height>110</height>
                        <texture border="8">views/tripanel/listselect_fo.png</texture>
                        <visible>Control.HasFocus(450)</visible>
                        <colordiffuse>$VAR[FocusTextureColorVar]</colordiffuse>
                    </control>
                    <control type="label">
                        <left>10</left>
                        <width>320</width>
                        <height>40</height>
                        <font>Font_Reg26</font>
                        <shadowcolor>black</shadowcolor>
                        <info>ListItem.Label</info>
                    </control>
                    <control type="label">
                        <left>10</left>
                        <top>30</top>
                        <width>320</width>
                        <height>40</height>
                        <font>Font_Reg26</font>
                        <shadowcolor>black</shadowcolor>
                        <textcolor>grey</textcolor>
                        <info>ListItem.Label2</info>
                    </control>
                    <control type="label">
                        <left>10</left>
                        <top>60</top>
                        <width>320</width>
                        <height>40</height>
                        <label>$INFO[ListItem.Property(City)] - $INFO[ListItem.Property(Name)]</label>
                        <font>Font_Reg26</font>
                        <shadowcolor>black</shadowcolor>
                        <textcolor>grey</textcolor>
                    </control>
                </focusedlayout>
                <content>
                    <include>ConcertsPanelContent1124</include>
                    <include>ConcertsPanelContent</include>
                </content>
            </control>
        </control>
    </controls>
</window>