<?xml version="1.0" encoding="utf-8"?>
<window id="1172" type="dialog">
    <defaultcontrol>5055</defaultcontrol>
    <onload condition="Control.IsVisible(5030)">SetFocus(5030)</onload>
    <backgroundcolor>backgroundcolor</backgroundcolor>
    <coordinates>
        <posx>0</posx>
        <posy>0</posy>
        <system>1</system>
    </coordinates>
    <controls>
        <include>DialogBackFade</include>
        <control type="group">
            <posx>135</posx>
            <posy>500</posy>
            <visible>!Window.IsActive(busydialog)</visible>
            <animation type="WindowOpen" reversible="false">
                <effect type="zoom" start="80" end="100" center="960,540" delay="1100" tween="back" time="240" />
                <effect type="fade" delay="1100" end="100" time="240" />
            </animation>
            <animation type="WindowClose" reversible="false">
                <effect type="zoom" start="100" end="80" center="960,540" easing="in" tween="back" time="240" />
                <effect type="fade" start="100" end="0" time="240" />
            </animation>
            <animation type="Visible" reversible="false">
                <effect type="zoom" start="80" end="100" center="960,540" delay="1100" tween="back" time="240" />
                <effect type="fade" delay="1100" end="100" time="240" />
            </animation>
            <animation type="Hidden" reversible="false">
                <effect type="zoom" start="100" end="80" center="960,540" easing="in" tween="back" time="240" />
                <effect type="fade" start="100" end="0" time="240" />
            </animation>
            <include>WidgetInfoPanel</include>
            <!--    <control type="label">
                <posx>417</posx>
                <posy>282</posy>
                <width>575</width>
                <height>66</height>
                <align>left</align>
                <font>Font_Reg22_Caps</font>
                <shadowcolor>black</shadowcolor>
                <label>$INFO[Window(home).Property(Budget),Budget: , Dollars]</label>
            </control>
            <control type="label">
                <posx>417</posx>
                <posy>313</posy>
                <width>575</width>
                <height>66</height>
                <align>left</align>
                <font>Font_Reg22_Caps</font>
                <shadowcolor>black</shadowcolor>
                <label>$INFO[Window(home).Property(Homepage),Online Info: [LOWERCASE],[/LOWERCASE]]</label>
            </control> -->
        </control>
    </controls>
</window>
