<?xml version="1.0" encoding="utf-8"?>
<window type="dialog" id="1150">
    <defaultcontrol always="true">4</defaultcontrol>
    <onload>ClearProperty(SubMenuType,1124)</onload>
    <onload>ClearProperty(custom1,1124)</onload>
    <onload>ClearProperty(custom2,1124)</onload>
    <onload>ClearProperty(custom3,1124)</onload>
    <onload>ClearProperty(custom4,1124)</onload>
    <onload>ClearProperty(custom5,1124)</onload>
    <onload>ClearProperty(custom6,1124)</onload>
    <onload>ClearProperty(custom7,1124)</onload>
    <onload>ClearProperty(custom8,1124)</onload>
    <onload>ClearProperty(custom9,1124)</onload>
    <onload>ClearProperty(custom0,1124)</onload>
    <onload condition="SubString(Skin.String(ItemToEdit.SubMenu),none)">SetProperty(SubmenuType,none,1124)</onload>
    <onload condition="SubString(Skin.String(ItemToEdit.SubMenu),movie)">SetProperty(SubmenuType,movies,1124)</onload>
    <onload condition="SubString(Skin.String(ItemToEdit.SubMenu),tv)">SetProperty(SubmenuType,tv,1124)</onload>
    <onload condition="SubString(Skin.String(ItemToEdit.SubMenu),music)">SetProperty(SubmenuType,music,1124)</onload>
    <onload condition="SubString(Skin.String(ItemToEdit.SubMenu),settings)">SetProperty(SubmenuType,settings,1124)</onload>
    <onload condition="SubString(Skin.String(ItemToEdit.SubMenu),shutdown)">SetProperty(SubmenuType,shutdown,1124)</onload>
    <onload condition="SubString(Skin.String(ItemToEdit.SubMenu),pvr)">SetProperty(SubmenuType,pvr,1124)</onload>
    <onload condition="SubString(Skin.String(ItemToEdit.SubMenu),videos)">SetProperty(SubmenuType,videos,1124)</onload>
    <onload condition="SubString(Skin.String(ItemToEdit.SubMenu),custom1)">SetProperty(custom1,custom1,1124)</onload>
    <onload condition="SubString(Skin.String(ItemToEdit.SubMenu),custom2)">SetProperty(custom2,custom2,1124)"</onload>
    <onload condition="SubString(Skin.String(ItemToEdit.SubMenu),custom3)">SetProperty(custom3,custom3,1124)"</onload>
    <onload condition="SubString(Skin.String(ItemToEdit.SubMenu),custom4)">SetProperty(custom4,custom4,1124)</onload>
    <onload condition="SubString(Skin.String(ItemToEdit.SubMenu),custom5)">SetProperty(custom5,custom5,1124)"</onload>
    <onload condition="SubString(Skin.String(ItemToEdit.SubMenu),custom6)">SetProperty(custom6,custom6,1124)"</onload>
    <onload condition="SubString(Skin.String(ItemToEdit.SubMenu),custom7)">SetProperty(custom7,custom7,1124)</onload>
    <onload condition="SubString(Skin.String(ItemToEdit.SubMenu),custom8)">SetProperty(custom8,custom8,1124)"</onload>
    <onload condition="SubString(Skin.String(ItemToEdit.SubMenu),custom9)">SetProperty(custom9,custom9,1124)</onload>
    <onload condition="SubString(Skin.String(ItemToEdit.SubMenu),custom0)">SetProperty(custom0,custom0,1124)"</onload>
    <controls>
        <control type="label" id="12111">
            <label>$INFO[Window(1124).Property(SubmenuType)]$INFO[Window(1124).Property(custom1)]$INFO[Window(1124).Property(custom2)]$INFO[Window(1124).Property(custom3)]$INFO[Window(1124).Property(custom4)]$INFO[Window(1124).Property(custom5)]$INFO[Window(1124).Property(custom6)]$INFO[Window(1124).Property(custom7)]$INFO[Window(1124).Property(custom8)]$INFO[Window(1124).Property(custom9)]$INFO[Window(1124).Property(custom0)] </label>
            <animation effect="fade" start="100" end="0" time="0" condition="true">conditional</animation>
        </control>
        <control type="group">
            <left>240</left>
            <top>-60</top>
            <include>Animation_OpenCloseZoom</include>
            <control type="image">
                <left>230</left>
                <top>120</top>
                <width>1020</width>
                <height>780</height>
                <texture border="20">osd/osd_settings_back_glow.png</texture>
                <colordiffuse>$VAR[ColorDiffuseVar]</colordiffuse>
                <visible>!Skin.HasSetting(DisableGlowbar)</visible>
                <include>PanelGlowFade</include>
            </control>
            <control type="image">
                <left>230</left>
                <top>120</top>
                <width>1020</width>
                <height>780</height>
                <texture border="20">osd/osd_settings_back.png</texture>
                <colordiffuse>$VAR[DialogColorVar]</colordiffuse>
            </control>
            <control type="label">
                <left>100</left>
                <top>180</top>
                <width>746</width>
                <height>40</height>
                <align>center</align>
                <label>31716</label>
                <font>Font_Reg31_Caps</font>
            </control>
            <control type="label">
                <left>550</left>
                <top>180</top>
                <width>746</width>
                <height>40</height>
                <align>center</align>
                <label>31717</label>
                <font>Font_Reg31_Caps</font>
            </control>
            <control type="panel" id="4">
                <left>250</left>
                <top>240</top>
                <width>600</width>
                <height>540</height>
                <onback>Skin.SetString(ItemToEdit.SubMenu,$INFO[Control.Getlabel(12111)])</onback>
                <scrolltime>0</scrolltime>
                <orientation>vertical</orientation>
                <onright>5</onright>
                <onleft>5</onleft>
                <itemlayout height="60" width="450">
                    <control type="image">
                        <width>450</width>
                        <height>60</height>
                        <texture>button-nofocus.png</texture>
                        <colordiffuse>$VAR[ColorDiffuseVar]</colordiffuse>
                    </control>
                    <control type="label">
                        <width>450</width>
                        <height>60</height>
                        <textoffsetx>10</textoffsetx>
                        <label>$INFO[ListItem.Label]</label>
                        <font>Font_Reg30_2</font>
                        <textcolor>grey2</textcolor>
                    </control>
                </itemlayout>
                <focusedlayout height="60" width="450">
                    <control type="group">
                        <visible>Control.HasFocus(4)</visible>
                        <control type="image">
                            <width>450</width>
                            <height>60</height>
                            <texture border="8">views/tripanel/listselect_fo.png</texture>
                            <colordiffuse>$VAR[FocusTextureColorVar]</colordiffuse>
                        </control>
                        <control type="label">
                            <width>450</width>
                            <height>60</height>
                            <textoffsetx>10</textoffsetx>
                            <label>$INFO[ListItem.Label]</label>
                            <font>Font_Reg30_2</font>
                            <scroll>true</scroll>
                        </control>
                    </control>
                    <control type="group">
                        <visible>!Control.HasFocus(4)</visible>
                        <control type="image">
                            <width>450</width>
                            <height>60</height>
                            <texture>button-nofocus.png</texture>
                            <colordiffuse>$VAR[ColorDiffuseVar]</colordiffuse>
                        </control>
                        <control type="label">
                            <width>450</width>
                            <textoffsetx>10</textoffsetx>
                            <label>$INFO[ListItem.Label]</label>
                            <font>Font_Reg30_2</font>
                            <textcolor>grey2</textcolor>
                        </control>
                    </control>
                    <control type="label">
                        <width>450</width>
                        <textoffsetx>10</textoffsetx>
                        <label>$INFO[ListItem.Label]</label>
                        <font>Font_Reg30_2</font>
                        <textcolor>red</textcolor>
                        <visible>Substring(Skin.String(ItemToEdit.Submenu),ListItem.Property(Sub))</visible>
                    </control>
                </focusedlayout>
                <content>
                    <item>
                        <label>31719</label>
                        <onclick>SetProperty(SubmenuType,none,1124)</onclick>
                        <onclick>Skin.SetString(ItemToEdit.SubMenu,$INFO[Control.Getlabel(12111)])</onclick>
                        <onclick>Dialog.Close(1150)</onclick>
                    </item>
                    <item>
                        <label>31720</label>
                        <onclick>SetProperty(SubmenuType,movies,1124)</onclick>
                        <onclick>Skin.SetString(ItemToEdit.SubMenu,$INFO[Control.Getlabel(12111)])</onclick>
                        <onclick>Dialog.Close(1150)</onclick>
                    </item>
                    <item>
                        <label>31721</label>
                        <onclick>SetProperty(SubmenuType,tv,1124)</onclick>
                        <onclick>Skin.SetString(ItemToEdit.SubMenu,$INFO[Control.Getlabel(12111)])</onclick>
                        <onclick>Dialog.Close(1150)</onclick>
                    </item>
                    <item>
                        <label>31722</label>
                        <onclick>SetProperty(SubmenuType,music,1124)</onclick>
                        <onclick>Skin.SetString(ItemToEdit.SubMenu,$INFO[Control.Getlabel(12111)])</onclick>
                        <onclick>Dialog.Close(1150)</onclick>
                    </item>
                    <item>
                        <label>31723</label>
                        <onclick>SetProperty(SubmenuType,settings,1124)</onclick>
                        <onclick>Skin.SetString(ItemToEdit.SubMenu,$INFO[Control.Getlabel(12111)])</onclick>
                        <onclick>Dialog.Close(1150)</onclick>
                    </item>
                    <item>
                        <label>31724</label>
                        <onclick>SetProperty(SubmenuType,shutdown,1124)</onclick>
                        <onclick>Skin.SetString(ItemToEdit.SubMenu,$INFO[Control.Getlabel(12111)])</onclick>
                        <onclick>Dialog.Close(1150)</onclick>
                    </item>
                    <item>
                        <label>31725</label>
                        <onclick>SetProperty(SubmenuType,pvr,1124)</onclick>
                        <onclick>Skin.SetString(ItemToEdit.SubMenu,$INFO[Control.Getlabel(12111)])</onclick>
                        <onclick>Dialog.Close(1150)</onclick>
                    </item>
                    <item>
                        <label>31726</label>
                        <onclick>SetProperty(SubmenuType,videos,1124)</onclick>
                        <onclick>Skin.SetString(ItemToEdit.SubMenu,$INFO[Control.Getlabel(12111)])</onclick>
                        <onclick>Dialog.Close(1150)</onclick>
                    </item>
                </content>
            </control>
            <control type="grouplist" id="5">
                <left>700</left>
                <top>240</top>
                <width>1172</width>
                <height>720</height>
                <aligny>center</aligny>
                <scrolltime>0</scrolltime>
                <onleft>4</onleft>
                <onright>4</onright>
                <onback>Skin.SetString(ItemToEdit.SubMenu,$INFO[Control.Getlabel(12111)])</onback>
                <orientation>vertical</orientation>
                <visible>!Window.IsActive(1134)</visible>
                <include>Animation_VisibleChange200</include>
                <control type="radiobutton" id="7">
                    <label>$LOCALIZE[31718] 1 (1-5)</label>
                    <include>Objects_SubMenuSettingsButton</include>
                    <onclick condition="IsEmpty(Window(1124).Property(custom1))">SetProperty(custom1,custom1,1124)</onclick>
                    <onclick condition="!IsEmpty(Window(1124).Property(custom1))">ClearProperty(custom1,1124)</onclick>
                    <selected>!IsEmpty(Window(1124).Property(custom1))</selected>
                </control>
                <control type="radiobutton" id="8">
                    <label>$LOCALIZE[31718] 2 (6-10)</label>
                    <include>Objects_SubMenuSettingsButton</include>
                    <onclick condition="IsEmpty(Window(1124).Property(custom2))">SetProperty(custom2,custom2,1124)</onclick>
                    <onclick condition="!IsEmpty(Window(1124).Property(custom2))">ClearProperty(custom2,1124)</onclick>
                    <selected>!IsEmpty(Window(1124).Property(custom2))</selected>
                </control>
                <control type="radiobutton" id="9">
                    <label>$LOCALIZE[31718] 3 (11-15)</label>
                    <include>Objects_SubMenuSettingsButton</include>
                    <onclick condition="IsEmpty(Window(1124).Property(custom3))">SetProperty(custom3,custom3,1124)</onclick>
                    <onclick condition="!IsEmpty(Window(1124).Property(custom3))">ClearProperty(custom3,1124)</onclick>
                    <selected>!IsEmpty(Window(1124).Property(custom3))</selected>
                </control>
                <control type="radiobutton" id="10">
                    <label>$LOCALIZE[31718] 4 (16-20)</label>
                    <include>Objects_SubMenuSettingsButton</include>
                    <onclick condition="IsEmpty(Window(1124).Property(custom4))">SetProperty(custom4,custom4,1124)</onclick>
                    <onclick condition="!IsEmpty(Window(1124).Property(custom4))">ClearProperty(custom4,1124)</onclick>
                    <selected>!IsEmpty(Window(1124).Property(custom4))</selected>
                </control>
                <control type="radiobutton" id="11">
                    <label>$LOCALIZE[31718] 5 (21-25)</label>
                    <include>Objects_SubMenuSettingsButton</include>
                    <onclick condition="IsEmpty(Window(1124).Property(custom5))">SetProperty(custom5,custom5,1124)</onclick>
                    <onclick condition="!IsEmpty(Window(1124).Property(custom5))">ClearProperty(custom5,1124)</onclick>
                    <selected>!IsEmpty(Window(1124).Property(custom5))</selected>
                </control>
                <control type="radiobutton" id="12">
                    <label>$LOCALIZE[31718] 6 (26-30)</label>
                    <include>Objects_SubMenuSettingsButton</include>
                    <onclick condition="IsEmpty(Window(1124).Property(custom6))">SetProperty(custom6,custom6,1124)</onclick>
                    <onclick condition="!IsEmpty(Window(1124).Property(custom6))">ClearProperty(custom6,1124)</onclick>
                    <selected>!IsEmpty(Window(1124).Property(custom6))</selected>
                </control>
                <control type="radiobutton" id="13">
                    <label>$LOCALIZE[31718] 7 (31-35)</label>
                    <include>Objects_SubMenuSettingsButton</include>
                    <onclick condition="IsEmpty(Window(1124).Property(custom7))">SetProperty(custom7,custom7,1124)</onclick>
                    <onclick condition="!IsEmpty(Window(1124).Property(custom7))">ClearProperty(custom7,1124)</onclick>
                    <selected>!IsEmpty(Window(1124).Property(custom7))</selected>
                </control>
                <control type="radiobutton" id="14">
                    <label>$LOCALIZE[31718] 8 (36-40)</label>
                    <include>Objects_SubMenuSettingsButton</include>
                    <onclick condition="IsEmpty(Window(1124).Property(custom8))">SetProperty(custom8,custom8,1124)</onclick>
                    <onclick condition="!IsEmpty(Window(1124).Property(custom8))">ClearProperty(custom8,1124)</onclick>
                    <selected>!IsEmpty(Window(1124).Property(custom8))</selected>
                </control>
                <control type="radiobutton" id="15">
                    <label>$LOCALIZE[31718] 9 (41-45)</label>
                    <include>Objects_SubMenuSettingsButton</include>
                    <onclick condition="IsEmpty(Window(1124).Property(custom9))">SetProperty(custom9,custom9,1124)</onclick>
                    <onclick condition="!IsEmpty(Window(1124).Property(custom9))">ClearProperty(custom9,1124)</onclick>
                    <selected>!IsEmpty(Window(1124).Property(custom9))</selected>
                </control>
                <control type="radiobutton" id="16">
                    <label>$LOCALIZE[31718] 10 (46-50)</label>
                    <include>Objects_SubMenuSettingsButton</include>
                    <onclick condition="IsEmpty(Window(1124).Property(custom0))">SetProperty(custom0,custom0,1124)</onclick>
                    <onclick condition="!IsEmpty(Window(1124).Property(custom0))">ClearProperty(custom0,1124)</onclick>
                    <selected>!IsEmpty(Window(1124).Property(custom0))</selected>
                </control>
            </control>
        </control>
    </controls>
</window>