<?xml version="1.0" encoding="utf-8"?>
<window type="dialog" id="1143">
    <defaultcontrol always="true">4</defaultcontrol>
    <controls>
        <control type="group">
            <left>280</left>
            <include>Animation_OpenCloseZoom</include>
            <control type="image">
                <left>230</left>
                <top>200</top>
                <width>940</width>
                <height>560</height>
                <texture border="20">osd/osd_settings_back_glow.png</texture>
                <colordiffuse>$VAR[ColorDiffuseVar]</colordiffuse>
                <visible>!Skin.HasSetting(DisableGlowbar)</visible>
                <include>PanelGlowFade</include>
            </control>
            <control type="image">
                <left>230</left>
                <top>200</top>
                <width>940</width>
                <height>560</height>
                <texture border="20">osd/osd_settings_back.png</texture>
                <colordiffuse>$VAR[DialogColorVar]</colordiffuse>
            </control>
            <control type="panel" id="4">
                <left>250</left>
                <top>240</top>
                <width>900</width>
                <height>540</height>
                <scrolltime>0</scrolltime>
                <orientation>vertical</orientation>
                <onright>20</onright>
                <itemlayout height="60" width="300">
                    <control type="image">
                        <width>300</width>
                        <height>60</height>
                        <texture>button-nofocus.png</texture>
                        <colordiffuse>$VAR[ColorDiffuseVar]</colordiffuse>
                    </control>
                    <control type="label">
                        <width>300</width>
                        <height>60</height>
                        <textoffsetx>10</textoffsetx>
                        <label>$INFO[ListItem.Label]</label>
                        <font>Font_Reg30_2</font>
                        <textcolor>grey2</textcolor>
                    </control>
                </itemlayout>
                <focusedlayout height="60" width="300">
                    <control type="group">
                        <visible>Control.HasFocus(4)</visible>
                        <control type="image">
                            <width>300</width>
                            <height>60</height>
                            <texture border="8">views/tripanel/listselect_fo.png</texture>
                            <colordiffuse>$VAR[FocusTextureColorVar]</colordiffuse>
                        </control>
                        <control type="label">
                            <width>300</width>
                            <height>60</height>
                            <textoffsetx>10</textoffsetx>
                            <label>$INFO[ListItem.Label]</label>
                            <font>Font_Reg30_2</font>
                            <scroll>true</scroll>
                        </control>
                    </control>
                    <control type="group">
                        <visible>!Control.HasFocus(4)</visible>
                        <control type="image">
                            <width>300</width>
                            <height>60</height>
                            <texture>button-nofocus.png</texture>
                            <colordiffuse>$VAR[ColorDiffuseVar]</colordiffuse>
                        </control>
                        <control type="label">
                            <width>300</width>
                            <textoffsetx>10</textoffsetx>
                            <label>$INFO[ListItem.Label]</label>
                            <font>Font_Reg30_2</font>
                            <textcolor>grey2</textcolor>
                        </control>
                    </control>
                </focusedlayout>
                <content>
                    <item>
                        <label>$LOCALIZE[231]</label>
                        <onclick>Skin.Reset(ItemToEdit.Type)</onclick>
                        <onclick>Dialog.Close(1143)</onclick>
                    </item>
                    <item>
                        <label>342</label>
                        <onclick>Skin.SetString(ItemToEdit.Type,7)</onclick>
                        <onclick>Skin.SetString(ItemToEdit.Label,$LOCALIZE[342])</onclick>
                        <onclick>Dialog.Close(1143)</onclick>
                        <onclick>Skin.SetString(ItemToEdit.Path,ReplaceWindow(Videos,MovieTitles,return))</onclick>
                    </item>
                    <item>
                        <label>20343</label>
                        <onclick>Skin.SetString(ItemToEdit.Type,7)</onclick>
                        <onclick>Skin.SetString(ItemToEdit.Label,$LOCALIZE[20343])</onclick>
                        <onclick>Dialog.Close(1143)</onclick>
                        <onclick>Skin.SetString(ItemToEdit.Path,ReplaceWindow(Videos,TvShowTitles,return))</onclick>
                    </item>
                    <item>
                        <label>20389</label>
                        <onclick>Skin.SetString(ItemToEdit.Type,7)</onclick>
                        <onclick>Skin.SetString(ItemToEdit.Label,$LOCALIZE[20389])</onclick>
                        <onclick>Dialog.Close(1143)</onclick>
                        <onclick>Skin.SetString(ItemToEdit.Path,ReplaceWindow(Videos,MusicVideoTitles,return))</onclick>
                    </item>
                    <item>
                        <label>1037</label>
                        <onclick>Skin.SetString(ItemToEdit.Type,7)</onclick>
                        <onclick>Skin.SetString(ItemToEdit.Label,$LOCALIZE[1037])</onclick>
                        <onclick>Dialog.Close(1143)</onclick>
                        <onclick>Skin.SetString(ItemToEdit.Path,ReplaceWindow(Videos,Addons,return))</onclick>
                    </item>
                    <item>
                        <label>31847</label>
                        <onclick>Skin.SetString(ItemToEdit.Type,7)</onclick>
                        <onclick>Skin.SetString(ItemToEdit.Label,$LOCALIZE[31847])</onclick>
                        <onclick>Dialog.Close(1143)</onclick>
                        <onclick>Skin.SetString(ItemToEdit.Path,ReplaceWindow(Videos,Files))</onclick>
                    </item>
                    <item>
                        <label>31848</label>
                        <onclick>Skin.SetString(ItemToEdit.Type,7)</onclick>
                        <onclick>Skin.SetString(ItemToEdit.Label,$LOCALIZE[31848])</onclick>
                        <onclick>Dialog.Close(1143)</onclick>
                        <onclick>Skin.SetString(ItemToEdit.Path,ReplaceWindow(Videos,MovieGenres,return))</onclick>
                    </item>
                    <item>
                        <label>31845</label>
                        <onclick>Skin.SetString(ItemToEdit.Type,7)</onclick>
                        <onclick>Skin.SetString(ItemToEdit.Label,$LOCALIZE[31845])</onclick>
                        <onclick>Dialog.Close(1143)</onclick>
                        <onclick>Skin.SetString(ItemToEdit.Path,ReplaceWindow(Videos,MovieSets,return))</onclick>
                    </item>
                    <item>
                        <label>400</label>
                        <onclick>Skin.SetString(ItemToEdit.Type,7)</onclick>
                        <onclick>Skin.SetString(ItemToEdit.Label,$LOCALIZE[400])</onclick>
                        <onclick>Dialog.Close(1143)</onclick>
                        <onclick>Skin.SetString(ItemToEdit.Path,ReplaceWindow(Weather))</onclick>
                    </item>
                    <item>
                        <label>10040</label>
                        <onclick>Skin.SetString(ItemToEdit.Type,7)</onclick>
                        <onclick>Skin.SetString(ItemToEdit.Label,$LOCALIZE[10040])</onclick>
                        <onclick>Dialog.Close(1143)</onclick>
                        <onclick>Skin.SetString(ItemToEdit.Path,ReplaceWindow(AddonBrowser))</onclick>
                    </item>
                    <item>
                        <label>1038</label>
                        <onclick>Skin.SetString(ItemToEdit.Type,7)</onclick>
                        <onclick>Skin.SetString(ItemToEdit.Label,$LOCALIZE[1038])</onclick>
                        <onclick>Dialog.Close(1143)</onclick>
                        <onclick>Skin.SetString(ItemToEdit.Path,ReplaceWindow(MusicLibrary,Addons,return))</onclick>
                    </item>
                    <item>
                        <label>1043</label>
                        <onclick>Skin.SetString(ItemToEdit.Type,7)</onclick>
                        <onclick>Skin.SetString(ItemToEdit.Label,$LOCALIZE[1043])</onclick>
                        <onclick>Dialog.Close(1143)</onclick>
                        <onclick>Skin.SetString(ItemToEdit.Path,ReplaceWindow(Programs,addons,return))</onclick>
                    </item>
                    <item>
                        <label>31850</label>
                        <onclick>Skin.SetString(ItemToEdit.Type,7)</onclick>
                        <onclick>Skin.SetString(ItemToEdit.Label,$LOCALIZE[31850])</onclick>
                        <onclick>Dialog.Close(1143)</onclick>
                        <onclick>Skin.SetString(ItemToEdit.Path,ReplaceWindow(1124))</onclick>
                    </item>
                    <item>
                        <label>10004</label>
                        <onclick>Skin.SetString(ItemToEdit.Type,7)</onclick>
                        <onclick>Skin.SetString(ItemToEdit.Label,$LOCALIZE[10004])</onclick>
                        <onclick>Dialog.Close(1143)</onclick>
                        <onclick>Skin.SetString(ItemToEdit.Path,ReplaceWindow(Settings,return))</onclick>
                    </item>
                    <item>
                        <label>10003</label>
                        <onclick>Skin.SetString(ItemToEdit.Type,7)</onclick>
                        <onclick>Skin.SetString(ItemToEdit.Label,$LOCALIZE[10003])</onclick>
                        <onclick>Dialog.Close(1143)</onclick>
                        <onclick>Skin.SetString(ItemToEdit.Path,ReplaceWindow(FileManager))</onclick>
                    </item>
                    <item>
                        <label>1036</label>
                        <onclick>Skin.SetString(ItemToEdit.Type,7)</onclick>
                        <onclick>Skin.SetString(ItemToEdit.Label,$LOCALIZE[1036])</onclick>
                        <onclick>Dialog.Close(1143)</onclick>
                        <onclick>Skin.SetString(ItemToEdit.Path,ActivateWindow(Favourites))</onclick>
                    </item>
                    <item>
                        <label>31851</label>
                        <onclick>Skin.SetString(ItemToEdit.Type,7)</onclick>
                        <onclick>Skin.SetString(ItemToEdit.Label,$LOCALIZE[31851])</onclick>
                        <onclick>Dialog.Close(1143)</onclick>
                        <onclick>Skin.SetString(ItemToEdit.Path,ActivateWindow(114))</onclick>
                    </item>
                    <item>
                        <label>31852</label>
                        <onclick>Skin.SetString(ItemToEdit.Type,7)</onclick>
                        <onclick>Skin.SetString(ItemToEdit.Label,$LOCALIZE[31852])</onclick>
                        <onclick>Dialog.Close(1143)</onclick>
                        <onclick>Skin.SetString(ItemToEdit.Path,ReplaceWindow(MusicLibrary))</onclick>
                    </item>
                    <item>
                        <label>$LOCALIZE[31852] ($LOCALIZE[133])</label>
                        <onclick>Skin.SetString(ItemToEdit.Type,7)</onclick>
                        <onclick>Skin.SetString(ItemToEdit.Label,$LOCALIZE[31852])</onclick>
                        <onclick>Dialog.Close(1143)</onclick>
                        <onclick>Skin.SetString(ItemToEdit.Path,ReplaceWindow(MusicLibrary,artists,return))</onclick>
                    </item>
                    <item>
                        <label>$LOCALIZE[31852] ($LOCALIZE[20108])</label>
                        <onclick>Skin.SetString(ItemToEdit.Type,7)</onclick>
                        <onclick>Skin.SetString(ItemToEdit.Label,$LOCALIZE[31852])</onclick>
                        <onclick>Dialog.Close(1143)</onclick>
                        <onclick>Skin.SetString(ItemToEdit.Path,ReplaceWindow(MusicLibrary,root,return))</onclick>
                    </item>
                    <item>
                        <label>31853</label>
                        <onclick>Skin.SetString(ItemToEdit.Type,7)</onclick>
                        <onclick>Skin.SetString(ItemToEdit.Label,$LOCALIZE[31853])</onclick>
                        <onclick>Dialog.Close(1143)</onclick>
                        <onclick>Skin.SetString(ItemToEdit.Path,ReplaceWindow(MusicFiles))</onclick>
                    </item>
                    <item>
                        <label>31854</label>
                        <onclick>Skin.SetString(ItemToEdit.Type,7)</onclick>
                        <onclick>Skin.SetString(ItemToEdit.Label,$LOCALIZE[31854])</onclick>
                        <onclick>Dialog.Close(1143)</onclick>
                        <onclick>Skin.SetString(ItemToEdit.Path,ReplaceWindow(PVR))</onclick>
                    </item>
                    <item>
                        <label>31818</label>
                        <onclick>Skin.SetString(ItemToEdit.Type,7)</onclick>
                        <onclick>Skin.SetString(ItemToEdit.Label,$LOCALIZE[31818])</onclick>
                        <onclick>Dialog.Close(1143)</onclick>
                        <onclick>Skin.SetString(ItemToEdit.Path,ActivateWindow(1139))</onclick>
                    </item>
                    <item>
                        <label>31855</label>
                        <onclick>Skin.SetString(ItemToEdit.Type,7)</onclick>
                        <onclick>Skin.SetString(ItemToEdit.Label,$LOCALIZE[31855])</onclick>
                        <onclick>Dialog.Close(1143)</onclick>
                        <onclick>Skin.SetString(ItemToEdit.Path,ActivateWindow(1147))</onclick>
                    </item>
                    <item>
                        <label>31856</label>
                        <onclick>Skin.SetString(ItemToEdit.Type,7)</onclick>
                        <onclick>Skin.SetString(ItemToEdit.Label,$LOCALIZE[31856])</onclick>
                        <onclick>Dialog.Close(1143)</onclick>
                        <onclick>Skin.SetString(ItemToEdit.Path,FullScreen)</onclick>
                    </item>
                </content>
            </control>
        </control>
    </controls>
</window>