<?xml version="1.0" encoding="utf-8"?>
<window type="dialog" id="1122">
    <defaultcontrol always="true">4</defaultcontrol>
    <onunload>Skin.SetString($INFO[Window(home).Property(MenuItem)].Type,$INFO[Skin.String(ItemToEdit.Type)])</onunload>
    <onunload>Skin.SetString($INFO[Window(home).Property(MenuItem)].MultiFanart,$ESCINFO[Skin.String(ItemToEdit.MultiFanart)])</onunload>
    <onunload>Skin.SetString($INFO[Window(home).Property(MenuItem)].Label,$ESCINFO[Skin.String(ItemToEdit.Label)])</onunload>
    <onunload>Skin.SetString($INFO[Window(home).Property(MenuItem)].Path,$ESCINFO[Skin.String(ItemToEdit.Path)])</onunload>
    <onunload>Skin.SetString($INFO[Window(home).Property(MenuItem)].Widget,$INFO[Skin.String(ItemToEdit.Widget)])</onunload>
    <onunload>Skin.SetString($INFO[Window(home).Property(MenuItem)].Widget2,$INFO[Skin.String(ItemToEdit.Widget2)])</onunload>
    <onunload>Skin.SetString($INFO[Window(home).Property(MenuItem)].WidgetTitle,$ESCINFO[Skin.String(ItemToEdit.WidgetTitle)])</onunload>
    <onunload>Skin.SetString($INFO[Window(home).Property(MenuItem)].Widget2Title,$ESCINFO[Skin.String(ItemToEdit.Widget2Title)])</onunload>
    <onunload>Skin.SetString($INFO[Window(home).Property(MenuItem)].Disable,$INFO[Skin.String(ItemToEdit.Disable)])</onunload>
    <onunload>Skin.SetString($INFO[Window(home).Property(MenuItem)].Icon,$ESCINFO[Skin.String(ItemToEdit.Icon)])</onunload>
    <onunload>Skin.SetString($INFO[Window(home).Property(MenuItem)].InfoLine,$INFO[Skin.String(ItemToEdit.InfoLine)])</onunload>
    <onunload>Skin.SetString($INFO[Window(home).Property(MenuItem)].SubMenu,$INFO[Skin.String(ItemToEdit.SubMenu)])</onunload>
    <onunload condition="IsEmpty(Window(1124).Property(ResetItem))">ClearProperty(MenuItem,home)</onunload>
	---brentos
    <onunload condition="Skin.HasSetting(mainmenuicons) | !IsEmpty(Window(1124).Property(ResetItem))">Control.Move(9000,15)</onunload>
    <onunload condition="Skin.HasSetting(mainmenuicons) | !IsEmpty(Window(1124).Property(ResetItem))">AlarmClock(Test3,Dialog.Close(1156),00:01,silent)</onunload>
    <onunload condition="Skin.HasSetting(mainmenuicons) | !IsEmpty(Window(1124).Property(ResetItem))">ActivateWindow(1156)</onunload>

	<onunload>SetFocus(9000)</onunload>
    <controls>
        <control type="group">
            <top>-40</top>
            <visible>!Window.IsActive(script-RSS_Editor-rssEditor.xml) + !Window.IsActive(1137) + !Window.IsActive(1150) + !Window.IsActive(1133) + !Window.IsActive(1134) + !Window.IsActive(1138) + !Window.IsActive(1142) + !Window.IsActive(1143) + !Window.IsActive(1144) + !Window.IsActive(1145) + !Window.IsActive(1146) + !Window.IsActive(1155) + !Window.IsVisible(DialogKeyboard.xml)</visible>
            <include>Animation_DialogPopup</include>
            <control type="image">
                <left>456</left>
                <top>200</top>
                <width>1010</width>
                <height>810</height>
                <texture>osd/osd_settings_back_glow.png</texture>
                <colordiffuse>$VAR[ColorDiffuseVar]</colordiffuse>
                <visible>!Skin.HasSetting(DisableGlowbar)</visible>
                <include>PanelGlowFade</include>
                <include>Animation_VisibleChange400</include>
            </control>
            <control type="image">
                <left>456</left>
                <top>200</top>
                <width>1010</width>
                <height>810</height>
                <texture>osd/osd_settings_back.png</texture>
                <colordiffuse>$VAR[DialogColorVar]</colordiffuse>
            </control>
            <control type="group">
                <control type="grouplist">
                    <left>875</left>
                    <top>240</top>
                    <width>1172</width>
                    <height>720</height>
                    <aligny>center</aligny>
                    <scrolltime>0</scrolltime>
                    <orientation>vertical</orientation>
                    <visible>!Window.IsActive(1134)</visible>
                    <include>Animation_VisibleChange200</include>
                    <control type="button">
                        <label>$LOCALIZE[31008]:</label>
                        <label2>[COLOR white]$VAR[CustomItemTypeNameVar][/COLOR]</label2>
                        <include>Objects_CustomizerInfoButton</include>
                    </control>
                    <control type="button">
                        <label>$LOCALIZE[31954]:</label>
                        <label2>[COLOR white]$INFO[Skin.String(ItemToEdit.Path)][/COLOR]</label2>
                        <include>Objects_CustomizerInfoButton</include>
                    </control>
                    <control type="button">
                        <label>$LOCALIZE[31958]:</label>
                        <label2>[COLOR white]$INFO[Skin.String(ItemToEdit.Label)][/COLOR]</label2>
                        <include>Objects_CustomizerInfoButton</include>
                    </control>
                    <control type="button">
                        <label>$LOCALIZE[31295]:</label>
                        <label2>[COLOR white]$INFO[Skin.String(ItemToEdit.WidgetTitle)][/COLOR]</label2>
                        <include>Objects_CustomizerInfoButton</include>
                    </control>
                    <control type="button">
                        <label>$LOCALIZE[31295] 2:</label>
                        <label2>[COLOR white]$INFO[Skin.String(ItemToEdit.Widget2Title)][/COLOR]</label2>
                        <include>Objects_CustomizerInfoButton</include>
                    </control>
                    <control type="button">
                        <label>$LOCALIZE[31102]:</label>
                        <label2>[COLOR white]$VAR[CustomItemFanartLabelVar][/COLOR]</label2>
                        <include>Objects_CustomizerInfoButton</include>
                    </control>
                    <control type="button">
                        <label>$LOCALIZE[31098]:</label>
                        <label2>[COLOR white]$INFO[Skin.String(ItemToEdit.MultiFanart)][/COLOR]</label2>
                        <include>Objects_CustomizerInfoButton</include>
                        <visible>![Substring(Skin.String(ItemToEdit.MultiFanart),recent,left) | Substring(Skin.String(ItemToEdit.MultiFanart),widgetfanart,left) | Substring(Skin.String(ItemToEdit.MultiFanart),random,left) | Substring(Skin.String(ItemToEdit.MultiFanart),dvdcase,left) | Substring(Skin.String(ItemToEdit.MultiFanart),nocase,left) | Substring(Skin.String(ItemToEdit.MultiFanart),case,left) | Substring(Skin.String(ItemToEdit.MultiFanart),watchlist,left) | IsEmpty(Skin.String(ItemToEdit.MultiFanart))]</visible>
                    </control>
                    <control type="button">
                        <label>$LOCALIZE[31683]:</label>
                        <label2>[COLOR white]$INFO[Skin.String(ItemToEdit.InfoLine)][/COLOR]</label2>
                        <include>Objects_CustomizerInfoButton</include>
                    </control>
                    <control type="button">
                        <label>$LOCALIZE[31695]:</label>
                        <label2>[COLOR white]$VAR[CustomItemSubmenuLabelVar] $VAR[CustomSubMenuItemsVar][/COLOR]</label2>
                        <include>Objects_CustomizerInfoButton</include>
                    </control>
                    <control type="image">
                        <left>100</left>
                        <width>600</width>
                        <height>100</height>
                        <align>center</align>
                        <aspectratio>keep</aspectratio>
                        <texture>$INFO[Skin.String(ItemToEdit.Icon)]</texture>
                        <colordiffuse>FFFFFFFF</colordiffuse>
                        <visible>!Substring(Skin.String(ItemToEdit.Icon),/BigIcons/)</visible>
                    </control>
                    <control type="image">
                        <left>100</left>
                        <width>600</width>
                        <height>100</height>
                        <align>center</align>
                        <aspectratio>keep</aspectratio>
                        <texture>$INFO[Skin.String(ItemToEdit.Icon)]</texture>
                        <colordiffuse>white</colordiffuse>
                        <visible>Substring(Skin.String(ItemToEdit.Icon),/BigIcons/)</visible>
                    </control>
                </control>
                <control type="grouplist" id="4">
                    <left>475</left>
                    <top>240</top>
                    <width>1172</width>
                    <height>720</height>
                    <aligny>center</aligny>
                    <scrolltime>0</scrolltime>
                    <orientation>vertical</orientation>
					<visible>!Window.IsActive(1134)</visible>
                    <include>Animation_VisibleChange200</include>
                    <control type="radiobutton" id="7">
                        <label>$LOCALIZE[24021]</label>
                        <include>Objects_CustomizerSettingsButton</include>
                        <onclick condition="IsEmpty(Skin.String(ItemToEdit.Disable))">Skin.SetString(ItemToEdit.Disable,1)</onclick>
                        <onclick condition="!IsEmpty(Skin.String(ItemToEdit.Disable))">Skin.Reset(ItemToEdit.Disable)</onclick>
                        <onclick condition="IsEmpty(Skin.String(ItemToEdit.Disable))">Skin.SetString($INFO[Window(home).Property(MenuItem)].Disable,1)</onclick>
                        <onclick condition="!IsEmpty(Skin.String(ItemToEdit.Disable))">Skin.Reset($INFO[Window(home).Property(MenuItem)].Disable)</onclick>
                        <selected>!IsEmpty(Skin.String(ItemToEdit.Disable))</selected>
                    </control>
                    <control type="button" id="20">
                        <label>$LOCALIZE[31956]</label>
                        <include>Objects_CustomizerSettingsButton</include>
                        <onclick>ActivateWindow(1142)</onclick>
                    </control>
                    <control type="button" id="23">
                        <label>$LOCALIZE[31679]</label>
                        <include>Objects_CustomizerSettingsButton</include>
                        <onclick>Skin.SetString(ItemToEdit.Label)</onclick>
                        <onclick>Skin.SetString($INFO[Window(home).Property(MenuItem)].Label,$ESCINFO[Skin.String(ItemToEdit.Label)])</onclick>
                    </control>
                    <control type="button" id="24">
                        <label>$LOCALIZE[31681]</label>
                        <include>Objects_CustomizerSettingsButton</include>
                        <onclick>Setproperty(WidgetSelection,Widget,1124)</onclick>
                        <onclick>ActivateWindow(1133)</onclick>
                    </control>
                    <control type="button" id="25">
                        <label>$LOCALIZE[31957]</label>
                        <include>Objects_CustomizerSettingsButton</include>
                        <onclick>Setproperty(WidgetSelection,Widget2,1124)</onclick>
                        <onclick>ActivateWindow(1133)</onclick>
                    </control>
                    <control type="button" id="26">
                        <label>$LOCALIZE[31680]</label>
                        <include>Objects_CustomizerSettingsButton</include>
                        <onclick>ActivateWindow(1134)</onclick>
                    </control>
                    <control type="button" id="27">
                        <label>31703</label>
                        <include>Objects_CustomizerSettingsButton</include>
                        <onclick>ActivateWindow(1161)</onclick>
                    </control>
                    <control type="button" id="270">
                        <label>31704</label>
                        <include>Objects_CustomizerSettingsButton</include>
                        <onclick>ActivateWindow(1150)</onclick>
                    </control>
                    <control type="button" id="28">
                        <label>31807</label>
                        <include>Objects_CustomizerSettingsButton</include>
                        <onclick>SetProperty(IconTarget,Icon,1124)</onclick>
                        <onclick>ActivateWindow(1145)</onclick>
                    </control>
                    <control type="button" id="30">
                        <label>31808</label>
                        <include>Objects_CustomizerSettingsButton</include>
                        <onclick>ActivateWindow(1151)</onclick>
                    </control>
                    <control type="button" id="31">
                        <label>$LOCALIZE[31027]</label>
                        <include>Objects_CustomizerSettingsButton</include>
                        <onclick>Skin.Reset(ItemToEdit.Type)</onclick>
                        <onclick>Skin.Reset(ItemToEdit.Label)</onclick>
                        <onclick>Skin.Reset(ItemToEdit.MultiFanart)</onclick>
                        <onclick>Skin.Reset(ItemToEdit.Path)</onclick>
                        <onclick>Skin.Reset(ItemToEdit.Widget)</onclick>
                        <onclick>Skin.Reset(ItemToEdit.WidgetTitle)</onclick>
                        <onclick>Skin.Reset(ItemToEdit.Widget2)</onclick>
                        <onclick>Skin.Reset(ItemToEdit.Widget2Title)</onclick>
                        <onclick>Skin.Reset(ItemToEdit.Icon)</onclick>
                        <onclick>Skin.Reset(ItemToEdit.Disable)</onclick>
                        <onclick>Skin.Reset(ItemToEdit.InfoLine)</onclick>
                        <onclick>Skin.Reset(ItemToEdit.SubMenu)</onclick>
                        <onclick>SetProperty(ResetItem,true,1124)</onclick>
                        <onclick>Dialog.Close(1122)</onclick>
                    </control>
                </control>
            </control>
        </control>
    </controls>
</window>