<?xml version="1.0" encoding="utf-8"?>
<window type="dialog" id="1149">
    <defaultcontrol always="true">4</defaultcontrol>
    <controls>
        <control type="group">
            <left>280</left>
            <include>Animation_OpenCloseZoom</include>
            <visible>!Window.IsActive(1143)</visible>
            <control type="image">
                <left>380</left>
                <top>200</top>
                <width>640</width>
                <height>300</height>
                <texture border="20">osd/osd_settings_back_glow.png</texture>
                <colordiffuse>$VAR[ColorDiffuseVar]</colordiffuse>
                <visible>!Skin.HasSetting(DisableGlowbar)</visible>
                <include>PanelGlowFade</include>
            </control>
            <control type="image">
                <left>380</left>
                <top>200</top>
                <width>640</width>
                <height>300</height>
                <texture border="20">osd/osd_settings_back.png</texture>
                <colordiffuse>$VAR[DialogColorVar]</colordiffuse>
            </control>
            <control type="panel" id="4">
                <left>400</left>
                <top>240</top>
                <width>600</width>
                <height>540</height>
                <scrolltime>0</scrolltime>
                <orientation>vertical</orientation>
                <onright>20</onright>
                <itemlayout height="60" width="300">
                    <control type="image">
                        <width>300</width>
                        <height>60</height>
                        <texture>button-nofocus.png</texture>
                        <colordiffuse>$VAR[ColorDiffuseVar]</colordiffuse>
                    </control>
                    <control type="label">
                        <width>300</width>
                        <height>60</height>
                        <textoffsetx>10</textoffsetx>
                        <label>$INFO[ListItem.Label]</label>
                        <font>Font_Reg30_2</font>
                        <textcolor>grey2</textcolor>
                    </control>
                </itemlayout>
                <focusedlayout height="60" width="300">
                    <control type="group">
                        <visible>Control.HasFocus(4)</visible>
                        <control type="image">
                            <width>300</width>
                            <height>60</height>
                            <texture border="8">views/tripanel/listselect_fo.png</texture>
                            <colordiffuse>$VAR[FocusTextureColorVar]</colordiffuse>
                        </control>
                        <control type="label">
                            <width>300</width>
                            <height>60</height>
                            <textoffsetx>10</textoffsetx>
                            <label>$INFO[ListItem.Label]</label>
                            <font>Font_Reg30_2</font>
                            <scroll>true</scroll>
                        </control>
                    </control>
                    <control type="group">
                        <visible>!Control.HasFocus(4)</visible>
                        <control type="image">
                            <width>300</width>
                            <height>60</height>
                            <texture>button-nofocus.png</texture>
                            <colordiffuse>$VAR[ColorDiffuseVar]</colordiffuse>
                        </control>
                        <control type="label">
                            <width>300</width>
                            <textoffsetx>10</textoffsetx>
                            <label>$INFO[ListItem.Label]</label>
                            <font>Font_Reg30_2</font>
                            <textcolor>grey2</textcolor>
                        </control>
                    </control>
                </focusedlayout>
                <content>
                    <item>
                        <label>31222</label>
                        <onclick>SetProperty(Type,Movie,home)</onclick>
                        <onclick>SetProperty(Method,Random,home)</onclick>
                        <onclick>SetProperty(Resume,False,home)</onclick>
                        <onclick>Dialog.Close(1149)</onclick>
                        <onclick>ActivateWindow(1152)</onclick>
                    </item>
                    <item>
                        <label>31323</label>
                        <onclick>SetProperty(Type,Movie,home)</onclick>
                        <onclick>SetProperty(Method,Last,home)</onclick>
                        <onclick>SetProperty(Resume,False,home)</onclick>
                        <onclick>Dialog.Close(1149)</onclick>
                        <onclick>ActivateWindow(1152)</onclick>
                    </item>
                    <item>
                        <label>31335</label>
                        <onclick>SetProperty(Type,Movie,home)</onclick>
                        <onclick>SetProperty(Method,Playlist,home)</onclick>
                        <onclick>SetProperty(Resume,True,home)</onclick>
                        <onclick>Dialog.Close(1149)</onclick>
                        <onclick>ActivateWindow(1152)</onclick>
                    </item>
                    <item>
                        <label>31220</label>
                        <onclick>SetProperty(Type,Episode,home)</onclick>
                        <onclick>SetProperty(Method,Random,home)</onclick>
                        <onclick>SetProperty(Resume,False,home)</onclick>
                        <onclick>Dialog.Close(1149)</onclick>
                        <onclick>ActivateWindow(1152)</onclick>
                    </item>
                    <item>
                        <label>31324</label>
                        <onclick>SetProperty(Type,Episode,home)</onclick>
                        <onclick>SetProperty(Method,Last,home)</onclick>
                        <onclick>SetProperty(Resume,False,home)</onclick>
                        <onclick>Dialog.Close(1149)</onclick>
                        <onclick>ActivateWindow(1152)</onclick>
                    </item>
                    <item>
                        <label>31329</label>
                        <onclick>SetProperty(Type,Episode,home)</onclick>
                        <onclick>SetProperty(Method,Playlist,home)</onclick>
                        <onclick>SetProperty(Resume,True,home)</onclick>
                        <onclick>Dialog.Close(1149)</onclick>
                        <onclick>ActivateWindow(1152)</onclick>
                    </item>
                    <item>
                        <label>31330</label>
                        <onclick>SetProperty(Type,Music,home)</onclick>
                        <onclick>SetProperty(Method,Random,home)</onclick>
                        <onclick>SetProperty(Resume,False,home)</onclick>
                        <onclick>Dialog.Close(1149)</onclick>
                        <onclick>ActivateWindow(1125)</onclick>
                    </item>
                    <item>
                        <label>31331</label>
                        <onclick>SetProperty(Type,Music,home)</onclick>
                        <onclick>SetProperty(Method,Last,home)</onclick>
                        <onclick>SetProperty(Resume,False,home)</onclick>
                        <onclick>Dialog.Close(1149)</onclick>
                        <onclick>ActivateWindow(1125)</onclick>
                    </item>
                </content>
            </control>
        </control>
    </controls>
</window>