<?xml version="1.0" encoding="utf-8"?>
<window type="dialog" id="1142">
    <onunload>Skin.SetString($INFO[Window(home).Property(MenuItem)].Label,$ESCINFO[Skin.String(ItemToEdit.Label)])</onunload>
    <defaultcontrol always="true">4</defaultcontrol>
    <controls>
        <control type="group">
            <left>280</left>
            <include>Animation_DialogPopup</include>
            <visible>!Window.IsActive(1143)</visible>
            <control type="image">
                <left>380</left>
                <top>200</top>
                <width>640</width>
                <height>560</height>
                <texture border="20">osd/osd_settings_back_glow.png</texture>
                <colordiffuse>$VAR[ColorDiffuseVar]</colordiffuse>
                <visible>!Skin.HasSetting(DisableGlowbar)</visible>
                <include>PanelGlowFade</include>
            </control>
            <control type="image">
                <left>380</left>
                <top>200</top>
                <width>640</width>
                <height>560</height>
                <texture border="20">osd/osd_settings_back.png</texture>
                <colordiffuse>$VAR[DialogColorVar]</colordiffuse>
            </control>
            <control type="panel" id="4">
                <left>400</left>
                <top>240</top>
                <width>600</width>
                <height>540</height>
                <scrolltime>0</scrolltime>
                <orientation>vertical</orientation>
                <onright>20</onright>
                <itemlayout height="60" width="300">
                    <control type="image">
                        <width>300</width>
                        <height>60</height>
                        <texture>button-nofocus.png</texture>
                        <colordiffuse>$VAR[ColorDiffuseVar]</colordiffuse>
                    </control>
                    <control type="label">
                        <width>300</width>
                        <height>60</height>
                        <textoffsetx>10</textoffsetx>
                        <label>$INFO[ListItem.Label]</label>
                        <font>Font_Reg30_2</font>
                        <textcolor>grey2</textcolor>
                    </control>
                </itemlayout>
                <focusedlayout height="60" width="300">
                    <control type="group">
                        <visible>Control.HasFocus(4)</visible>
                        <control type="image">
                            <width>300</width>
                            <height>60</height>
                            <texture border="8">views/tripanel/listselect_fo.png</texture>
                            <colordiffuse>$VAR[FocusTextureColorVar]</colordiffuse>
                        </control>
                        <control type="label">
                            <width>300</width>
                            <height>60</height>
                            <textoffsetx>10</textoffsetx>
                            <label>$INFO[ListItem.Label]</label>
                            <font>Font_Reg30_2</font>
                            <scroll>true</scroll>
                        </control>
                    </control>
                    <control type="group">
                        <visible>!Control.HasFocus(4)</visible>
                        <control type="image">
                            <width>300</width>
                            <height>60</height>
                            <texture>button-nofocus.png</texture>
                            <colordiffuse>$VAR[ColorDiffuseVar]</colordiffuse>
                        </control>
                        <control type="label">
                            <width>300</width>
                            <textoffsetx>10</textoffsetx>
                            <label>$INFO[ListItem.Label]</label>
                            <font>Font_Reg30_2</font>
                            <textcolor>grey2</textcolor>
                        </control>
                    </control>
                </focusedlayout>
                <content>
                    <item>
                        <label>$LOCALIZE[231]</label>
                        <onclick>Skin.Reset(ItemToEdit.Type)</onclick>
                        <onclick>Dialog.Close(1142)</onclick>
                    </item>
                    <item>
                        <label>$LOCALIZE[31945]</label>
                        <onclick>SetProperty(Property,ItemToEdit,selectdialog)</onclick>
                        <onclick>Skin.SetString(ItemToEdit.Type,0)</onclick>
                        <onclick>Dialog.Close(1142)</onclick>
                        <onclick>Skin.SetAddon(ItemToEdit.Path,xbmc.addon.video)</onclick>
                    </item>
                    <item>
                        <label>$LOCALIZE[31946]</label>
                        <onclick>SetProperty(Property,ItemToEdit,selectdialog)</onclick>
                        <onclick>Skin.SetString(ItemToEdit.Type,1)</onclick>
                        <onclick>Dialog.Close(1142)</onclick>
                        <onclick>Skin.SetAddon(ItemToEdit.Path,xbmc.addon.audio)</onclick>
                    </item>
                    <item>
                        <label>$LOCALIZE[31947]</label>
                        <onclick>SetProperty(Property,ItemToEdit,selectdialog)</onclick>
                        <onclick>Skin.SetString(ItemToEdit.Type,2)</onclick>
                        <onclick>Dialog.Close(1142)</onclick>
                        <onclick>Skin.SetAddon(ItemToEdit.Path,xbmc.addon.image)</onclick>
                    </item>
                    <item>
                        <label>$LOCALIZE[31948]</label>
                        <onclick>SetProperty(Property,ItemToEdit,selectdialog)</onclick>
                        <onclick>Skin.SetString(ItemToEdit.Type,3)</onclick>
                        <onclick>Dialog.Close(1142)</onclick>
                        <onclick>Skin.SetAddon(ItemToEdit.Path,xbmc.addon.executable)</onclick>
                    </item>
                    <item>
                        <label>$LOCALIZE[31949]</label>
                        <onclick>Skin.SetString(ItemToEdit.Type,4)</onclick>
                        <onclick>Dialog.Close(1142)</onclick>
                        <onclick>SetProperty(Type,Video,home)</onclick>
                        <onclick>ActivateWindow(1125)</onclick>
                    </item>
                    <item>
                        <label>$LOCALIZE[31950]</label>
                        <onclick>Skin.SetString(ItemToEdit.Type,5)</onclick>
                        <onclick>Dialog.Close(1142)</onclick>
                        <onclick>SetProperty(Type,Music,home)</onclick>
                        <onclick>ActivateWindow(1125)</onclick>
                    </item>
                    <item>
                        <label>$LOCALIZE[31953]</label>
                        <onclick>Skin.SetString(ItemToEdit.Type,6)</onclick>
                        <onclick>Dialog.Close(1142)</onclick>
                        <onclick>RunScript(script.favourites,property=ItemToEdit)</onclick>
                    </item>
                    <item>
                        <label>$LOCALIZE[31951]</label>
                        <onclick>Skin.SetString(ItemToEdit.Type,7)</onclick>
                        <onclick>Dialog.Close(1142)</onclick>
                        <onclick>Skin.SetString(ItemToEdit.Path)</onclick>
                    </item>
                    <item>
                        <label>31828</label>
                        <onclick>Dialog.Close(1142)</onclick>
                        <onclick>ActivateWindow(1143)</onclick>
                    </item>
                    <item>
                        <label>31829</label>
                        <onclick>Dialog.Close(1142)</onclick>
                        <onclick>ActivateWindow(1144)</onclick>
                    </item>
                    <item>
                        <label>31830</label>
                        <onclick>Dialog.Close(1142)</onclick>
                        <onclick>Skin.SetString(ItemToEdit.Type,7)</onclick>
                        <onclick>Skin.SetString(ItemToEdit.Label,QuickList)</onclick>
                        <onclick>Skin.SetString(ItemToEdit.Path,ActivateWindow(1157))</onclick>
                    </item>
                    <item>
                        <label>31866</label>
                        <onclick>Skin.SetString(ItemToEdit.Type,7)</onclick>
                        <onclick>Skin.SetPath(ItemToEdit.TempPath)</onclick>
                        <onclick>Skin.SetString(ItemToEdit.Path,ActivateWindow(videos,$ESCINFO[Skin.String(ItemToEdit.TempPath)],return))</onclick>
                        <onclick>Dialog.Close(1142)</onclick>
                    </item>
                    <item>
                        <label>31714</label>
                        <onclick>Skin.SetString(ItemToEdit.Type,7)</onclick>
                        <onclick>Skin.SetPath(ItemToEdit.TempPath,library://video/)</onclick>
                        <onclick>Skin.SetString(ItemToEdit.Path,ActivateWindow(videos,$ESCINFO[Skin.String(ItemToEdit.TempPath)],return))</onclick>
                        <onclick>Dialog.Close(1142)</onclick>
                    </item>
                    <item>
                        <label>31867</label>
                        <onclick>Skin.SetString(ItemToEdit.Type,7)</onclick>
                        <onclick>Skin.SetPath(ItemToEdit.TempPath)</onclick>
                        <onclick>Skin.SetString(ItemToEdit.Path,ActivateWindow(music,$ESCINFO[Skin.String(ItemToEdit.TempPath)],return))</onclick>
                        <onclick>Dialog.Close(1142)</onclick>
                    </item>
                    <item>
                        <label>31129</label>
                        <onclick>Dialog.Close(1142)</onclick>
                        <onclick>ActivateWindow(1111)</onclick>
                    </item>
                </content>
            </control>
        </control>
    </controls>
</window>