<?xml version="1.0" encoding="utf-8"?>
<window>
    <defaultcontrol always="true">1200</defaultcontrol>
    <onload condition="System.HasAddon(script.duration)">RunScript(script.duration,duration=$INFO[ListItem.Duration])</onload>
    <onunload>ClearProperty(VideoInfo.ImageColor,home)</onunload>
    <onunload>ClearProperty(VideoInfo.ImageFilter,home)</onunload>
    <controls>
        <control type="button" id="5111">
            <include>HiddenObject</include>
            <visible>[SubString(Container.FolderPath,videodb://) | SubString(Container.FolderPath,.xsp) | SubString(Container.FolderPath,plugin://)]</visible>
        </control>
        <control type="button" id="1200">
            <include>HiddenObject</include>
            <onfocus>Dialog.Close(movieinformation)</onfocus>
            <onfocus>RunScript(script.extendedinfo,info=extendedinfo,dbid=$INFO[ListItem.DBID],name=$INFO[ListItem.Title])</onfocus>
            <onclick>noop</onclick>
            <visible>Container.Content(movies) + Control.IsVisible(5111)</visible>
        </control>
        <control type="button" id="1200">
            <include>HiddenObject</include>
            <onfocus>Dialog.Close(movieinformation)</onfocus>
            <onfocus>RunScript(script.extendedinfo,info=seasoninfo,tvshow=$INFO[ListItem.TvShowTitle],season=$INFO[Window(home).Property(SeasonNumber)],silent=True)</onfocus>
            <onclick>noop</onclick>
            <visible>!Stringcompare(Container.FolderPath,videodb://tvshows/titles/) + Substring(Container.FolderPath,videodb://tvshows/titles/,left) + !Container.Content(episodes)</visible>
        </control>
        <control type="button" id="1200">
            <include>HiddenObject</include>
            <onfocus>Dialog.Close(movieinformation)</onfocus>
            <onfocus>RunScript(script.extendedinfo,info=extendedtvinfo,dbid=$INFO[ListItem.DBID])</onfocus>
            <onclick>noop</onclick>
            <visible>Container.Content(tvshows) + Control.IsVisible(5111)</visible>
        </control>
        <control type="button" id="1200">
            <include>HiddenObject</include>
            <onfocus>Dialog.Close(movieinformation)</onfocus>
            <onfocus>RunScript(script.toolbox,info=yesnodialog,header=$INFO[ListItem.Label],text=Do you want to re-scrape this movie?,yesaction=SendClick(6),noaction=Action(Close))</onfocus>
            <onclick>noop</onclick>
            <visible>Container.Content(movies) + !Control.IsVisible(5111)</visible>
        </control>
        <control type="button" id="1200">
            <include>HiddenObject</include>
            <onfocus>RunScript(script.toolbox,info=blur,id='"$VAR[PosterVar]"',radius=20,prefix=VideoInfo)</onfocus>
            <onfocus>SetFocus(8)</onfocus>
            <onclick>noop</onclick>
            <visible>!Container.Content(movies) + !Container.Content(tvshows)</visible>
        </control>
        <control type="group">
            <visible>!Container.Content(movies) + !Container.Content(tvshows)</visible>
            <control type="image">
                <posx>0</posx>
                <width>1920</width>
                <animation effect="fade" start="100" end="85" time="0" condition="true">Conditional</animation>
                <height>1080</height>
                <aspectratio align="center">scale</aspectratio>
                <texture colordiffuse="$VAR[DialogColorVar]">diffuseoverlay2.png</texture>
                <include>Animation_WindowFade200</include>
                <visible>!Control.Isvisible(2600)</visible>
                <animation effect="fade" time="250">VisibleChange</animation>
            </control>
            <control type="group">
                <control type="button" id="2600">
                    <include>HiddenObject</include>
                    <visible>Window.IsVisible(script-ExtendedInfo Script-DialogVideoInfo.xml) | Window.IsVisible(DialogTextViewer.xml) | Window.IsVisible(script-ExtendedInfo Script-DialogInfo.xml) | Window.IsVisible(busydialog)</visible>
                </control>
                <animation effect="slide" start="3042,0" end="0,0" time="1300" tween="sine">WindowOpen</animation>
                <animation effect="slide" end="1242,0" time="450" tween="sine">WindowClose</animation>
                <animation effect="slide" start="1242,0" end="0,0" time="450" tween="sine" condition="!Control.IsVisible(2600)">Conditional</animation>
                <animation effect="slide" end="1242,0" time="450" tween="sine" condition="Control.IsVisible(2600)">Conditional</animation>
                <control type="image">
                    <posx>729</posx>
                    <width>1192</width>
                    <height>1080</height>
                    <aspectratio align="center">scale</aspectratio>
                    <texture fallback="common/black.png" background="true">$INFO[Window(home).Property(VideoInfo.ImageFilter)]</texture>
                </control>
                <control type="image">
                    <posx>729</posx>
                    <width>1192</width>
                    <animation effect="fade" start="100" end="75" time="0" condition="true">Conditional</animation>
                    <height>1080</height>
                    <aspectratio align="center">scale</aspectratio>
                    <texture colordiffuse="$INFO[Window(home).Property(VideoInfo.ImageColor)]">diffuseoverlay2.png</texture>
                </control>
                <control type="group">
                    <posx>-40</posx>
                    <control type="button" id="13">
                        <include>HiddenObject</include>
                        <texturenofocus>-</texturenofocus>
                        <label>-</label>
                    </control>
                    <control type="grouplist">
                        <orientation>vertical</orientation>
                        <posx>800</posx>
                        <posy>220</posy>
                        <itemgap>10</itemgap>
                        <ondown>5000</ondown>
                        <onup>5000</onup>
                        <control type="radiobutton" id="130">
                            <width>1120</width>
                            <height>43</height>
                            <radioposx>30</radioposx>
                            <radioposy>-8</radioposy>
                            <radiowidth>50</radiowidth>
                            <textoffsetx>90</textoffsetx>
                            <textoffsety>20</textoffsety>
                            <aligny>bottom</aligny>
                            <font>Font_Reg28_2</font>
                            <textureradioon colordiffuse="white">common/director-icon.png</textureradioon>
                            <textureradiooff colordiffuse="white">common/director-icon.png</textureradiooff>
                            <texturefocus border="40" colordiffuse="$INFO[Window(home).Property(VideoInfo.ImageColor)]">buttons/roundedbutton-focus.png</texturefocus>
                            <texturenofocus border="40" colordiffuse="$INFO[Window(home).Property(VideoInfo.ImageColor)]">buttons/roundedbutton-nofocus.png</texturenofocus>
                            <label>$INFO[ListItem.Director]</label>
                            <onclick>SetProperty(Dialog.1.Label,$LOCALIZE[31172])</onclick>
                            <onclick>SetProperty(Dialog.1.BuiltIn,RunScript(script.extendedinfo,info=extendedactorinfo,name=$INFO[ListItem.Director]))</onclick>
                            <onclick>SetProperty(Dialog.3.Label,$LOCALIZE[31096])</onclick>
                            <onclick>SetProperty(Dialog.3.BuiltIn,SetProperty(listcontent,$INFO[ListItem.Director],home)|ActivateWindow(1168))</onclick>
                            <onclick>SetProperty(Dialog.2.Label,$LOCALIZE[31197])</onclick>
                            <onclick>SetProperty(Dialog.2.BuiltIn,SetFocus(13)|Action(Select))</onclick>
                            <onclick>RunScript(script.toolbox,info=selectdialog,header=$INFO[ListItem.Director])</onclick>
                            <visible>!IsEmpty(ListItem.Director)</visible>
                        </control>
                        <control type="radiobutton" id="131">
                            <width>1120</width>
                            <height>43</height>
                            <radioposx>30</radioposx>
                            <radioposy>-8</radioposy>
                            <radiowidth>50</radiowidth>
                            <textoffsetx>90</textoffsetx>
                            <textoffsety>20</textoffsety>
                            <aligny>bottom</aligny>
                            <font>Font_Reg28_2</font>
                            <textureradioon colordiffuse="white">common/writer-icon.png</textureradioon>
                            <textureradiooff colordiffuse="white">common/writer-icon.png</textureradiooff>
                            <texturefocus border="40" colordiffuse="$INFO[Window(home).Property(VideoInfo.ImageColor)]">buttons/roundedbutton-focus.png</texturefocus>
                            <texturenofocus border="40" colordiffuse="$INFO[Window(home).Property(VideoInfo.ImageColor)]">buttons/roundedbutton-nofocus.png</texturenofocus>
                            <label>$INFO[ListItem.Writer]</label>
                            <onclick>SetProperty(Dialog.1.Label,$LOCALIZE[31172])</onclick>
                            <onclick>SetProperty(Dialog.1.BuiltIn,RunScript(script.extendedinfo,info=extendedactorinfo,name=$INFO[ListItem.Writer]))</onclick>
                            <onclick>SetProperty(Dialog.2.Label,$LOCALIZE[31096])</onclick>
                            <onclick>SetProperty(Dialog.2.BuiltIn,SetProperty(listcontent,$INFO[ListItem.Writer],home)|ActivateWindow(1168))</onclick>
                            <onclick>RunScript(script.toolbox,info=selectdialog,header=$INFO[ListItem.Writer])</onclick>
                            <visible>!IsEmpty(ListItem.Writer)</visible>
                        </control>
                        <control type="group" id="140">
                            <height>255</height>
                            <visible>!IsEmpty(ListItem.Plot) | !IsEmpty(ListItem.TagLine)</visible>
                            <control type="radiobutton"  id="132">
                                <width>1120</width>
                                <height>255</height>
                                <radioposx>30</radioposx>
                                <radioposy>-8</radioposy>
                                <radiowidth>46</radiowidth>
                                <onup>136</onup>
                                <ondown>5000</ondown>
                                <textureradioon colordiffuse="white">defaulticons/DefaultAddonTvInfo.png</textureradioon>
                                <textureradiooff colordiffuse="white">defaulticons/DefaultAddonTvInfo.png</textureradiooff>
                                <texturefocus border="40" colordiffuse="$INFO[Window(home).Property(VideoInfo.ImageColor)]">buttons/roundedbutton-focus.png</texturefocus>
                                <texturenofocus border="40" colordiffuse="$INFO[Window(home).Property(VideoInfo.ImageColor)]">buttons/roundedbutton-nofocus.png</texturenofocus>
                                <label>-</label>
                                <onclick>SetProperty(Text,[B]$INFO[ListItem.TagLine,,[CR]][/B]$ESCINFO[ListItem.Plot],home)</onclick>
                                <onclick>RunScript(script.toolbox,info=textviewer,header=Plot,text='$ESCINFO[Window(home).Property(Text)]')</onclick>
                            </control>
                            <control type="textbox" id="800">
                                <posx>93</posx>
                                <posy>20</posy>
                                <width>980</width>
                                <height>210</height>
                                <align>left</align>
                                <label fallback="31003">[B]$INFO[ListItem.TagLine,,[CR]][/B]$VAR[GlobalPlotOutlineVar]</label>
                                <font>Font_Reg28_2</font>
                                <autoscroll delay="10000" time="AutoScrollTime" repeat="10000">Skin.HasSetting(AutoScroll)</autoscroll>
                            </control>
                        </control>
                    </control>
                    <!--Movie info-->
                    <control type="group">
                        <posx>825</posx>
                        <posy>68</posy>
                        <control type="group">
                            <animation type="WindowOpen" reversible="false">
                                <effect type="fade" start="0" end="100" delay="0" time="0" tween="cubic" />
                                <effect type="slide" start="0,80" end="0,0" delay="460" time="960" tween="cubic" />
                            </animation>
                            <control type="grouplist">
                                <posx>0</posx>
                                <posy>-15</posy>
                                <width>1018</width>
                                <height>200</height>
                                <aligny>top</aligny>
                                <itemgap>0</itemgap>
                                <orientation>vertical</orientation>
                                <control type="label">
                                    <width>1018</width>
                                    <height>50</height>
                                    <label>$INFO[ListItem.Title]</label>
                                    <font>Font_Bold56</font>
                                    <animation effect="slide" start="0,0" end="0,30" time="0" condition="[Container.Content(musicvideos) + IsEmpty(ListItem.Artist)]">Conditional</animation>
                                    <scroll>true</scroll>
                                    <visible>!Control.IsVisible(13000)</visible><!-- undefined control -->
                                </control>
                                <control type="label">
                                    <width>1018</width>
                                    <height>40</height>
                                    <aligny>bottom</aligny>
                                    <label>$INFO[ListItem.Artist]</label>
                                    <font>Font_Reg32</font>
                                    <textcolor>grey</textcolor>
                                    <scroll>true</scroll>
                                    <visible>Container.Content(musicvideos) + !IsEmpty(ListItem.Artist)</visible>
                                </control>
                                <control type="label">
                                    <width>1018</width>
                                    <height>40</height>
                                    <aligny>bottom</aligny>
                                    <label>$INFO[ListItem.TvShowTitle]</label>
                                    <font>Font_Reg32</font>
                                    <textcolor>grey</textcolor>
                                    <visible>Container.Content(episodes) + !IsEmpty(ListItem.TvShowTitle)</visible>
                                </control>
                            </control>
                        </control>
                        <!--First Row-->
                        <control type="group">
                            <posy>-15</posy>
                            <animation type="WindowOpen" reversible="false">
                                <effect type="fade" start="0" end="100" delay="460" time="960" tween="cubic" />
                                <effect type="zoom" start="100,0" end="100,100" delay="460" time="960" center="0,170" tween="cubic" />
                            </animation>
                            <control type="image">
                                <posy>90</posy>
                                <width>1042</width>
                                <height>1</height>
                                <texture>info/infopanel_line.png</texture>
                            </control>
                            <control type="image">
                                <posy>170</posy>
                                <width>1042</width>
                                <height>1</height>
                                <texture>info/infopanel_line.png</texture>
                            </control>
                            <control type="grouplist">
                                <posx>-25</posx>
                                <posy>91</posy>
                                <width>1200</width>
                                <orientation>horizontal</orientation>
                                <usecontrolcoords>true</usecontrolcoords>
                                <control type="group">
                                    <width>259</width>
                                    <visible>Container.Content(episodes)</visible>
                                    <control type="label">
                                        <posx>4</posx>
                                        <posy>-4</posy>
                                        <width>249</width>
                                        <height>65</height>
                                        <align>center</align>
                                        <label fallback="-">$VAR[ListItemSeasonVar,S]  -  $VAR[ListItemEpisodeVar,E]</label>
                                        <font>Font_Bold46</font>
                                    </control>
                                    <control type="label">
                                        <posx>4</posx>
                                        <width>249</width>
                                        <posy>37</posy>
                                        <height>44</height>
                                        <label fallback="31003">[COLOR grey]$LOCALIZE[31005]:[/COLOR] $INFO[ListItem.Premiered]</label>
                                        <font>Font_Reg22</font>
                                        <align>center</align>
                                        <scroll>true</scroll>
                                    </control>
                                </control>
                                <control type="image">
                                    <height>79</height>
                                    <include>Furniture_FlagUpright</include>
                                    <visible>Container.Content(episodes)</visible>
                                </control>
                                <control type="image">
                                    <posy>5</posy>
                                    <width>135</width>
                                    <height>67</height>
                                    <aspectratio align="center">keep</aspectratio>
                                    <texture colordiffuse="white2" fallback="flags/rating/MPAA_NR_Certificate_US.png">$VAR[RatingFlagVar,flags/rating/,.png]</texture>
                                    <visible>Container.Content(MusicVideos) | Container.Content(episodes)</visible>
                                </control>
                                <control type="image">
                                    <height>79</height>
                                    <include>Furniture_FlagUpright</include>
                                    <visible>Container.Content(MusicVideos) | Container.Content(episodes)</visible>
                                </control>
                                <control type="group">
                                    <width>155</width>
                                    <visible>Container.Content(episodes)</visible>
                                    <control type="label">
                                        <posy>12</posy>
                                        <width>155</width>
                                        <height>38</height>
                                        <align>center</align>
                                        <label fallback="?">$INFO[ListItem.Rating]</label>
                                        <font>Font_Bold34</font>
                                    </control>
                                    <control type="label">
                                        <posy>37</posy>
                                        <width>155</width>
                                        <height>38</height>
                                        <align>center</align>
                                        <label fallback="?">$INFO[ListItem.Votes,, Votes]</label>
                                        <font>Font_Reg22_Caps</font>
                                    </control>
                                </control>
                                <control type="image">
                                    <height>79</height>
                                    <include>Furniture_FlagUpright</include>
                                    <visible>Container.Content(episodes)</visible>
                                </control>
                                <control type="group">
                                    <width>155</width>
                                    <visible>Container.Content(episodes)</visible>
                                    <control type="label">
                                        <posy>12</posy>
                                        <width>155</width>
                                        <height>38</height>
                                        <align>center</align>
                                        <label fallback="?">$VAR[MovieDuration]</label>
                                        <font>Font_Bold34</font>
                                    </control>
                                    <control type="label">
                                        <posy>37</posy>
                                        <width>155</width>
                                        <height>38</height>
                                        <align>center</align>
                                        <label>Minutes</label>
                                        <font>Font_Reg22_Caps</font>
                                    </control>
                                </control>
                                <control type="image">
                                    <posy>1</posy>
                                    <height>79</height>
                                    <include>Furniture_FlagUpright</include>
                                    <visible>!Container.Content(episodes) + !Container.Content(musicvideos)</visible>
                                </control>
                                <control type="group">
                                    <visible>!Container.Content(episodes)</visible>
                                    <width>155</width>
                                    <control type="label">
                                        <posy>12</posy>
                                        <width>155</width>
                                        <height>38</height>
                                        <align>center</align>
                                        <label fallback="?">$INFO[ListItem.Year]</label>
                                        <font>Font_Bold34</font>
                                    </control>
                                    <control type="label">
                                        <posy>37</posy>
                                        <width>155</width>
                                        <height>38</height>
                                        <align>center</align>
                                        <label>Year</label>
                                        <font>Font_Reg22_Caps</font>
                                    </control>
                                </control>
                                <control type="image">
                                    <posy>1</posy>
                                    <height>79</height>
                                    <include>Furniture_FlagUpright</include>
                                    <visible>Control.IsVisible(3300)</visible>
                                </control>
                                <control type="group" id="3300">
                                    <visible>Container.Content(episodes) | Container.Content(musicvideos)</visible>
                                    <visible>!IsEmpty(ListItem.Studio)</visible>
                                    <width>175</width>
                                    <posx>20</posx>
                                    <control type="image" id="800011">
                                        <posy>1</posy>
                                        <width>150</width>
                                        <height>74</height>
                                        <aspectratio aligny="center" align="center">keep</aspectratio>
                                        <texture colordiffuse="white2">$INFO[ListItem.Studio,flags/studios/,.png]</texture>
                                        <visible>!IsEmpty(Control.GetLabel(800011))</visible>
                                    </control>
                                    <control type="label">
                                        <posx>15</posx>
                                        <width>155</width>
                                        <height>74</height>
                                        <align>center</align>
                                        <label>[B]$INFO[ListItem.Studio][/B]</label>
                                        <font>Font_Reg22_Caps</font>
                                        <wrapmultiline>true</wrapmultiline>
                                        <visible>IsEmpty(Control.GetLabel(800011))</visible>
                                    </control>
                                </control>
                            </control>
                        </control>
                        <control type="group">
                            <animation type="WindowOpen" reversible="false">
                                <effect type="fade" start="0" end="100" delay="460" time="960" tween="cubic" />
                                <effect type="zoom" start="100,0" end="100,100" delay="460" time="960" center="0,872" tween="cubic" />
                            </animation>
                            <posy>66</posy>
                            <visible>false</visible>
                            <control type="image">
                                <posy>872</posy>
                                <width>1042</width>
                                <height>1</height>
                                <texture>info/infopanel_line.png</texture>
                            </control>
                            <control type="grouplist">
                                <posx>-10</posx>
                                <posy>872</posy>
                                <width>1045</width>
                                <height>90</height>
                                <orientation>horizontal</orientation>
                                <itemgap>25</itemgap>
                                <usecontrolcoords>true</usecontrolcoords>
                                <visible>Container.Content(episodes) | Container.Content(MusicVideos)</visible>
                                <control type="image" id="900011">
                                    <posy>5</posy>
                                    <width>100</width>
                                    <height>62</height>
                                    <aspectratio>keep</aspectratio>
                                    <texture colordiffuse="white2">$VAR[SourceFlagVar,flags/source/,.png]</texture>
                                    <visible>!IsEmpty(Control.GetLabel(900011))</visible>
                                </control>
                                <control type="image" id="900012">
                                    <posy>5</posy>
                                    <width>100</width>
                                    <height>62</height>
                                    <aspectratio>keep</aspectratio>
                                    <texture colordiffuse="white2">$INFO[ListItem.VideoCodec,flags/source/,.png]</texture>
                                    <visible>IsEmpty(Control.GetLabel(900011))</visible>
                                    <visible>!IsEmpty(Control.GetLabel(900012))</visible>
                                </control>
                                <control type="image">
                                    <include>Furniture_FlagUpright</include>
                                    <visible>!IsEmpty(Control.GetLabel(900012)) | !IsEmpty(Control.GetLabel(900011))</visible>
                                </control>
                                <control type="image" id="900013">
                                    <posy>5</posy>
                                    <width>126</width>
                                    <height>62</height>
                                    <aspectratio>keep</aspectratio>
                                    <texture colordiffuse="white2">$INFO[ListItem.AudioCodec,flags/audio/,.png]</texture>
                                    <visible>!IsEmpty(Control.GetLabel(900013))</visible>
                                </control>
                                <control type="image">
                                    <include>Furniture_FlagUpright</include>
                                    <visible>!IsEmpty(Control.GetLabel(900013))</visible>
                                </control>
                                <control type="image" id="900014">
                                    <posy>5</posy>
                                    <width>80</width>
                                    <height>62</height>
                                    <aspectratio>keep</aspectratio>
                                    <texture colordiffuse="white2">$INFO[ListItem.VideoResolution,flags/resolution/,.png]</texture>
                                    <visible>!IsEmpty(Control.GetLabel(900014))</visible>
                                </control>
                                <control type="image">
                                    <include>Furniture_FlagUpright</include>
                                    <visible>!IsEmpty(Control.GetLabel(900014))</visible>
                                </control>
                                <control type="image" id="900015">
                                    <posy>5</posy>
                                    <width>80</width>
                                    <height>62</height>
                                    <aspectratio>keep</aspectratio>
                                    <texture colordiffuse="white2">$INFO[ListItem.VideoAspect,flags/aspectratio/,.png]</texture>
                                    <visible>!IsEmpty(Control.GetLabel(900015))</visible>
                                </control>
                                <control type="image">
                                    <include>Furniture_FlagUpright</include>
                                    <visible>!IsEmpty(Control.GetLabel(900015))</visible>
                                </control>
                                <control type="image">
                                    <posy>5</posy>
                                    <width>100</width>
                                    <height>62</height>
                                    <aspectratio aligny="center" align="center">keep</aspectratio>
                                    <texture colordiffuse="white2">flags/cc.png</texture>
                                    <visible>!IsEmpty(ListItem.SubtitleLanguage) + IsEmpty(Window.Property(SubtitleLanguage.1))</visible>
                                </control>
                                <!--Language flags-->
                                <control type="grouplist">
                                    <orientation>vertical</orientation>
                                    <usecontrolcoords>true</usecontrolcoords>
                                    <control type="grouplist" id="11000">
                                        <posy>12</posy>
                                        <width>600</width>
                                        <height>25</height>
                                        <align>left</align>
                                        <animation effect="fade" start="100" end="80" time="40" condition="true">Conditional</animation>
                                        <itemgap>2</itemgap>
                                        <orientation>horizontal</orientation>
                                        <visible>!IsEmpty(Window(movieinformation).Property(AudioLanguage.1))</visible>
                                        <control type="label">
                                            <width>110</width>
                                            <height>24</height>
                                            <align>right</align>
                                            <posy>3</posy>
                                            <label>$LOCALIZE[445]:</label>
                                            <font>Font_Reg19_Caps</font>
                                        </control>
                                        <include>LanguageFlags</include>
                                    </control>
                                    <!--Subtitle flags-->
                                    <control type="grouplist" id="12000">
                                        <animation effect="fade" start="100" end="80" time="40" condition="true">Conditional</animation>
                                        <width>600</width>
                                        <height>25</height>
                                        <align>left</align>
                                        <itemgap>2</itemgap>
                                        <visible>Control.IsVisible(11000)</visible>
                                        <orientation>horizontal</orientation>
                                        <control type="label">
                                            <width>110</width>
                                            <posy>3</posy>
                                            <height>24</height>
                                            <align>right</align>
                                            <aligny>bottom</aligny>
                                            <label>$LOCALIZE[287]:</label>
                                            <font>Font_Reg19_Caps</font>
                                        </control>
                                        <control type="label">
                                            <width min="20" max="150">auto</width>
                                            <height>24</height>
                                            <align>left</align>
                                            <aligny>bottom</aligny>
                                            <label>31003</label>
                                            <textcolor>grey</textcolor>
                                            <font>Font_Reg19_Caps</font>
                                            <visible>IsEmpty(Window(movieinformation).Property(SubtitleLanguage.1)) + IsEmpty(Window(movieinformation).Property(SubtitleLanguage.2))</visible>
                                        </control>
                                        <include>SubtitleFlags</include>
                                    </control>
                                </control>
                            </control>
                            <control type="image">
                                <posy>943</posy>
                                <width>1042</width>
                                <height>1</height>
                                <texture>info/infopanel_line.png</texture>
                            </control>
                        </control>
                    </control>
                    <control type="button" id="600">
                        <posx>875</posx>
                        <posy>326</posy>
                        <width>950</width>
                        <height>217</height>
                        <texturefocus>-</texturefocus>
                        <texturenofocus>-</texturenofocus>
                        <onclick>SetProperty(Dialog.1.Label,$LOCALIZE[31172])</onclick>
                        <onclick>SetProperty(Dialog.1.BuiltIn,RunScript(script.extendedinfo,info=extendedactorinfo,name=$INFO[Container(50).ListItem.Label]))</onclick>
                        <onclick>SetProperty(Dialog.3.Label,$LOCALIZE[31096])</onclick>
                        <onclick>SetProperty(Dialog.3.BuiltIn,SetProperty(listcontent,$INFO[Container(50).ListItem.Label],home)|ActivateWindow(1168))</onclick>
                        <onclick>SetProperty(Dialog.2.Label,$LOCALIZE[31197])</onclick>
                        <onclick>SetProperty(Dialog.2.BuiltIn,SetFocus(13)|Action(Select))</onclick>
                        <onclick>RunScript(script.toolbox,info=selectdialog,header=$INFO[Container(50).ListItem.Label])</onclick>
                        <onleft>Control.Move(50,-1)</onleft>
                        <onright>Control.Move(50,1)</onright>
                        <onup>5000</onup>
                        <ondown>5000</ondown>
                    </control>
                    <control type="list" id="50">
                        <posx>750</posx>
                        <posy>630</posy>
                        <width>1180</width>
                        <height>600</height>
                        <onleft>600</onleft>
                        <onright>600</onright>
                        <onup>5000</onup>
                        <ondown>5000</ondown>
                        <scrolltime>200</scrolltime>
                        <orientation>horizontal</orientation>
                        <animation type="WindowOpen" reversible="false">
                            <effect type="slide" start="0,1080" end="0,0" delay="0" tween="sine" time="1300" />
                        </animation>
                        <itemlayout height="400" width="280">
                            <control type="group">
                                <control type="image">
                                    <posy>0</posy>
                                    <posx>50</posx>
                                    <width>280</width>
                                    <height>380</height>
                                    <texture border="40" colordiffuse="$INFO[Window(home).Property(VideoInfo.ImageColor)]">buttons/roundedbutton-nofocus.png</texture>
                                </control>
                                <control type="group">
                                    <posx>77</posx>
                                    <posy>18</posy>
                                    <control type="image">
                                        <posy>10</posy>
                                        <width>224</width>
                                        <height>325</height>
                                        <texture fallback="DefaultActor.png">$INFO[ListItem.Thumb]</texture>
                                        <aspectratio aligny="center">scale</aspectratio>
                                        <fadetime>0</fadetime>
                                    </control>
                                    <control type="image">
                                        <width>224</width>
                                        <height>70</height>
                                        <posy>267</posy>
                                        <texture>common/bgcolor.png</texture>
                                        <animation effect="fade" start="100" end="80" time="40" condition="true">Conditional</animation>
                                    </control>
                                    <control type="textbox">
                                        <width>228</width>
                                        <height>69</height>
                                        <posy>267</posy>
                                        <align>center</align>
                                        <font>Font_Reg25_2</font>
                                        <label>$INFO[ListItem.Label]</label>
                                    </control>
                                </control>
                            </control>
                        </itemlayout>
                        <focusedlayout height="400" width="280">
                            <control type="group">
                                <control type="image">
                                    <posy>0</posy>
                                    <posx>50</posx>
                                    <width>280</width>
                                    <height>380</height>
                                    <texture border="40" colordiffuse="$INFO[Window(home).Property(VideoInfo.ImageColor)]">buttons/roundedbutton-focus.png</texture>
                                    <include>PanelGlowFade</include>
                                    <visible>Control.HasFocus(600)</visible>
                                </control>
                                <control type="image">
                                    <posy>0</posy>
                                    <posx>50</posx>
                                    <width>280</width>
                                    <height>380</height>
                                    <texture border="40" colordiffuse="$INFO[Window(home).Property(VideoInfo.ImageColor)]">buttons/roundedbutton-nofocus.png</texture>
                                    <visible>!Control.HasFocus(600)</visible>
                                </control>
                                <control type="group">
                                    <posx>77</posx>
                                    <posy>18</posy>
                                    <control type="image">
                                        <posy>10</posy>
                                        <width>224</width>
                                        <height>325</height>
                                        <texture fallback="DefaultActor.png">$INFO[ListItem.Thumb]</texture>
                                        <aspectratio aligny="center">scale</aspectratio>
                                        <fadetime>0</fadetime>
                                    </control>
                                    <control type="image">
                                        <width>224</width>
                                        <height>70</height>
                                        <posy>267</posy>
                                        <texture>common/bgcolor.png</texture>
                                        <animation effect="fade" start="100" end="80" time="40" condition="true">Conditional</animation>
                                        <animation effect="fade" start="100" end="80" time="40" condition="Control.HasFocus(600)">Conditional</animation>
                                    </control>
                                    <control type="textbox">
                                        <width>228</width>
                                        <height>69</height>
                                        <posy>267</posy>
                                        <align>center</align>
                                        <font>Font_Reg25_2</font>
                                        <label>$INFO[ListItem.Label]</label>
                                        <autoscroll delay="5000" time="AutoScrollTime" repeat="8001">true</autoscroll>
                                    </control>
                                </control>
                            </control>
                        </focusedlayout>
                    </control>
                    <!--
                    <control type="image">
                        <posx>1780</posx>
                        <posy>670</posy>
                        <width>370</width>
                        <height>370</height>
                        <texture background="true">$INFO[ListItem.Art(discart)]</texture>
                        <animation type="WindowOpen" reversible="false">
                            <effect type="slide" start="-1610,0" end="0" delay="800" time="1120" tween="quadratic" easing="out" />
                            <effect type="rotate" start="0" center="1965,855" end="-720" delay="800" time="1120" tween="quadratic" easing="out" />
                            <effect type="zoom" start="100" center="1965,855" end="108" delay="2120" time="140" tween="quadratic" easing="out" />
                        </animation>
                        <animation type="WindowClose" reversible="false">
                            <effect type="slide" start="0,0" end="4600" time="700" tween="quadratic" easing="out" />
                            <effect type="rotate" start="0" center="1965,855" end="-720" time="700" tween="quadratic" easing="out" />
                        </animation>
                    </control>-->
                    <control type="grouplist" id="5000">
                        <posx>800</posx>
                        <posy>560</posy>
                        <width>1130</width>
                        <height>400</height>
                        <onleft>5000</onleft>
                        <onright>5000</onright>
                        <onup>132</onup>
                        <ondown>600</ondown>
                        <itemgap>0</itemgap>
                        <orientation>horizontal</orientation>
                        <scrolltime tween="quadratic">200</scrolltime>
                        <control type="button" id="8">
                            <label>$VAR[DialogVideoInfoButtonLabelVar]</label>
                            <include>DialogVideoInfoButton</include>
                        </control>
                        <control type="button" id="9">
                            <label>$LOCALIZE[13404] $INFO[ListItem.PercentPlayed,(,%)]</label>
                            <include>DialogVideoInfoButton</include>
                            <visible>Control.IsEnabled(9)</visible>
                        </control>
                        <control type="button" id="100">
                            <include>DialogVideoInfoButton</include>
                            <label>$LOCALIZE[31020]</label>
                            <onclick>XBMC.RunScript(script.videoextras,display,"$INFO[ListItem.FilenameAndPath]")</onclick>
                            <visible>System.HasAddon(script.videoextras) + [Container.Content(episodes) | Container.Content(musicvideos)] + IsEmpty(Window(movieinformation).Property("HideVideoExtrasButton"))</visible>
                        </control>
                        <control type="button" id="10">
                            <label>$LOCALIZE[13511]</label>
                            <include>HiddenObject</include>
                        </control>
                        <control type="button" id="6">
                            <label>$LOCALIZE[13511]</label>
                            <include>HiddenObject</include>
                        </control>
                    </control>
                    <control type="label">
                        <posx>825</posx>
                        <posy>1033</posy>
                        <width>950</width>
                        <label>$INFO[ListItem.FileNameAndPath]</label>
                        <font>Font_Reg22</font>
                        <textcolor>white5</textcolor>
                        <scroll>true</scroll>
                        <haspath>true</haspath>
                        <visible>ControlGroup(6000).HasFocus | ControlGroup(6100).HasFocus</visible>
                    </control>
                    <control type="image">
                        <posx>778</posx>
                        <posy>622</posy>
                        <width>28</width>
                        <height>28</height>
                        <texture colordiffuse="$INFO[Window(home).Property(VideoInfo.ImageColor)]" flipx="true">arrowright.png</texture>
                        <animation effect="fade" time="200">VisibleChange</animation>
                        <animation effect="slide" start="-150" end="0" delay="640" time="320" tween="cubic">WindowOpen</animation>
                        <visible>Container(5000).HasPrevious+ ControlGroup(5000).HasFocus</visible>
                    </control>
                    <control type="image">
                        <posx>1912</posx>
                        <posy>622</posy>
                        <width>28</width>
                        <height>28</height>
                        <texture colordiffuse="$INFO[Window(home).Property(VideoInfo.ImageColor)]">arrowright.png</texture>
                        <animation effect="fade" time="200">VisibleChange</animation>
                        <animation effect="slide" start="150" end="0" delay="640" time="320" tween="cubic">WindowOpen</animation>
                        <visible>Container(5000).HasNext+ ControlGroup(5000).HasFocus</visible>
                    </control>
                </control>
            </control>
            <control type="group">
                <animation effect="slide" start="-729,0" end="0,0" delay="600" time="450" tween="sine">WindowOpen</animation>
                <animation effect="slide" end="-729,0" time="450" tween="sine">WindowClose</animation>
                <animation effect="slide" start="-729,0" end="0,0" time="450" tween="sine" condition="!Control.IsVisible(2600)">Conditional</animation>
                <animation effect="slide" end="-729,0" time="450" tween="sine" condition="Control.IsVisible(2600)">Conditional</animation>
                <control type="image">
                    <posx>-10</posx>
                    <posy>-10</posy>
                    <width>749</width>
                    <height>1100</height>
                    <aspectratio aligny="top">scale</aspectratio>
                    <texture background="true" fallback="info/movieinfogradient.png">$VAR[PosterVar]</texture>
                    <bordertexture colordiffuse="$INFO[Window(home).Property(VideoInfo.ImageColor)]" border="10">thumbs/homewidget_shadow.png</bordertexture>
                    <bordersize>10</bordersize>
                </control>
            </control>
        </control>
    </controls>
</window>
