<?xml version="1.0" encoding="utf-8"?>
<window>
	<!--defaultcontrol always="true">9=9/defaultcontrol-->
	<onload condition="!Skin.Hassetting(AltInfoScreen)">SetFocus(8)</onload>
	<onload condition="Skin.Hassetting(AltInfoScreen)">SetFocus(17036)</onload>
	<onload>ClearProperty(ActorFade)</onload>
	<onload>AlarmClock(ActorFade,SetProperty(ActorFade,true),00:02,silent)</onload>
	<onload condition="Skin.HasSetting(TVTunes.Enabled) + System.HasAddon(script.tvtunes)">XBMC.RunScript(script.tvtunes,backend=True)</onload>
	<onload condition="System.HasAddon(script.videolanguage) + [Container.Content(movies) | Container.Content(episodes)]">XBMC.RunScript(script.videolanguage,movieid=$INFO[ListItem.DBID])</onload>
	<onload condition="System.HasAddon(script.videoextras) + !Skin.HasSetting(Enable.videoextras)">XBMC.RunScript(script.videoextras,check,"$INFO[ListItem.FilenameAndPath]")</onload>
	<onload condition="System.HasAddon(script.duration)">RunScript(script.duration,duration=$INFO[ListItem.Duration])</onload>
	<onunload>ClearProperty(FanartZoom,movieinformation)</onunload>
	<onload>ClearProperty(SeasonDescription,home)</onload>
	<onload>RunScript(script.toolbox,info=blur,id='"$VAR[PosterVar]"',radius=20,prefix=VideoInfo)</onload>
	<onload condition="System.HasAddon(script.videoextras)">XBMC.RunScript(script.videoextras,check,"$INFO[ListItem.FilenameAndPath]")</onload>
	<onunload>ClearProperty(ImageColor,home)</onunload>
	<onunload>ClearProperty(ImageFilter,home)</onunload>
	<allowoverlay>no</allowoverlay>
	<controls>
		<control type="group">
			<animation effect="slide" start="2242,0" end="0,0" time="320" tween="quadratic">WindowOpen</animation>
			<animation effect="slide" end="2242,0" time="320" tween="quadratic">WindowClose</animation>
			<animation effect="slide" start="1242,0" end="0,0" time="320" tween="quadratic" condition="!Window.IsVisible(script-Actors-DialogVideoInfo.xml)|!Window.IsVisible(script-Actors-DialogInfo.xml)">Conditional</animation>
			<animation effect="slide" end="1242,0" time="320" tween="quadratic" condition="Window.IsVisible(script-Actors-DialogVideoInfo.xml)|Window.IsVisible(script-Actors-DialogInfo.xml)">Conditional</animation>
			<animation effect="slide" start="0,0" end="-729,0" time="320" tween="quadratic" condition="Skin.HasSetting(VideoInfoInverse)">Conditional</animation>
			<control type="image">
				<left>729</left>
				<width>1192</width>
				<height>1080</height>
				<texture>info/info_rightpanelbottom.png</texture>
				<visible>IsEmpty(ListItem.Art(fanart))</visible>
				<animation effect="rotatey" center="1324" end="180" time="0" condition="Skin.HasSetting(VideoInfoInverse)">Conditional</animation>
			</control>
			<control type="image">
				<left>729</left>
				<width>1192</width>
				<height>1080</height>
				<aspectratio align="center">scale</aspectratio>
				<texture fallback="common/black.png" background="true">$INFO[Window(home).Property(VideoInfo.ImageFilter)]</texture>
			</control>
			<control type="image">
				<posx>729</posx>
				<width>1192</width>
				<animation effect="fade" start="100" end="75" time="0" condition="true">Conditional</animation>
				<height>1080</height>
				<aspectratio align="center">scale</aspectratio>
				<texture colordiffuse="$INFO[Window(home).Property(VideoInfo.ImageColor)]">diffuseoverlay2.png</texture>
				<visible>!Skin.HasSetting(AltInfoScreen)</visible>
			</control>
			<control type="image">
				<posx>729</posx>
				<width>1192</width>
				<animation effect="fade" start="110" end="110" time="0" condition="true">Conditional</animation>
				<height>1080</height>
				<aspectratio align="center">scale</aspectratio>
				<texture >diffuseoverlay2.png</texture>
				<visible>Skin.HasSetting(AltInfoScreen)</visible>
			</control>
			<!-- Buttons -->
			<control type="group">
				<left>-40</left>
				<control type="button" id="13">
					<left>991</left>
					<top>284</top>
					<width>854</width>
					<height>42</height>
					<texturefocus border="8" colordiffuse="$INFO[Window(home).Property(VideoInfo.ImageColor)]">views/tripanel/listselect_fo.png</texturefocus>
					<texturenofocus>-</texturenofocus>
					<label>-</label>
					<colordiffuse>$VAR[FocusTextureColorVar]</colordiffuse>
					<ondown>600</ondown>
					<visible>!IsEmpty(ListItem.Director) + !Skin.HasSetting(AltInfoScreen)</visible>
				</control>
				<control type="button" id="17033">
					<left>991</left>
					<top>284</top>
					<width>854</width>
					<height>42</height>
					<texturefocus border="8" >views/tripanel/listselect_fo.png</texturefocus>
					<texturenofocus>-</texturenofocus>
					<label>-</label>
					<!--<colordiffuse>$VAR[FocusTextureColorVar]</colordiffuse>-->
					<ondown>600</ondown>
					<visible>!IsEmpty(ListItem.Director) + Skin.HasSetting(AltInfoScreen)</visible>
				</control>
				<control type="button" id="599">
					<include>HiddenObject</include>
					<texturenofocus>-</texturenofocus>
					<onfocus>SetProperty(ListType,Actors,home)</onfocus>
					<onfocus>SetProperty(ContainerTitle,$INFO[Container(600).ListItem.Label],home)</onfocus>
					<onfocus>SetFocus(601)</onfocus>
				</control>
				<control type="group">
					<control type="button" id="130">
						<left>875</left>
						<top>208</top>
						<width>960</width>
						<height>42</height>
						<texturefocus border="8" colordiffuse="$INFO[Window(home).Property(VideoInfo.ImageColor)]">views/tripanel/listselect_fo.png</texturefocus>
						<texturenofocus>-</texturenofocus>
						<label>-</label>
						<onclick>SetProperty(ListType,Director,home)</onclick>
						<onfocus>SetProperty(ContainerTitle,$INFO[ListItem.Director],home)</onfocus>
						<onclick>SetFocus(601)</onclick>
						<colordiffuse>$VAR[FocusTextureColorVar]</colordiffuse>
						<ondown>131</ondown>
						<visible>!IsEmpty(ListItem.Director) + !Skin.HasSetting(AltInfoScreen)</visible>
					</control>
					<control type="button" id="17034">
						<left>875</left>
						<top>208</top>
						<width>960</width>
						<height>42</height>
						<texturefocus border="8" >views/tripanel/listselect_fo.png</texturefocus>
						<texturenofocus>-</texturenofocus>
						<label>-</label>
						<onclick>SetProperty(ListType,Director,home)</onclick>
						<onfocus>SetProperty(ContainerTitle,$INFO[ListItem.Director],home)</onfocus>
						<onclick>SetFocus(601)</onclick>
						<!--<colordiffuse>$VAR[FocusTextureColorVar]</colordiffuse>-->
						<ondown>17035</ondown>
						<visible>!IsEmpty(ListItem.Director) + Skin.HasSetting(AltInfoScreen)</visible>
					</control>
					<control type="button" id="131">
						<left>875</left>
						<top>249</top>
						<width>960</width>
						<height>42</height>
						<texturefocus border="8" colordiffuse="$INFO[Window(home).Property(VideoInfo.ImageColor)]">views/tripanel/listselect_fo.png</texturefocus>
						<texturenofocus>-</texturenofocus>
						<label>-</label>
						<onclick>SetProperty(ListType,Writer,home)</onclick>
						<onfocus>SetProperty(ContainerTitle,$INFO[ListItem.Writer],home)</onfocus>
						<onclick>SetFocus(601)</onclick>
						<colordiffuse>$VAR[FocusTextureColorVar]</colordiffuse>
						<ondown>600</ondown>
						<onup>130</onup>
						<enable>!IsEmpty(ListItem.Writer)</enable>
						<visible>!Skin.HasSetting(AltInfoScreen)</visible>
					</control>
					<control type="button" id="17035">
						<left>875</left>
						<top>249</top>
						<width>960</width>
						<height>42</height>
						<texturefocus border="8" >views/tripanel/listselect_fo.png</texturefocus>
						<texturenofocus>-</texturenofocus>
						<label>-</label>
						<onclick>SetProperty(ListType,Writer,home)</onclick>
						<onfocus>SetProperty(ContainerTitle,$INFO[ListItem.Writer],home)</onfocus>
						<onclick>SetFocus(601)</onclick>
						<!--<colordiffuse>$VAR[FocusTextureColorVar]</colordiffuse>-->
						<ondown>600</ondown>
						<onup>17034</onup>
						<enable>!IsEmpty(ListItem.Writer)</enable>
						<visible>Skin.HasSetting(AltInfoScreen)</visible>
					</control>
				</control>
				<!-- Movie info -->
				<control type="group">
					<left>825</left>
					<top>52</top>
					<width>1042</width>
					<height>854</height>
					<!-- HR clear Logo -->
					<control type="image">
						<posx>700</posx>
						<posy>-120</posy>
						<width>380</width>
						<height>300</height>
						<aspectratio>keep</aspectratio>
						<texture background="true">$VAR[LogoVar]</texture>
						<fadetime>300</fadetime>
						<animation effect="fade" start="100" end="90" time="40" condition="true">Conditional</animation>
						<visible>![[Container.Content(tvshows) | Container.Content(movies) | Container.Content(artists)] + Control.IsVisible(503) + [Skin.HasSetting(landscapelogo) | Skin.HasSetting(landscapeonelogo)]]</visible>
						<visible>!Control.isVisible(8822) + Skin.HasSetting(AltInfoScreen)</visible>
						<animation type="Conditional" condition="Stringcompare(Control.GetLabel(4420),fanart) | Container.Content(seasons) | Container.Content(episodes)">
							<effect type="slide" end="-480,160" time="0" />
							<effect type="zoom" start="100" end="83" time="0" tween="cubic" easing="inout" center="auto" />
						</animation>
						<include>Animation_VisibleChange400</include>
					</control>
					<control type="image">
						<top>74</top>
						<width>1042</width>
						<height>854</height>
						<texture colordiffuse="$INFO[Window(home).Property(VideoInfo.ImageColor)]">info/info_panellines_movie2.png</texture>
						<visible>!Skin.HasSetting(AltInfoScreen)</visible>
					</control>
					<control type="image">
						<top>74</top>
						<width>1042</width>
						<height>854</height>
						<texture >info/info_panellines_movie2.png</texture>
						<visible>Skin.HasSetting(AltInfoScreen)</visible>
					</control>
					<control type="group">
						<animation type="WindowOpen" reversible="false">
							<effect type="fade" start="0" end="100" delay="0" time="0" tween="cubic"/>
							<effect type="slide" start="0,80" end="0,0" delay="460" time="960" tween="cubic"/>
						</animation>
						<control type="group">
							<visible>!IsEmpty(ListItem.Top250)</visible>
							<top>-46</top>
							<control type="image">
								<left>-20</left>
								<width>120</width>
								<height>120</height>
								<texture>$VAR[Imdb_250]</texture>
								<colordiffuse>white2</colordiffuse>
								<include>AudioFlagsVars</include>
							</control>
							<control type="label">
								<left>-20</left>
								<top>-15</top>
								<width>120</width>
								<height>120</height>
								<label>$INFO[ListItem.Top250]</label>
								<textcolor>black</textcolor>
								<align>center</align>
								<font>Font_Bold28</font>
								<visible>IntegerGreaterThan(ListItem.Top250,3)</visible>
							</control>
						</control>
						<control type="grouplist">
							<left>0</left>
							<top>-31</top>
							<animation effect="slide" start="0,0" end="90,0" time="0" condition="!IsEmpty(ListItem.Top250)">Conditional</animation>
							<width>1018</width>
							<height>200</height>
							<aligny>top</aligny>
							<itemgap>0</itemgap>
							<orientation>vertical</orientation>
							<control type="label">
								<width>1018</width>
								<height>50</height>
								<label>$INFO[ListItem.Title]</label>
								<font>Font_Bold56</font>
								<animation effect="slide" start="0,0" end="0,30" time="0" condition="[Container.Content(movies) | Container.Content(tvshows)] + IsEmpty(ListItem.Genre)">Conditional</animation>
								<animation effect="slide" start="0,0" end="0,30" time="0" condition="[Container.Content(musicvideos) + IsEmpty(ListItem.Artist)]">Conditional</animation>
								<scroll>true</scroll>
							</control>
							<control type="grouplist">
								<left>0</left>
								<top>-16</top>
								<width>1018</width>
								<height>50</height>
								<aligny>top</aligny>
								<itemgap>0</itemgap>
								<orientation>horizontal</orientation>
								<usecontrolcoords>true</usecontrolcoords>
								<visible>[Container.Content(movies) | Container.Content(tvshows)] + !IsEmpty(ListItem.Genre)</visible>
								<control type="image" id="12020">
									<left>0</left>
									<top>6</top>
									<width>42</width>
									<height>35</height>
									<aspectratio aligny="center" align="left">keep</aspectratio>
									<texture background="true">$VAR[CountryFlagVar]</texture>
									<fadetime>200</fadetime>
									<colordiffuse>AAFFFFFF</colordiffuse>
									<visible>!IsEmpty(Control.GetLabel(12020))</visible>
								</control>
								<control type="label">
									<width>995</width>
									<height>40</height>
									<label>$INFO[Window(home).Property(NextAired.Classification),,  -  ]$INFO[ListItem.Genre]</label>
									<font>Font_Reg32</font>
									<textcolor>$VAR[FontColorVar]</textcolor>
									<scroll>true</scroll>
									<visible>Container.Content(tvshows)</visible>
								</control>
								<control type="label">
									<width>995</width>
									<height>40</height>
									<label>$INFO[ListItem.genre]</label>
									<font>Font_Reg28_2</font>
									<textcolor>$VAR[FontColorVar]</textcolor>
									<scroll>true</scroll>
									<visible>Container.Content(movies)</visible>
									<visible>Container.Content(movies) + [IsEmpty(ListItem.OriginalTitle) | Stringcompare(ListItem.OriginalTitle,ListItem.Title)]</visible>
								</control>
								<control type="fadelabel">
									<width>995</width>
									<height>40</height>
									<label>$INFO[ListItem.genre]</label>
									<label>$INFO[ListItem.OriginalTitle]</label>
									<font>Font_Reg28_2</font>
									<textcolor>$VAR[FontColorVar]</textcolor>
									<scrollspeed>20</scrollspeed>
									<pauseatend>5000</pauseatend>
									<scrollout>false</scrollout>
									<visible>Container.Content(movies) + !IsEmpty(ListItem.OriginalTitle) + !Stringcompare(ListItem.OriginalTitle,ListItem.Title)</visible>
								</control>
							</control>
							<control type="label">
								<width>1018</width>
								<height>40</height>
								<aligny>bottom</aligny>
								<label>$INFO[ListItem.Artist]</label>
								<font>Font_Reg32</font>
								<textcolor>grey</textcolor>
								<scroll>true</scroll>
								<visible>Container.Content(musicvideos) + !IsEmpty(ListItem.Artist)</visible>
							</control>
							<control type="label">
								<width>1018</width>
								<height>40</height>
								<aligny>bottom</aligny>
								<label>$INFO[ListItem.TvShowTitle]</label>
								<font>Font_Reg32</font>
								<textcolor>grey</textcolor>
								<visible>Container.Content(episodes) + !IsEmpty(ListItem.TvShowTitle)</visible>
							</control>
						</control>
					</control>
					<!-- First Row -->
					<control type="group">
						<animation type="WindowOpen" reversible="false">
							<effect type="fade" start="0" end="100" delay="460" time="960" tween="cubic"/>
							<effect type="zoom" start="100,0" end="100,100" delay="460" time="960" center="0,170" tween="cubic"/>
						</animation>
						<control type="image">
							<top>74</top>
							<width>1042</width>
							<height>1</height>
							<texture colordiffuse="$INFO[Window(home).Property(VideoInfo.ImageColor)]">info/infopanel_line.png</texture>
							<visible>!Skin.HasSetting(AltInfoScreen)</visible>
						</control>
						<control type="image">
							<top>74</top>
							<width>1042</width>
							<height>1</height>
							<texture >info/infopanel_line.png</texture>
							<visible>Skin.HasSetting(AltInfoScreen)</visible>
						</control>
						<control type="grouplist">
							<left>-25</left>
							<top>75</top>
							<width>1200</width>
							<orientation>horizontal</orientation>
							<usecontrolcoords>true</usecontrolcoords>
							<control type="group">
								<width>259</width>
								<visible>Container.Content(episodes)</visible>
								<control type="label">
									<left>4</left>
									<top>-4</top>
									<width>249</width>
									<height>65</height>
									<align>center</align>
									<label fallback="-">$VAR[ListItemSeasonVar,S]  -  $VAR[ListItemEpisodeVar,E]</label>
									<font>Font_Bold46</font>
									<textcolor>white2</textcolor>
								</control>
								<control type="label">
									<left>4</left>
									<width>249</width>
									<top>37</top>
									<height>44</height>
									<label fallback="31006">[COLOR grey]$LOCALIZE[31005]:[/COLOR] $INFO[ListItem.Premiered]</label>
									<font>Font_Reg22</font>
									<align>center</align>
									<scroll>true</scroll>
								</control>
							</control>
							<control type="image">
								<height>79</height>
								<include>Furniture_FlagUpright1</include>
								<visible>Container.Content(episodes)</visible>
							</control>
							<control type="group">
								<top>5</top>
								<width>285</width>
								<height>67</height>
								<visible>[Container.Content(movies) | Container.Content(MusicVideos)] + Skin.HasSetting(ExtendedRatingVideoinfo) + !Skin.HasSetting(DisableRatingColorFlag)</visible>
								<control type="image" id="9108">
									<aspectratio align="center">keep</aspectratio>
									<texture>$VAR[ColorFlagsRatingextended]$VAR[RatingFlagVar,,.png]</texture>
									<colordiffuse>white2</colordiffuse>
								</control>
								<control type="image">
									<aspectratio align="center">keep</aspectratio>
									<texture>$VAR[ColorFlagsRatingextended]MPAA_NR_Certificate_US.png</texture>
									<colordiffuse>white2</colordiffuse>
									<visible>IsEmpty(Control.GetLabel(9108))</visible>
								</control>
							</control>
							<control type="group">
								<top>5</top>
								<width>135</width>
								<height>67</height>
								<visible>[Container.Content(movies) | Container.Content(MusicVideos)] + !Skin.HasSetting(ExtendedRatingVideoinfo) + !Skin.HasSetting(DisableRatingColorFlag)</visible>
								<control type="image" id="9109">
									<aspectratio align="center">keep</aspectratio>
									<texture>$VAR[ColorFlagsRatingextended]$VAR[RatingFlagVar,,.png]</texture>
									<colordiffuse>white2</colordiffuse>
								</control>
								<control type="image">
									<aspectratio align="center">keep</aspectratio>
									<texture>$VAR[ColorFlagsRatingextended]MPAA_NR_Certificate_US.png</texture>
									<colordiffuse>white2</colordiffuse>
									<visible>IsEmpty(Control.GetLabel(9109))</visible>
								</control>
							</control>
							<control type="group">
								<width>135</width>
								<height>67</height>
								<visible>[Container.Content(tvshows) | Container.Content(episodes)] + !Skin.HasSetting(DisableRatingColorFlag)</visible>
								<control type="image" id="9110">
									<top>5</top>
									<aspectratio align="center">keep</aspectratio>
									<texture>$VAR[ColorFlagsRatingextended]$VAR[RatingFlagVar,,.png]</texture>
									<colordiffuse>white2</colordiffuse>
								</control>
								<control type="image">
									<top>5</top>
									<aspectratio align="center">keep</aspectratio>
									<texture>$VAR[ColorFlagsRating]rating/MPAA_NR_Certificate_US.png</texture>
									<colordiffuse>white2</colordiffuse>
									<visible>IsEmpty(Control.GetLabel(9110))</visible>
								</control>
							</control>
							<control type="image">
								<height>79</height>
								<include>Furniture_FlagUpright1</include>
								<visible>[Container.Content(movies) | Container.Content(MusicVideos) | Container.Content(tvshows) | Container.Content(episodes)] + !Skin.HasSetting(DisableRatingColorFlag)</visible>
							</control>
							<control type="group">
								<width>155</width>
								<visible>Container.Content(movies) | Container.Content(episodes) | Container.Content(tvshows)</visible>
								<control type="label">
									<top>-1</top>
									<width>155</width>
									<height>38</height>
									<align>center</align>
									<label>$LOCALIZE[368]</label>
									<font>Font_Bold24</font>
									<textcolor>$VAR[FontColorVar]</textcolor>
								</control>
								<control type="label">
									<top>29</top>
									<width>155</width>
									<height>38</height>
									<align>center</align>
									<label fallback="?">$INFO[ListItem.Rating]</label>
									<font>Font_Bold34</font>
									<textcolor>white2</textcolor>
								</control>
							</control>
							<control type="image">
								<height>79</height>
								<include>Furniture_FlagUpright1</include>
								<visible>Container.Content(movies) | Container.Content(episodes) | Container.Content(tvshows)</visible>
							</control>
							<control type="group">
								<width>155</width>
								<visible>Container.Content(tvshows)</visible>
								<control type="label">
									<top>-5</top>
									<width>155</width>
									<height>38</height>
									<align>center</align>
									<label>$VAR[TvGuideVarTxt]</label>
									<font>Font_Reg19_Caps</font>
									<textcolor>floor</textcolor>
								</control>
								<control type="image">
									<top>5</top>
									<width>155</width>
									<height>68</height>
									<aspectratio>keep</aspectratio>
									<texture>$VAR[ColortvguideFlags]$INFO[Window(Home).Property(NextAired.StatusID)].png</texture>
									<colordiffuse>white2</colordiffuse>
								</control>
							</control>
							<control type="group">
								<width>155</width>
								<visible>Container.Content(movies) | Container.Content(episodes)</visible>
								<control type="label">
									<top>-1</top>
									<width>155</width>
									<height>38</height>
									<align>center</align>
									<label>$LOCALIZE[2050]</label>
									<font>Font_Reg19_Caps</font>
									<textcolor>floor</textcolor>
								</control>
								<control type="label">
									<left>0</left>
									<top>18</top>
									<width>155</width>
									<height>60</height>
									<align>center</align>
									<label>$VAR[MovieDuration]</label>
									<font>Font_Bold34</font>
									<textcolor>white2</textcolor>
								</control>
							</control>
							<control type="image">
								<top>1</top>
								<height>79</height>
								<include>Furniture_FlagUpright1</include>
								<visible>!Container.Content(episodes) + !Container.Content(musicvideos)</visible>
							</control>
							<control type="group">
								<visible>!Container.Content(episodes)</visible>
								<width>155</width>
								<control type="label">
									<top>-1</top>
									<width>155</width>
									<height>38</height>
									<align>center</align>
									<label>$LOCALIZE[345]</label>
									<font>Font_Reg19_Caps</font>
									<textcolor>floor</textcolor>
								</control>
								<control type="label">
									<top>18</top>
									<width>155</width>
									<height>60</height>
									<align>center</align>
									<label fallback="-">$INFO[ListItem.Year]</label>
									<font>Font_Bold34</font>
									<textcolor>white2</textcolor>
								</control>
							</control>
							<control type="image">
								<top>1</top>
								<height>79</height>
								<include>Furniture_FlagUpright1</include>
								<visible>Control.IsVisible(3300)</visible>
							</control>
							<control type="group" id="3300">
								<visible>Container.Content(movies) | Container.Content(episodes) | Container.Content(tvshows) | Container.Content(musicvideos)</visible>
								<visible>!IsEmpty(ListItem.Studio)</visible>
								<width>175</width>
								<left>20</left>
								<control type="image" id="800011">
									<top>1</top>
									<width>150</width>
									<height>74</height>
									<aspectratio aligny="center" align="center">keep</aspectratio>
									<texture>$VAR[ColorFlagsStudio]$INFO[ListItem.Studio,,.png]</texture>
									<colordiffuse>white2</colordiffuse>
									<visible>!IsEmpty(Control.GetLabel(800011))</visible>
								</control>
								<control type="label">
									<left>15</left>
									<width>155</width>
									<height>74</height>
									<align>center</align>
									<label>$INFO[ListItem.Studio]</label>
									<font>Font_Reg22_Caps</font>
									<textcolor>white2</textcolor>
									<wrapmultiline>true</wrapmultiline>
									<visible>IsEmpty(Control.GetLabel(800011))</visible>
								</control>
							</control>
						</control>
					</control>
					<!-- Horizontal Info Labels -->
					<control type="grouplist">
						<orientation>vertical</orientation>
						<top>153</top>
						<left>3</left>
						<height>1000</height>
						<control type="grouplist">
							<!--Premiered + Studio-->
							<orientation>horizontal</orientation>
							<itemgap>12</itemgap>
							<height>43</height>
							<visible>Container.Content(tvshows)</visible>
							<usecontrolcoords>true</usecontrolcoords>
							<control type="image">
								<width>50</width>
								<height>45</height>
								<top>2</top>
								<aspectratio align="center">keep</aspectratio>
								<colordiffuse>white</colordiffuse>
								<texture>$VAR[Colortdefaulticons]DefaultCountry.png</texture>
							</control>
							<control type="label">
								<width>840</width>
								<height>44</height>
								<label fallback="31006">$INFO[ListItem.Premiered,$LOCALIZE[20416]: ]</label>
								<font>Font_Reg28_2</font>
							</control>
						</control>
						<!-- Third Row -->
						<control type="grouplist">
							<!--Director-->
							<top>194</top>
							<height>43</height>
							<itemgap>12</itemgap>
							<orientation>horizontal</orientation>
							<visible>Container.Content(movies) | Container.Content(episodes) | Container.Content(MusicVideos)</visible>
							<control type="image">
								<top>-6</top>
								<width>50</width>
								<height>50</height>
								<aspectratio align="right">keep</aspectratio>
								<colordiffuse>white</colordiffuse>
								<texture>$VAR[Colortdefaulticons]director-icon.png</texture>
							</control>
							<control type="label">
								<left>180</left>
								<width>840</width>
								<height>44</height>
								<label fallback="31006">$INFO[ListItem.Director]</label>
								<font>Font_Reg28_2</font>
								<scroll>true</scroll>
							</control>
						</control>
						<control type="grouplist">
							<!--NextEpisodeVar-->
							<height>43</height>
							<itemgap>12</itemgap>
							<visible>Container.Content(tvshows)</visible>
							<orientation>horizontal</orientation>
							<usecontrolcoords>true</usecontrolcoords>
							<control type="image">
								<width>50</width>
								<top>2</top>
								<height>45</height>
								<aspectratio align="center">keep</aspectratio>
								<colordiffuse>white</colordiffuse>
								<texture>$VAR[Colortdefaulticons]DefaultInProgressShows.png</texture>
							</control>
							<control type="label">
								<width>840</width>
								<height>44</height>
								<label fallback="31397">$INFO[Window(Home).Property(NextAired.LatestSeasonNumber),S]$INFO[Window(Home).Property(NextAired.LatestEpisodeNumber),E]$INFO[Window(Home).Property(NextAired.LatestTitle),:  ]$INFO[Window(Home).Property(NextAired.LatestDate), (,)]</label>
								<font>Font_Reg28_2</font>
							</control>
						</control>
						<!-- Fourth Row Left-->
						<control type="grouplist">
							<orientation>horizontal</orientation>
							<itemgap>12</itemgap>
							<height>43</height>
							<visible>Container.Content(movies) | Container.Content(episodes) | Container.Content(MusicVideos)</visible>
							<control type="image">
								<top>-6</top>
								<width>50</width>
								<height>50</height>
								<aspectratio align="right">keep</aspectratio>
								<colordiffuse>white</colordiffuse>
								<texture>$VAR[Colortdefaulticons]writer-icon.png</texture>
							</control>
							<control type="label">
								<left>180</left>
								<width>840</width>
								<height>44</height>
								<label fallback="31006">$INFO[ListItem.Writer]</label>
								<font>Font_Reg28_2</font>
							</control>
						</control>
					</control>
					<control type="group">
						<control type="grouplist">
							<orientation>vertical</orientation>
							<left>4</left>
							<top>599</top>
							<height>330</height>
							<itemgap>3</itemgap>
							<control type="label">
								<label>[B]$INFO[ListItem.tagline][/B]</label>
								<height>30</height>
								<width>1016</width>
								<font>Font_Reg28_2</font>
								<visible>!IsEmpty(ListItem.tagline)</visible>
								<visible>IsEmpty(ListItem.Art(discart)) + IsEmpty(ListItem.Art(characterart)) + IsEmpty(ListItem.Art(tvshow.characterart))</visible>
							</control>

							<control type="label">
								<label>[B]$INFO[ListItem.tagline][/B]</label>
								<height>30</height>
								<width>746</width>
								<font>Font_Reg28_2</font>
								<scroll>true</scroll>
								<visible>!IsEmpty(ListItem.tagline)</visible>
								<visible>!IsEmpty(ListItem.Art(discart)) | !IsEmpty(ListItem.Art(characterart)) | !IsEmpty(ListItem.Art(tvshow.characterart))</visible>
							</control>

							<control type="textbox">
								<width>1016</width>
								<height>276</height>
								<align>justify</align>
								<label fallback="31006">$INFO[ListItem.Plot]</label>
								<font>Font_Reg28_2</font>
								<pagecontrol>60</pagecontrol>
								<autoscroll delay="20000" time="AutoScrollTime" repeat="15000">Skin.HasSetting(AutoScroll) + !Control.HasFocus(60)</autoscroll>
								<visible>IsEmpty(ListItem.Art(discart)) + IsEmpty(ListItem.Art(characterart)) + IsEmpty(ListItem.Art(tvshow.characterart))</visible>
							</control>
							<control type="textbox">
								<width>746</width>
								<height>276</height>
								<label fallback="31006">$INFO[ListItem.Plot]</label>
								<font>Font_Reg28_2</font>
								<pagecontrol>60</pagecontrol>
								<autoscroll delay="20000" time="AutoScrollTime" repeat="15000">Skin.HasSetting(AutoScroll) + !Control.HasFocus(60)</autoscroll>
								<visible>!IsEmpty(ListItem.Art(discart)) | !IsEmpty(ListItem.Art(characterart)) | !IsEmpty(ListItem.Art(tvshow.characterart))</visible>
							</control>
						</control>
						<control type="image">
							<left>780</left>
							<top>594</top>
							<width>315</width>
							<height>315</height>
							<aspectratio>keep</aspectratio>
							<texture background="true">$VAR[CharacterArtVar]</texture>
						</control>
					</control>
					<control type="group">
						<animation type="WindowOpen" reversible="false">
							<effect type="fade" start="0" end="100" delay="460" time="960" tween="cubic"/>
							<effect type="zoom" start="100,0" end="100,100" delay="460" time="960" center="0,872" tween="cubic"/>
						</animation>
						<top>40</top>
						<control type="image">
							<top>872</top>
							<width>1042</width>
							<height>1</height>
							<texture colordiffuse="$INFO[Window(home).Property(VideoInfo.ImageColor)]">info/infopanel_line.png</texture>
							<visible>!Skin.HasSetting(AltInfoScreen)</visible>
						</control>
						<control type="image">
							<top>872</top>
							<width>1042</width>
							<height>1</height>
							<texture>info/infopanel_line.png</texture>
							<visible>Skin.HasSetting(AltInfoScreen)</visible>
						</control>
						<control type="grouplist">
							<left>-10</left>
							<top>872</top>
							<width>1045</width>
							<height>90</height>
							<orientation>horizontal</orientation>
							<itemgap>25</itemgap>
							<usecontrolcoords>true</usecontrolcoords>
							<visible>Container.Content(movies) | Container.Content(episodes) | Container.Content(MusicVideos)</visible>
							<control type="image" id="900011">
								<top>5</top>
								<width>100</width>
								<height>62</height>
								<aspectratio>keep</aspectratio>
								<texture>$VAR[ColorFlagsSource]source/$VAR[SourceFlagVar,,.png]</texture>
								<colordiffuse>white2</colordiffuse>
								<visible>!IsEmpty(Control.GetLabel(900011))</visible>
							</control>
							<control type="image" id="900012">
								<top>5</top>
								<width>126</width>
								<height>62</height>
								<aspectratio>keep</aspectratio>
								<texture>$VAR[ColorFlagsSource]Source/$INFO[ListItem.VideoCodec,,.png]</texture>
								<colordiffuse>white2</colordiffuse>
								<visible>IsEmpty(Control.GetLabel(900011))</visible>
								<visible>!IsEmpty(Control.GetLabel(900012))</visible>
							</control>
							<control type="image">
								<include>Furniture_FlagUpright1</include>
								<visible>!IsEmpty(Control.GetLabel(900012)) | !IsEmpty(Control.GetLabel(900011))</visible>
							</control>
							<control type="image" id="900013">
								<top>5</top>
								<width>126</width>
								<height>62</height>
								<aspectratio>keep</aspectratio>
								<texture>$VAR[ColorFlagsAudio]audio/$VAR[AudioFlagVar,,.png]</texture>
								<colordiffuse>white2</colordiffuse>
								<visible>!IsEmpty(Control.GetLabel(900013))</visible>
							</control>
							<control type="image">
								<include>Furniture_FlagUpright1</include>
								<visible>!IsEmpty(Control.GetLabel(900013))</visible>
							</control>
							<control type="image" id="90013">
								<top>5</top>
								<width>126</width>
								<height>62</height>
								<aspectratio>keep</aspectratio>
								<texture>$VAR[ColorFlagsAudio]audio/$INFO[Window.Property(AudioCodec.2)]$INFO[Window.Property(AudioChannels.2),,.png]</texture>
								<colordiffuse>white2</colordiffuse>
								<visible>!IsEmpty(Control.GetLabel(90013)) + ![Stringcompare(Window.Property(AudioCodec.1),Window.Property(AudioCodec.2)) + Stringcompare(Window.Property(AudioChannels.1),Window.Property(AudioChannels.2))]</visible>
							</control>
							<control type="image">
								<include>Furniture_FlagUpright1</include>
								<visible>Control.IsVisible(90013)</visible>
							</control>
							<control type="image" id="900014">
								<top>5</top>
								<width>80</width>
								<height>62</height>
								<aspectratio>keep</aspectratio>
								<texture>$VAR[ColorFlagsResolution]resolution/$INFO[ListItem.VideoResolution,,.png]</texture>
								<colordiffuse>white2</colordiffuse>
								<visible>!IsEmpty(Control.GetLabel(900014))</visible>
							</control>
							<control type="image">
								<include>Furniture_FlagUpright1</include>
								<visible>!IsEmpty(Control.GetLabel(900014))</visible>
							</control>
							<control type="image" id="900015">
								<top>5</top>
								<width>126</width>
								<height>62</height>
								<aspectratio>keep</aspectratio>
								<texture>$VAR[ColorFlagsAspectRatio]aspectratio/$INFO[ListItem.VideoAspect,,.png]</texture>
								<colordiffuse>white2</colordiffuse>
								<visible>!IsEmpty(Control.GetLabel(900015))</visible>
							</control>
							<control type="image">
								<include>Furniture_FlagUpright1</include>
								<visible>!IsEmpty(Control.GetLabel(900015))</visible>
							</control>
							<control type="image">
								<top>5</top>
								<width>100</width>
								<height>62</height>
								<aspectratio aligny="center" align="center">keep</aspectratio>
								<texture>$VAR[ColorFlags]cc.png</texture>
								<colordiffuse>white2</colordiffuse>
								<visible>!IsEmpty(ListItem.SubtitleLanguage) + IsEmpty(Window.Property(SubtitleLanguage.1))</visible>
							</control>
							<!-- Language flags -->
							<control type="grouplist">
								<orientation>vertical</orientation>
								<usecontrolcoords>true</usecontrolcoords>
								<control type="grouplist" id="11000">
									<top>12</top>
									<width>600</width>
									<height>25</height>
									<align>left</align>
									<animation effect="fade" start="100" end="80" time="40" condition="true">Conditional</animation>
									<itemgap>2</itemgap>
									<orientation>horizontal</orientation>
									<visible>!IsEmpty(Window(movieinformation).Property(AudioLanguage.1)) + !Stringcompare(Window(movieinformation).Property(AudioLanguage.1),und)</visible>
									<control type="label">
										<width>110</width>
										<height>24</height>
										<align>right</align>
										<top>3</top>
										<label>$LOCALIZE[445]:</label>
										<font>Font_Reg19_Caps</font>
									</control>
									<include>LanguageFlags</include>
								</control>
								<!-- Subtitle flags -->
								<control type="grouplist" id="12000">
									<animation effect="fade" start="100" end="80" time="40" condition="true">Conditional</animation>
									<width>600</width>
									<height>25</height>
									<align>left</align>
									<itemgap>2</itemgap>
									<visible>Control.IsVisible(11000)</visible>
									<orientation>horizontal</orientation>
									<control type="label">
										<width>110</width>
										<top>3</top>
										<height>24</height>
										<align>right</align>
										<aligny>bottom</aligny>
										<label>$LOCALIZE[287]:</label>
										<font>Font_Reg19_Caps</font>
									</control>
									<control type="label">
										<width min="20" max="150">auto</width>
										<height>24</height>
										<align>left</align>
										<aligny>bottom</aligny>
										<label>31003</label>
										<textcolor>grey</textcolor>
										<font>Font_Reg19_Caps</font>
										<visible>IsEmpty(Window(movieinformation).Property(SubtitleLanguage.1)) + IsEmpty(Window(movieinformation).Property(SubtitleLanguage.2))</visible>
									</control>
									<include>SubtitleFlags</include>
								</control>
							</control>
						</control>
						<control type="grouplist">
							<orientation>horizontal</orientation>
							<visible>Container.Content(tvshows)</visible>
							<left>0</left>
							<top>872</top>
							<height>200</height>
							<control type="group">
								<visible>!IsEmpty(ListItem.Property(TotalSeasons))</visible>
								<width>135</width>
								<control type="label">
									<width>135</width>
									<height>50</height>
									<align>center</align>
									<label>$INFO[ListItem.Property(TotalSeasons)]</label>
									<font>Font_Bold40</font>
									<textcolor>grey</textcolor>
								</control>
								<control type="label">
									<top>38</top>
									<width>135</width>
									<height>30</height>
									<align>center</align>
									<label>$VAR[OneOrMoreSeasonsVar]</label>
									<font>Font_Reg19_Caps</font>
									<textcolor>grey</textcolor>
								</control>
							</control>
							<control type="image">
								<include>Furniture_FlagUpright1</include>
							</control>
							<control type="group">
								<width>135</width>
								<control type="label">
									<width>135</width>
									<height>50</height>
									<align>center</align>
									<label>$INFO[ListItem.Property(TotalEpisodes)]</label>
									<font>Font_Bold40</font>
									<textcolor>grey</textcolor>
								</control>
								<control type="label">
									<top>38</top>
									<width>135</width>
									<height>30</height>
									<align>center</align>
									<label>$VAR[OneOrMoreEpisodesVar]</label>
									<font>Font_Reg19_Caps</font>
									<textcolor>grey</textcolor>
								</control>
							</control>
							<control type="image">
								<include>Furniture_FlagUpright1</include>
							</control>
							<control type="group">
								<width>135</width>
								<control type="label">
									<width>135</width>
									<height>50</height>
									<align>center</align>
									<label>[UPPERCASE]$VAR[UnwatchedEpisodesLabelVar][/UPPERCASE]</label>
									<font>Font_Bold40</font>
									<textcolor>grey</textcolor>
								</control>
								<control type="label">
									<top>38</top>
									<width>135</width>
									<height>30</height>
									<align>center</align>
									<label>$LOCALIZE[16101]</label>
									<font>Font_Reg19_Caps</font>
									<textcolor>grey</textcolor>
								</control>
							</control>
							<control type="image">
								<include>Furniture_FlagUpright1</include>
							</control>
							<control type="image">
								<top>1</top>
								<width>97</width>
								<height>75</height>
								<aspectratio aligny="top" align="right">keep</aspectratio>
								<texture>$VAR[Colortdefaulticons]DefaultTVShows.png</texture>
								<colordiffuse>white</colordiffuse>
							</control>
							<control type="group">
								<control type="label">
									<top>8</top>
									<textoffsetx>5</textoffsetx>
									<width>600</width>
									<height>30</height>
									<align>left</align>
									<label>[COLOR white]$INFO[Window(Home).Property(NextAired.NextSeasonNumber),S]$INFO[Window(Home).Property(NextAired.NextEpisodeNumber),E][/COLOR]$INFO[Window(Home).Property(NextAired.NextTitle),: ]</label>
									<font>Font_Reg26_Caps</font>
									<textcolor>grey</textcolor>
								</control>
								<control type="label">
									<top>35</top>
									<textoffsetx>5</textoffsetx>
									<width>600</width>
									<height>30</height>
									<align>left</align>
									<label>$INFO[Window(Home).Property(NextAired.NextDate),[COLOR white],[/COLOR]: ]$INFO[Window(Home).Property(NextAired.ShortTime)]$INFO[Window(Home).Property(NextAired.Runtime), (, $LOCALIZE[12391])]</label>
									<font>Font_Reg26_Caps</font>
									<textcolor>grey</textcolor>
								</control>
							</control>
						</control>
						<control type="image">
							<top>943</top>
							<width>1042</width>
							<height>1</height>
							<texture colordiffuse="$INFO[Window(home).Property(VideoInfo.ImageColor)]">info/infopanel_line.png</texture>
							<visible>!Skin.HasSetting(AltInfoScreen)</visible>
						</control>
						<control type="image">
							<top>943</top>
							<width>1042</width>
							<height>1</height>
							<texture>info/infopanel_line.png</texture>
							<visible>!Skin.HasSetting(AltInfoScreen)</visible>
						</control>
					</control>
				</control>
				<control type="spincontrol" id="60">
					<left>1820</left>
					<animation effect="slide" start="0,0" end="-260,0" time="0" condition="!IsEmpty(ListItem.Art(discart)) | !IsEmpty(ListItem.Art(characterart)) | !IsEmpty(ListItem.Art(tvshow.characterart))">Conditional</animation>
					<animation effect="slide" start="0,0" end="0,30" time="0" condition="!IsEmpty(ListItem.Tagline)">Conditional</animation>
					<top>630</top>
					<width>50</width>
					<height>88</height>
					<onup>5000</onup>
					<onleft>60</onleft>
					<onright>60</onright>
					<ondown>150</ondown>
					<visible>!ControlGroup(6000).HasFocus</visible>
				</control>
				<control type="image">
					<left>1610</left>
					<top>660</top>
					<width>300</width>
					<height>300</height>
					<texture background="true">$INFO[ListItem.Art(discart)]</texture>
					<include>Animation_VisibleChange200</include>
					<!--                 <visible>!ControlGroup(6000).HasFocus</visible>					-->
					<animation type="WindowOpen" reversible="false">
						<effect type="slide" start="-1610,0" end="0" delay="800" time="1120" tween="quadratic" easing="out"/>
						<effect type="rotate" start="0" center="1760,810" end="-720" delay="800" time="1120" tween="quadratic" easing="out"/>
						<effect type="zoom" start="104" center="1760,810" end="100" delay="2120" time="140" tween="quadratic" easing="out"/>
					</animation>
					<animation type="WindowClose" reversible="false">
						<effect type="slide" start="0,0" end="4600" time="700" tween="quadratic" easing="out"/>
						<effect type="rotate" start="0" center="1760,810" end="-720" time="700" tween="quadratic" easing="out"/>
					</animation>
				</control>
				<control type="list" id="50">
					<left>804</left>
					<top>276</top>
					<width>1131</width>
					<height>300</height>
					<animation effect="fade" start="100" end="0" time="50" condition="!IsEmpty(Window.Property(ActorFade))">Conditional</animation>
					<scrolltime>200</scrolltime>
					<orientation>horizontal</orientation>
					<itemlayout height="290" width="222">
						<control type="image">
							<left>30.5</left>
							<top>38</top>
							<width>190</width>
							<height>240</height>
							<texture fallback="DefaultActor.png">$INFO[ListItem.Thumb]</texture>
							<aspectratio aligny="center">scale</aspectratio>
							<fadetime>0</fadetime>
						</control>
					</itemlayout>
					<focusedlayout height="290" width="222">
						<control type="image">
							<left>3.5</left>
							<top>12</top>
							<width>246</width>
							<height>295</height>
							<texture border="40" colordiffuse="$INFO[Window(home).Property(VideoInfo.ImageColor)]">buttons/roundedbutton-nofocus.png</texture>
							<visible>!Skin.HasSetting(AltInfoScreen)</visible>
						</control>
						<control type="image">
							<left>3.5</left>
							<top>12</top>
							<width>246</width>
							<height>295</height>
							<texture border="40">buttons/roundedbutton-nofocus.png</texture>
							<visible>Skin.HasSetting(AltInfoScreen)</visible>
						</control>
						<control type="image">
							<left>30.5</left>
							<top>38</top>
							<width>190</width>
							<height>240</height>
							<texture fallback="DefaultActor.png">$INFO[ListItem.Thumb]</texture>
							<aspectratio aligny="center">scale</aspectratio>
							<fadetime>0</fadetime>
						</control>
					</focusedlayout>
				</control>
				<control type="group">
					<control type="image">
						<left>809</left>
						<top>284</top>
						<width>840</width>
						<height>308</height>
						<texture border="40" colordiffuse="$INFO[Window(home).Property(VideoInfo.ImageColor)]">buttons/roundedbutton-nofocus.png</texture>
						<visible>Control.HasFocus(601)</visible>
						<include>Animation_VisibleChange200</include>
					</control>
					<control type="label">
						<left>888</left>
						<top>315</top>
						<width>670</width>
						<height>60</height>
						<align>left</align>
						<label>$INFO[Window(home).Property(ContainerTitle)]</label>
						<font>Font_Bold30</font>
						<textcolor>white2</textcolor>
						<visible>Control.HasFocus(601)</visible>
						<include>Animation_VisibleChange200</include>
						<scroll>true</scroll>
					</control>
					<control type="panel" id="600">
						<left>804</left>
						<top>276</top>
						<width>1131</width>
						<height>300</height>
						<onleft>600</onleft>
						<animation effect="fade" start="100" end="0" time="160" condition="Control.HasFocus(601)">Conditional</animation>
						<onright>600</onright>
						<onup>131</onup>
						<ondown>5000</ondown>
						<scrolltime>200</scrolltime>
						<orientation>horizontal</orientation>
						<animation effect="fade" start="1" end="100" delay="1200" time="520" tween="quadratic">WindowOpen</animation>
						<itemlayout height="290" width="222">
							<control type="image">
								<left>3.5</left>
								<top>12</top>
								<width>246</width>
								<height>295</height>
								<texture border="40" colordiffuse="$INFO[Window(home).Property(VideoInfo.ImageColor)]">buttons/roundedbutton-nofocus.png</texture>
								<visible>!Skin.Hassetting(AltInfoScreen)</visible>
							</control>
							<control type="image">
								<left>3.5</left>
								<top>12</top>
								<width>246</width>
								<height>295</height>
								<texture border="40">buttons/roundedbutton-nofocus.png</texture>
								<visible>Skin.Hassetting(AltInfoScreen)</visible>
							</control>
							<control type="image">
								<left>30.5</left>
								<top>38</top>
								<width>190</width>
								<height>240</height>
								<texture fallback="DefaultActor.png">$INFO[ListItem.Thumb]</texture>
								<aspectratio aligny="center">scale</aspectratio>
								<fadetime>0</fadetime>
							</control>
							<control type="image">
								<width>190</width>
								<left>30.5</left>
								<height>51</height>
								<top>227</top>
								<texture>common/bgcolor.png</texture>
								<animation effect="fade" start="100" end="80" time="40" condition="true">Conditional</animation>
							</control>
							<control type="textbox">
								<width>190</width>
								<left>31</left>
								<height>48</height>
								<top>225</top>
								<align>center</align>
								<font>Font_Reg22</font>
								<info>ListItem.Label</info>
							</control>
						</itemlayout>
						<focusedlayout height="290" width="222">
							<control type="image">
								<left>3.5</left>
								<top>12</top>
								<width>246</width>
								<height>295</height>
								<texture border="40" colordiffuse="$INFO[Window(home).Property(VideoInfo.ImageColor)]">buttons/roundedbutton-focus.png</texture>
								<include>PanelGlowFade</include>
								<visible>Control.HasFocus(600) + !Skin.Hassetting(AltInfoScreen)</visible>
							</control>
							<control type="image">
								<left>3.5</left>
								<top>12</top>
								<width>246</width>
								<height>295</height>
								<texture border="40">buttons/roundedbutton-focus2.png</texture>
								<include>PanelGlowFade</include>
								<visible>Control.HasFocus(600) + Skin.Hassetting(AltInfoScreen)</visible>
							</control>
							<control type="image">
								<left>30.5</left>
								<top>38</top>
								<width>190</width>
								<height>240</height>
								<texture fallback="DefaultActor.png">$INFO[ListItem.Thumb]</texture>
								<aspectratio aligny="center">scale</aspectratio>
								<fadetime>0</fadetime>
							</control>
							<control type="image">
								<width>190</width>
								<left>30.5</left>
								<height>51</height>
								<top>227</top>
								<texture>common/bgcolor.png</texture>
								<animation effect="fade" start="100" end="80" time="40" condition="true">Conditional</animation>
								<animation effect="fade" start="100" end="80" time="40" condition="Control.HasFocus(600)">Conditional</animation>
							</control>
							<control type="textbox">
								<width>190</width>
								<left>31</left>
								<height>48</height>
								<top>225</top>
								<align>center</align>
								<font>Font_Reg22</font>
								<info>ListItem.Label</info>
								<autoscroll delay="5000" time="AutoScrollTime" repeat="8001">true</autoscroll>
							</control>
						</focusedlayout>
						<content>
							<item>
								<label>$INFO[Container(50).ListItem(0).Label]</label>
								<thumb>$INFO[Container(50).ListItem(0).Thumb]</thumb>
								<visible>!IsEmpty(Container(50).ListItemNoWrap(0).Label)</visible>
								<onclick>SetProperty(Position,0)</onclick>
								<onclick>SetFocus(599)</onclick>
							</item>
							<item>
								<label>$INFO[Container(50).ListItem(1).Label]</label>
								<thumb>$INFO[Container(50).ListItem(1).Thumb]</thumb>
								<visible>!IsEmpty(Container(50).ListItemNoWrap(1).Label)</visible>
								<onclick>SetProperty(Position,1)</onclick>
								<onclick>SetFocus(599)</onclick>
							</item>
							<item>
								<label>$INFO[Container(50).ListItem(2).Label]</label>
								<thumb>$INFO[Container(50).ListItem(2).Thumb]</thumb>
								<visible>!IsEmpty(Container(50).ListItemNoWrap(2).Label)</visible>
								<onclick>SetProperty(Position,2)</onclick>
								<onclick>SetFocus(599)</onclick>
							</item>
							<item>
								<label>$INFO[Container(50).ListItem(3).Label]</label>
								<thumb>$INFO[Container(50).ListItem(3).Thumb]</thumb>
								<visible>!IsEmpty(Container(50).ListItemNoWrap(3).Label)</visible>
								<onclick>SetProperty(Position,3)</onclick>
								<onclick>SetFocus(599)</onclick>
							</item>
							<item>
								<label>$INFO[Container(50).ListItem(4).Label]</label>
								<thumb>$INFO[Container(50).ListItem(4).Thumb]</thumb>
								<visible>!IsEmpty(Container(50).ListItemNoWrap(4).Label)</visible>
								<onclick>SetProperty(Position,4)</onclick>
								<onclick>SetFocus(599)</onclick>
							</item>
							<item>
								<label>$INFO[Container(50).ListItem(5).Label]</label>
								<thumb>$INFO[Container(50).ListItem(5).Thumb]</thumb>
								<visible>!IsEmpty(Container(50).ListItemNoWrap(5).Label)</visible>
								<onclick>SetProperty(Position,5)</onclick>
								<onclick>SetFocus(599)</onclick>
							</item>
							<item>
								<label>$INFO[Container(50).ListItem(6).Label]</label>
								<thumb>$INFO[Container(50).ListItem(6).Thumb]</thumb>
								<visible>!IsEmpty(Container(50).ListItemNoWrap(6).Label)</visible>
								<onclick>SetProperty(Position,6)</onclick>
								<onclick>SetFocus(599)</onclick>
							</item>
							<item>
								<label>$INFO[Container(50).ListItem(7).Label]</label>
								<thumb>$INFO[Container(50).ListItem(7).Thumb]</thumb>
								<visible>!IsEmpty(Container(50).ListItemNoWrap(7).Label)</visible>
								<onclick>SetProperty(Position,7)</onclick>
								<onclick>SetFocus(599)</onclick>
							</item>
							<item>
								<label>$INFO[Container(50).ListItem(8).Label]</label>
								<thumb>$INFO[Container(50).ListItem(8).Thumb]</thumb>
								<visible>!IsEmpty(Container(50).ListItemNoWrap(8).Label)</visible>
								<onclick>SetProperty(Position,8)</onclick>
								<onclick>SetFocus(599)</onclick>
							</item>
							<item>
								<label>$INFO[Container(50).ListItem(9).Label]</label>
								<thumb>$INFO[Container(50).ListItem(9).Thumb]</thumb>
								<visible>!IsEmpty(Container(50).ListItemNoWrap(9).Label)</visible>
								<onclick>SetProperty(Position,9)</onclick>
								<onclick>SetFocus(599)</onclick>
							</item>
							<item>
								<label>$INFO[Container(50).ListItem(10).Label]</label>
								<thumb>$INFO[Container(50).ListItem(10).Thumb]</thumb>
								<visible>!IsEmpty(Container(50).ListItemNoWrap(10).Label)</visible>
								<onclick>SetProperty(Position,10)</onclick>
								<onclick>SetFocus(599)</onclick>
							</item>
							<item>
								<label>$INFO[Container(50).ListItem(11).Label]</label>
								<thumb>$INFO[Container(50).ListItem(11).Thumb]</thumb>
								<visible>!IsEmpty(Container(50).ListItemNoWrap(11).Label)</visible>
								<onclick>SetProperty(Position,11)</onclick>
								<onclick>SetFocus(599)</onclick>
							</item>
							<item>
								<label>$INFO[Container(50).ListItem(12).Label]</label>
								<thumb>$INFO[Container(50).ListItem(12).Thumb]</thumb>
								<visible>!IsEmpty(Container(50).ListItemNoWrap(12).Label)</visible>
								<onclick>SetProperty(Position,12)</onclick>
								<onclick>SetFocus(599)</onclick>
							</item>
							<item>
								<label>$INFO[Container(50).ListItem(13).Label]</label>
								<thumb>$INFO[Container(50).ListItem(13).Thumb]</thumb>
								<visible>!IsEmpty(Container(50).ListItemNoWrap(13).Label)</visible>
								<onclick>SetProperty(Position,13)</onclick>
								<onclick>SetFocus(599)</onclick>
							</item>
							<item>
								<label>$INFO[Container(50).ListItem(14).Label]</label>
								<thumb>$INFO[Container(50).ListItem(14).Thumb]</thumb>
								<visible>!IsEmpty(Container(50).ListItemNoWrap(14).Label)</visible>
								<onclick>SetProperty(Position,14)</onclick>
								<onclick>SetFocus(599)</onclick>
							</item>
							<item>
								<label>$INFO[Container(50).ListItem(15).Label]</label>
								<thumb>$INFO[Container(50).ListItem(15).Thumb]</thumb>
								<visible>!IsEmpty(Container(50).ListItemNoWrap(15).Label)</visible>
								<onclick>SetProperty(Position,15)</onclick>
								<onclick>SetFocus(599)</onclick>
							</item>
							<item>
								<label>$INFO[Container(50).ListItem(16).Label]</label>
								<thumb>$INFO[Container(50).ListItem(16).Thumb]</thumb>
								<visible>!IsEmpty(Container(50).ListItemNoWrap(16).Label)</visible>
								<onclick>SetProperty(Position,16)</onclick>
								<onclick>SetFocus(599)</onclick>
							</item>
							<item>
								<label>$INFO[Container(50).ListItem(17).Label]</label>
								<thumb>$INFO[Container(50).ListItem(17).Thumb]</thumb>
								<visible>!IsEmpty(Container(50).ListItemNoWrap(17).Label)</visible>
								<onclick>SetProperty(Position,17)</onclick>
								<onclick>SetFocus(599)</onclick>
							</item>
							<item>
								<label>$INFO[Container(50).ListItem(18).Label]</label>
								<thumb>$INFO[Container(50).ListItem(18).Thumb]</thumb>
								<visible>!IsEmpty(Container(50).ListItemNoWrap(18).Label)</visible>
								<onclick>SetProperty(Position,18)</onclick>
								<onclick>SetFocus(599)</onclick>
							</item>
							<item>
								<label>$INFO[Container(50).ListItem(19).Label]</label>
								<thumb>$INFO[Container(50).ListItem(19).Thumb]</thumb>
								<visible>!IsEmpty(Container(50).ListItemNoWrap(19).Label)</visible>
								<onclick>SetProperty(Position,19)</onclick>
								<onclick>SetFocus(599)</onclick>
							</item>
							<item>
								<label>$INFO[Container(50).ListItem(20).Label]</label>
								<thumb>$INFO[Container(50).ListItem(20).Thumb]</thumb>
								<visible>!IsEmpty(Container(50).ListItemNoWrap(20).Label)</visible>
								<onclick>SetProperty(Position,20)</onclick>
								<onclick>SetFocus(599)</onclick>
							</item>
							<item>
								<label>$INFO[Container(50).ListItem(21).Label]</label>
								<thumb>$INFO[Container(50).ListItem(21).Thumb]</thumb>
								<visible>!IsEmpty(Container(50).ListItemNoWrap(21).Label)</visible>
								<onclick>SetProperty(Position,21)</onclick>
								<onclick>SetFocus(599)</onclick>
							</item>
							<item>
								<label>$INFO[Container(50).ListItem(22).Label]</label>
								<thumb>$INFO[Container(50).ListItem(22).Thumb]</thumb>
								<visible>!IsEmpty(Container(50).ListItemNoWrap(22).Label)</visible>
								<onclick>SetProperty(Position,22)</onclick>
								<onclick>SetFocus(599)</onclick>
							</item>
							<item>
								<label>$INFO[Container(50).ListItem(23).Label]</label>
								<thumb>$INFO[Container(50).ListItem(23).Thumb]</thumb>
								<visible>!IsEmpty(Container(50).ListItemNoWrap(23).Label)</visible>
								<onclick>SetProperty(Position,23)</onclick>
								<onclick>SetFocus(599)</onclick>
							</item>
							<item>
								<label>$INFO[Container(50).ListItem(24).Label]</label>
								<thumb>$INFO[Container(50).ListItem(24).Thumb]</thumb>
								<visible>!IsEmpty(Container(50).ListItemNoWrap(24).Label)</visible>
								<onclick>SetProperty(Position,24)</onclick>
								<onclick>SetFocus(599)</onclick>
							</item>
							<item>
								<label>$INFO[Container(50).ListItem(25).Label]</label>
								<thumb>$INFO[Container(50).ListItem(25).Thumb]</thumb>
								<visible>!IsEmpty(Container(50).ListItemNoWrap(25).Label)</visible>
								<onclick>SetProperty(Position,25)</onclick>
								<onclick>SetFocus(599)</onclick>
							</item>
							<item>
								<label>$INFO[Container(50).ListItem(26).Label]</label>
								<thumb>$INFO[Container(50).ListItem(26).Thumb]</thumb>
								<visible>!IsEmpty(Container(50).ListItemNoWrap(26).Label)</visible>
								<onclick>SetProperty(Position,26)</onclick>
								<onclick>SetFocus(599)</onclick>
							</item>
							<item>
								<label>$INFO[Container(50).ListItem(27).Label]</label>
								<thumb>$INFO[Container(50).ListItem(27).Thumb]</thumb>
								<visible>!IsEmpty(Container(50).ListItemNoWrap(27).Label)</visible>
								<onclick>SetProperty(Position,27)</onclick>
								<onclick>SetFocus(599)</onclick>
							</item>
							<item>
								<label>$INFO[Container(50).ListItem(28).Label]</label>
								<thumb>$INFO[Container(50).ListItem(28).Thumb]</thumb>
								<visible>!IsEmpty(Container(50).ListItemNoWrap(28).Label)</visible>
								<onclick>SetProperty(Position,28)</onclick>
								<onclick>SetFocus(599)</onclick>
							</item>
							<item>
								<label>$INFO[Container(50).ListItem(29).Label]</label>
								<thumb>$INFO[Container(50).ListItem(29).Thumb]</thumb>
								<visible>!IsEmpty(Container(50).ListItemNoWrap(29).Label)</visible>
								<onclick>SetProperty(Position,29)</onclick>
								<onclick>SetFocus(599)</onclick>
							</item>
							<item>
								<label>$INFO[Container(50).ListItem(30).Label]</label>
								<thumb>$INFO[Container(50).ListItem(30).Thumb]</thumb>
								<visible>!IsEmpty(Container(50).ListItemNoWrap(30).Label)</visible>
								<onclick>SetProperty(Position,30)</onclick>
								<onclick>SetFocus(599)</onclick>
							</item>
							<item>
								<label>$INFO[Container(50).ListItem(31).Label]</label>
								<thumb>$INFO[Container(50).ListItem(31).Thumb]</thumb>
								<visible>!IsEmpty(Container(50).ListItemNoWrap(31).Label)</visible>
								<onclick>SetProperty(Position,31)</onclick>
								<onclick>SetFocus(599)</onclick>
							</item>
							<item>
								<label>$INFO[Container(50).ListItem(32).Label]</label>
								<thumb>$INFO[Container(50).ListItem(32).Thumb]</thumb>
								<visible>!IsEmpty(Container(50).ListItemNoWrap(32).Label)</visible>
								<onclick>SetProperty(Position,32)</onclick>
								<onclick>SetFocus(599)</onclick>
							</item>
							<item>
								<label>$INFO[Container(50).ListItem(33).Label]</label>
								<thumb>$INFO[Container(50).ListItem(33).Thumb]</thumb>
								<visible>!IsEmpty(Container(50).ListItemNoWrap(33).Label)</visible>
								<onclick>SetProperty(Position,33)</onclick>
								<onclick>SetFocus(599)</onclick>
							</item>
							<item>
								<label>$INFO[Container(50).ListItem(34).Label]</label>
								<thumb>$INFO[Container(50).ListItem(34).Thumb]</thumb>
								<visible>!IsEmpty(Container(50).ListItemNoWrap(34).Label)</visible>
								<onclick>SetProperty(Position,34)</onclick>
								<onclick>SetFocus(599)</onclick>
							</item>
							<item>
								<label>$INFO[Container(50).ListItem(35).Label]</label>
								<thumb>$INFO[Container(50).ListItem(35).Thumb]</thumb>
								<visible>!IsEmpty(Container(50).ListItemNoWrap(35).Label)</visible>
								<onclick>SetProperty(Position,35)</onclick>
								<onclick>SetFocus(599)</onclick>
							</item>
							<item>
								<label>$INFO[Container(50).ListItem(36).Label]</label>
								<thumb>$INFO[Container(50).ListItem(36).Thumb]</thumb>
								<visible>!IsEmpty(Container(50).ListItemNoWrap(36).Label)</visible>
								<onclick>SetProperty(Position,36)</onclick>
								<onclick>SetFocus(599)</onclick>
							</item>
							<item>
								<label>$INFO[Container(50).ListItem(37).Label]</label>
								<thumb>$INFO[Container(50).ListItem(37).Thumb]</thumb>
								<visible>!IsEmpty(Container(50).ListItemNoWrap(37).Label)</visible>
								<onclick>SetProperty(Position,37)</onclick>
								<onclick>SetFocus(599)</onclick>
							</item>
							<item>
								<label>$INFO[Container(50).ListItem(38).Label]</label>
								<thumb>$INFO[Container(50).ListItem(38).Thumb]</thumb>
								<visible>!IsEmpty(Container(50).ListItemNoWrap(38).Label)</visible>
								<onclick>SetProperty(Position,38)</onclick>
								<onclick>SetFocus(599)</onclick>
							</item>
							<item>
								<label>$INFO[Container(50).ListItem(39).Label]</label>
								<thumb>$INFO[Container(50).ListItem(39).Thumb]</thumb>
								<visible>!IsEmpty(Container(50).ListItemNoWrap(39).Label)</visible>
								<onclick>SetProperty(Position,39)</onclick>
								<onclick>SetFocus(599)</onclick>
							</item>
							<item>
								<label>$INFO[Container(50).ListItem(40).Label]</label>
								<thumb>$INFO[Container(50).ListItem(40).Thumb]</thumb>
								<visible>!IsEmpty(Container(50).ListItemNoWrap(40).Label)</visible>
								<onclick>SetProperty(Position,40)</onclick>
								<onclick>SetFocus(599)</onclick>
							</item>
							<item>
								<label>$INFO[Container(50).ListItem(41).Label]</label>
								<thumb>$INFO[Container(50).ListItem(41).Thumb]</thumb>
								<visible>!IsEmpty(Container(50).ListItemNoWrap(41).Label)</visible>
								<onclick>SetProperty(Position,41)</onclick>
								<onclick>SetFocus(599)</onclick>
							</item>
							<item>
								<label>$INFO[Container(50).ListItem(42).Label]</label>
								<thumb>$INFO[Container(50).ListItem(42).Thumb]</thumb>
								<visible>!IsEmpty(Container(50).ListItemNoWrap(42).Label)</visible>
								<onclick>SetProperty(Position,42)</onclick>
								<onclick>SetFocus(599)</onclick>
							</item>
							<item>
								<label>$INFO[Container(50).ListItem(43).Label]</label>
								<thumb>$INFO[Container(50).ListItem(43).Thumb]</thumb>
								<visible>!IsEmpty(Container(50).ListItemNoWrap(43).Label)</visible>
								<onclick>SetProperty(Position,43)</onclick>
								<onclick>SetFocus(599)</onclick>
							</item>
							<item>
								<label>$INFO[Container(50).ListItem(44).Label]</label>
								<thumb>$INFO[Container(50).ListItem(44).Thumb]</thumb>
								<visible>!IsEmpty(Container(50).ListItemNoWrap(44).Label)</visible>
								<onclick>SetProperty(Position,44)</onclick>
								<onclick>SetFocus(599)</onclick>
							</item>
							<item>
								<label>$INFO[Container(50).ListItem(45).Label]</label>
								<thumb>$INFO[Container(50).ListItem(45).Thumb]</thumb>
								<visible>!IsEmpty(Container(50).ListItemNoWrap(45).Label)</visible>
								<onclick>SetProperty(Position,45)</onclick>
								<onclick>SetFocus(599)</onclick>
							</item>
							<item>
								<label>$INFO[Container(50).ListItem(46).Label]</label>
								<thumb>$INFO[Container(50).ListItem(46).Thumb]</thumb>
								<visible>!IsEmpty(Container(50).ListItemNoWrap(46).Label)</visible>
								<onclick>SetProperty(Position,46)</onclick>
								<onclick>SetFocus(599)</onclick>
							</item>
							<item>
								<label>$INFO[Container(50).ListItem(47).Label]</label>
								<thumb>$INFO[Container(50).ListItem(47).Thumb]</thumb>
								<visible>!IsEmpty(Container(50).ListItemNoWrap(47).Label)</visible>
								<onclick>SetProperty(Position,47)</onclick>
								<onclick>SetFocus(599)</onclick>
							</item>
							<item>
								<label>$INFO[Container(50).ListItem(48).Label]</label>
								<thumb>$INFO[Container(50).ListItem(48).Thumb]</thumb>
								<visible>!IsEmpty(Container(50).ListItemNoWrap(48).Label)</visible>
								<onclick>SetProperty(Position,48)</onclick>
								<onclick>SetFocus(599)</onclick>
							</item>
							<item>
								<label>$INFO[Container(50).ListItem(49).Label]</label>
								<thumb>$INFO[Container(50).ListItem(49).Thumb]</thumb>
								<visible>!IsEmpty(Container(50).ListItemNoWrap(49).Label)</visible>
								<onclick>SetProperty(Position,49)</onclick>
								<onclick>SetFocus(599)</onclick>
							</item>
							<item>
								<label>$INFO[Container(50).ListItem(50).Label]</label>
								<thumb>$INFO[Container(50).ListItem(50).Thumb]</thumb>
								<visible>!IsEmpty(Container(50).ListItemNoWrap(50).Label)</visible>
								<onclick>SetProperty(Position,50)</onclick>
								<onclick>SetFocus(599)</onclick>
							</item>
							<item>
								<label>$INFO[Container(50).ListItem(51).Label]</label>
								<thumb>$INFO[Container(50).ListItem(51).Thumb]</thumb>
								<visible>!IsEmpty(Container(50).ListItemNoWrap(51).Label)</visible>
								<onclick>SetProperty(Position,51)</onclick>
								<onclick>SetFocus(599)</onclick>
							</item>
							<item>
								<label>$INFO[Container(50).ListItem(52).Label]</label>
								<thumb>$INFO[Container(50).ListItem(52).Thumb]</thumb>
								<visible>!IsEmpty(Container(50).ListItemNoWrap(52).Label)</visible>
								<onclick>SetProperty(Position,52)</onclick>
								<onclick>SetFocus(599)</onclick>
							</item>
							<item>
								<label>$INFO[Container(50).ListItem(53).Label]</label>
								<thumb>$INFO[Container(50).ListItem(53).Thumb]</thumb>
								<visible>!IsEmpty(Container(50).ListItemNoWrap(53).Label)</visible>
								<onclick>SetProperty(Position,53)</onclick>
								<onclick>SetFocus(599)</onclick>
							</item>
							<item>
								<label>$INFO[Container(50).ListItem(54).Label]</label>
								<thumb>$INFO[Container(50).ListItem(54).Thumb]</thumb>
								<visible>!IsEmpty(Container(50).ListItemNoWrap(54).Label)</visible>
								<onclick>SetProperty(Position,54)</onclick>
								<onclick>SetFocus(599)</onclick>
							</item>
							<item>
								<label>$INFO[Container(50).ListItem(55).Label]</label>
								<thumb>$INFO[Container(50).ListItem(55).Thumb]</thumb>
								<visible>!IsEmpty(Container(50).ListItemNoWrap(55).Label)</visible>
								<onclick>SetProperty(Position,55)</onclick>
								<onclick>SetFocus(599)</onclick>
							</item>
							<item>
								<label>$INFO[Container(50).ListItem(56).Label]</label>
								<thumb>$INFO[Container(50).ListItem(56).Thumb]</thumb>
								<visible>!IsEmpty(Container(50).ListItemNoWrap(56).Label)</visible>
								<onclick>SetProperty(Position,56)</onclick>
								<onclick>SetFocus(599)</onclick>
							</item>
							<item>
								<label>$INFO[Container(50).ListItem(57).Label]</label>
								<thumb>$INFO[Container(50).ListItem(57).Thumb]</thumb>
								<visible>!IsEmpty(Container(50).ListItemNoWrap(57).Label)</visible>
								<onclick>SetProperty(Position,57)</onclick>
								<onclick>SetFocus(599)</onclick>
							</item>
							<item>
								<label>$INFO[Container(50).ListItem(58).Label]</label>
								<thumb>$INFO[Container(50).ListItem(58).Thumb]</thumb>
								<visible>!IsEmpty(Container(50).ListItemNoWrap(58).Label)</visible>
								<onclick>SetProperty(Position,58)</onclick>
								<onclick>SetFocus(599)</onclick>
							</item>
							<item>
								<label>$INFO[Container(50).ListItem(59).Label]</label>
								<thumb>$INFO[Container(50).ListItem(59).Thumb]</thumb>
								<visible>!IsEmpty(Container(50).ListItemNoWrap(59).Label)</visible>
								<onclick>SetProperty(Position,59)</onclick>
								<onclick>SetFocus(599)</onclick>
							</item>
						</content>
					</control>
					<control type="panel" id="601">
						<left>876</left>
						<top>379</top>
						<width>820</width>
						<height>177</height>
						<onleft>5000</onleft>
						<visible allowhiddenfocus="true">Control.HasFocus(601)</visible>
						<include>Animation_VisibleChange200</include>
						<animation effect="slide" start="0,0" end="2000,0" time="0" condition="!Control.HasFocus(601)">Conditional</animation>
						<onright>5000</onright>
						<onup>131</onup>
						<ondown>600</ondown>
						<scrolltime>200</scrolltime>
						<orientation>vertical</orientation>
						<itemlayout height="40" width="555">
							<control type="label">
								<width>555</width>
								<height>30</height>
								<textoffsetx>15</textoffsetx>
								<font>Font_Reg28_2</font>
								<info>ListItem.Label</info>
							</control>
						</itemlayout>
						<focusedlayout height="40" width="555">
							<control type="image">
								<width>555</width>
								<height>37</height>
								<texture border="8" colordiffuse="$INFO[Window(home).Property(VideoInfo.ImageColor)]">views/tripanel/listselect_fo.png</texture>
								<visible>Control.HasFocus(601) + !Skin.Hassetting(AltInfoScreen)</visible>
							</control>
							<control type="image">
								<width>555</width>
								<height>37</height>
								<texture border="8">views/tripanel/listselect_fo.png</texture>
								<visible>Control.HasFocus(601) + Skin.Hassetting(AltInfoScreen)</visible>
							</control>
							<control type="label">
								<width>555</width>
								<height>30</height>
								<textoffsetx>15</textoffsetx>
								<font>Font_Reg28_2</font>
								<info>ListItem.Label</info>
							</control>
						</focusedlayout>
						<content>
							<item>
								<label>31197</label>
								<onclick condition="Stringcompare(Window(home).Property(ListType),Actors)">Control.Move(50,$INFO[Window.Property(Position)])</onclick>
								<onclick condition="Stringcompare(Window(home).Property(ListType),Actors)">SetFocus(50)</onclick>
								<onclick condition="Stringcompare(Window(home).Property(ListType),Actors)">Action(Select)</onclick>
								<onclick condition="Stringcompare(Window(home).Property(ListType),Actors)">Control.Move(50,-$INFO[Window.Property(Position)])</onclick>
								<onclick condition="Stringcompare(Window(home).Property(ListType),Director)">SetFocus(13)</onclick>
								<onclick condition="Stringcompare(Window(home).Property(ListType),Director)">Action(Select)</onclick>
								<onclick>SetFocus(600)</onclick>
								<visible>!Stringcompare(Window(home).Property(ListType),Writer)</visible>
							</item>
							<item>
								<label>31172</label>
								<onclick condition="Stringcompare(Window(home).Property(ListType),Actors)">RunScript(script.metadata.actors,$ESCINFO[Container(600).Listitem.Label])</onclick>
								<onclick condition="Stringcompare(Window(home).Property(ListType),Director)">RunScript(script.metadata.actors,$ESCINFO[ListItem.Director])</onclick>
								<onclick condition="Stringcompare(Window(home).Property(ListType),Writer)">RunScript(script.metadata.actors,$ESCINFO[ListItem.Writer])</onclick>
								<visible>System.HasAddon(script.metadata.actors)</visible>
								<onclick>SetFocus(600)</onclick>
							</item>
							<item>
								<label>31096</label>
								<onclick condition="Stringcompare(Window(home).Property(ListType),Actors)">ActivateWindow(videos,plugin://plugin.video.youtube/kodion/search/query/?q=$INFO[Container(600).Listitem.Label]),return)</onclick>
								<onclick condition="Stringcompare(Window(home).Property(ListType),Writer)">ActivateWindow(videos,plugin://plugin.video.youtube/kodion/search/query/?q=$INFO[ListItem.Writer],return)</onclick>
								<onclick condition="Stringcompare(Window(home).Property(ListType),Director)">ActivateWindow(videos,plugin://plugin.video.youtube/kodion/search/query/?q=$INFO[ListItem.Director],return)</onclick>
								<onclick>Action(Close)</onclick>
							</item>
							<item>
								<label>31066</label>
								<onclick>SetFocus(600)</onclick>
							</item>
						</content>
					</control>
				</control>
				<control type="grouplist" id="5000">
					<left>808</left>
					<top>565</top>
					<width>1130</width>
					<height>400</height>
					<onleft>5000</onleft>
					<onright>5000</onright>
					<onup>600</onup>
					<ondown>60</ondown>
					<orientation>horizontal</orientation>
					<scrolltime tween="quadratic">200</scrolltime>
					<control type="button" id="8">
						<label>$VAR[DialogVideoInfoButtonLabelVar]</label>
						<include>DialogVideoInfoButton</include>
						<visible>!Skin.HasSetting(AltInfoScreen)</visible>
					</control>
					<control type="button" id="9">
						<label>$LOCALIZE[13404] $INFO[ListItem.PercentPlayed,(,%)]</label>
						<include>DialogVideoInfoButton</include>
						<visible>Control.IsEnabled(9) + !Skin.HasSetting(AltInfoScreen)</visible>
					</control>
					<control type="button" id="11">
						<label>$LOCALIZE[20410]</label>
						<include>DialogVideoInfoButton</include>
						<visible>!IsEmpty(ListItem.Trailer) + !Skin.HasSetting(AltInfoScreen)</visible>
						<visible>Container.Content(movies) + ![substring(Container.FolderPath,plugin://) + substring(Container.FolderPath,trailer)]</visible>
					</control>
					<control type="button" id="440">
						<label>$LOCALIZE[31886]</label>
						<include>DialogVideoInfoButton</include>
						<visible>IsEmpty(ListItem.Trailer)</visible>
						<onclick>Action(Close)</onclick>
						<onclick>ActivateWindow(videos,plugin://plugin.video.youtube/kodion/search/query/?q=$INFO[ListItem.OriginalTitle]+Trailer)</onclick>
						<visible>Container.Content(movies) + ![substring(Container.FolderPath,plugin://) + substring(Container.FolderPath,trailer)] + !Skin.HasSetting(AltInfoScreen)</visible>
					</control>
					<control type="button" id="550">
						<label>$LOCALIZE[24069] $LOCALIZE[4]</label>
						<include>DialogVideoInfoButton</include>
						<onclick>RunScript(script.tv.show.next.aired,updateshow=$INFO[ListItem.Label])</onclick>
						<visible>Container.Content(tvshows) + !Skin.HasSetting(AltInfoScreen)</visible>
					</control>
					<!-- Mad Alt Dialog info screen -->
					<control type="button" id="17036">
						<label>$VAR[DialogVideoInfoButtonLabelVar]</label>
						<include>AltDialogVideoInfoButton</include>
						<visible>Skin.HasSetting(AltInfoScreen)</visible>
					</control>
					<control type="button" id="17037">
						<label>$LOCALIZE[13404] $INFO[ListItem.PercentPlayed,(,%)]</label>
						<include>AltDialogVideoInfoButton</include>
						<visible>Control.IsEnabled(9) + Skin.HasSetting(AltInfoScreen)</visible>
					</control>
					<control type="button" id="17038">
						<label>$LOCALIZE[20410]</label>
						<include>AltDialogVideoInfoButton</include>
						<visible>!IsEmpty(ListItem.Trailer) + Skin.HasSetting(AltInfoScreen)</visible>
						<visible>Container.Content(movies) + ![substring(Container.FolderPath,plugin://) + substring(Container.FolderPath,trailer)]</visible>
					</control>
					<control type="button" id="17039">
						<label>$LOCALIZE[31886]</label>
						<include>AltDialogVideoInfoButton</include>
						<visible>IsEmpty(ListItem.Trailer)</visible>
						<onclick>Action(Close)</onclick>
						<onclick>ActivateWindow(videos,plugin://plugin.video.youtube/kodion/search/query/?q=$INFO[ListItem.OriginalTitle]+Trailer)</onclick>
						<visible>Container.Content(movies) + ![substring(Container.FolderPath,plugin://) + substring(Container.FolderPath,trailer)] + Skin.HasSetting(AltInfoScreen)</visible>
					</control>
					<control type="button" id="17040">
						<label>$LOCALIZE[24069] $LOCALIZE[4]</label>
						<include>AltDialogVideoInfoButton</include>
						<onclick>RunScript(script.tv.show.next.aired,updateshow=$INFO[ListItem.Label])</onclick>
						<visible>Container.Content(tvshows) + Skin.HasSetting(AltInfoScreen)</visible>
					</control>
					<control type="grouplist" id="6100">
						<visible>!Skin.HasSetting(kioskmode)</visible>
						<control type="button" id="445">
							<include>DialogVideoInfoButton</include>
							<label>Extras</label>
							<onclick>ActivateWindow(1119)</onclick>
							<enable>!Skin.HasSetting(KioskMode.Enabled)</enable>
							<visible>!Skin.HasSetting(AltInfoScreen)</visible>
						</control>
						<control type="button" id="17041">
							<include>AltDialogVideoInfoButton</include>
							<label>Extras</label>
							<onclick>ActivateWindow(1119)</onclick>
							<enable>!Skin.HasSetting(KioskMode.Enabled)</enable>
							<visible>Skin.HasSetting(AltInfoScreen)</visible>
						</control>
					</control>
				</control>
				<control type="label">
					<left>825</left>
					<top>1046</top>
					<width>950</width>
					<label>$INFO[ListItem.FileNameAndPath]</label>
					<font>Font_Reg22</font>
					<textcolor>grey</textcolor>
					<scroll>true</scroll>
					<haspath>true</haspath>
					<visible>ControlGroup(6100).HasFocus</visible>
				</control>
				<control type="label">
					<left>825</left>
					<top>1046</top>
					<width>950</width>
					<label fallback="This movie is Unrated">$INFO[ListItem.mpaa]</label>
					<font>Font_Reg22</font>
					<textcolor>$VAR[FontColorVar]</textcolor>
					<scroll>true</scroll>
					<haspath>true</haspath>
					<visible>!ControlGroup(6100).HasFocus</visible>
					<visible>Skin.HasSetting(ExtendedMpaa)</visible>
				</control>
				<control type="image">
					<left>709</left>
					<width>40</width>
					<height>1080</height>
					<texture>common/topbar_top.png</texture>
					<colordiffuse>$VAR[ColorDiffuseVar]</colordiffuse>
					<include>TopbarPulseAnimationLeft</include>
					<visible>!Skin.HasSetting(DisableGlowbar)</visible>
				</control>
			</control>
		</control>
		<control type="group">
			<animation effect="slide" start="-1429,0" end="0,0" time="320" tween="quadratic">WindowOpen</animation>
			<animation effect="slide" end="-2729,0" time="320" tween="quadratic">WindowClose</animation>
			<animation effect="slide" start="-729,0" end="0,0" time="320" tween="quadratic" condition="!Window.IsVisible(script-Actors-DialogVideoInfo.xml)|!Window.IsVisible(script-Actors-DialogInfo.xml)">Conditional</animation>
			<animation effect="slide" end="-729,0" time="320" tween="quadratic" condition="Window.IsVisible(script-Actors-DialogVideoInfo.xml)|Window.IsVisible(script-Actors-DialogInfo.xml)">Conditional</animation>
			<animation effect="slide" start="0,0" end="1189,0" time="320" tween="quadratic" condition="Skin.HasSetting(VideoInfoInverse)">Conditional</animation>
			<control type="image">
				<width>729</width>
				<height>1080</height>
				<texture>info/movieinfogradient.png</texture>
			</control>
			<control type="image">
				<width>729</width>
				<height>1080</height>
				<texture background="true">$VAR[PosterVar]</texture>
			</control>
			<control type="image">
				<width>729</width>
				<height>1080</height>
				<aspectratio aligny="top">scale</aspectratio>
				<texture background="true">$INFO[Container(600).ListItem.Thumb]</texture>
				<visible>[Control.HasFocus(601) + Stringcompare(Window(home).Property(ListType),Actors)] | Control.HasFocus(600)</visible>
				<include>Animation_VisibleChange400</include>
			</control>
			<control type="image">
				<left>709</left>
				<width>40</width>
				<height>1080</height>
				<texture>common/topbar_down.png</texture>
				<animation effect="fade" time="320" delay="408">Visible</animation>
				<animation effect="fade" time="80">Hidden</animation>
				<colordiffuse>$VAR[ColorDiffuseVar]</colordiffuse>
				<include>TopbarPulseAnimationRight</include>
				<visible>!Skin.HasSetting(DisableGlowbar) + IsEmpty(Window(movieinformation).Property(FanartZoom))</visible>
			</control>
			<control type="group">
				<width>729</width>
				<visible>[Control.HasFocus(601) + Stringcompare(Window(home).Property(ListType),Actors)] | Control.HasFocus(600)</visible>
				<control type="image">
					<width>729</width>
					<height>1080</height>
					<aspectratio aligny="top">scale</aspectratio>
					<texture background="true">$INFO[Container(600).ListItem.Thumb]</texture>
					<include>Animation_VisibleChange400</include>
				</control>
				<control type="image">
					<height>51</height>
					<top>1000</top>
					<texture>common/bgcolor.png</texture>
					<animation effect="fade" start="100" end="80" time="40" condition="true">Conditional</animation>
				</control>
				<control type="fadelabel">
					<width>700</width>
					<left>15</left>
					<height>48</height>
					<top>1000</top>
					<align>center</align>
					<font>Font_Reg38</font>
					<label>$INFO[Container(600).ListItem.Label]</label>
					<scroll>true</scroll>
				</control>
			</control>
			<control type="image">
				<left>709</left>
				<width>40</width>
				<height>1080</height>
				<texture>common/topbar_down.png</texture>
				<animation effect="fade" time="320" delay="408">Visible</animation>
				<animation effect="fade" time="80">Hidden</animation>
				<colordiffuse>$VAR[ColorDiffuseVar]</colordiffuse>
				<include>TopbarPulseAnimationRight</include>
				<visible>!Skin.HasSetting(DisableGlowbar) + IsEmpty(Window(movieinformation).Property(FanartZoom))</visible>
			</control>
		</control>
		<control type="group">
			<animation effect="slide" start="729,0" end="0,0" time="320" tween="quadratic">WindowOpen</animation>
			<animation effect="slide" end="0,1100" time="320" tween="quadratic">WindowClose</animation>
			<animation effect="slide" start="0,0" end="-729,0" time="320" tween="quadratic" condition="Skin.HasSetting(VideoInfoInverse)">Conditional</animation>
			<control type="button" id="150">
				<left>40r</left>
				<top>40r</top>
				<width>40</width>
				<height>40</height>
				<onup>60</onup>
				<ondown>5000</ondown>
				<texturefocus>defaulticons/DefaultScript2.png</texturefocus>
				<texturenofocus>defaulticons/DefaultScript.png</texturenofocus>
				<onclick>ActivateWindow(1165)</onclick>
				<include>Animation_VisibleChange200</include>
			</control>
		</control>
	</controls>
</window>
