<?xml version="1.0" encoding="utf-8"?>
<window>
    <defaultcontrol always="true">9000</defaultcontrol>
    <allowoverlay>no</allowoverlay>
    
    <controls>
        <control type="group">
            <visible>![Window.IsVisible(FileBrowser) | Window.IsVisible(script-Actors-Browser.xml) | [Window.IsVisible(DialogSelect.xml) + StringCompare(Window.Property(actorsselect),1)]]</visible>
            <!--<animation effect="fade" time="300">Visible</animation>
			<animation effect="fade" time="300">Hidden</animation>-->
            <control type="group">
                <!--left side-->
                <animation effect="slide" start="-729,0" end="0,0" time="320" tween="quadratic">WindowOpen</animation>
                <animation effect="slide" end="-729,0" time="320" tween="quadratic">WindowClose</animation>
                <animation effect="slide" start="-729,0" end="0,0" time="320" tween="quadratic">VisibleChange</animation>
                <control type="image">
                    <width>729</width>
                    <height>1080</height>
                    <texture>info/movieinfogradient.png</texture>
                </control>
                <control type="image">
                    <width>729</width>
                    <height>1080</height>
                    <texture background="true">$INFO[ListItem.Icon]</texture>
                </control>
                <control type="image">
                    <left>709</left>
                    <width>40</width>
                    <height>1080</height>
                    <texture>common/topbar_down.png</texture>
                    <colordiffuse>$VAR[ColorDiffuseVar]</colordiffuse>
                    <include>TopbarPulseAnimationRight</include>
                    <visible>!Skin.HasSetting(DisableGlowbar)</visible>
                </control>
            </control>
            <control type="group">
                <!-- right side -->
                <animation effect="slide" start="1192,0" end="0,0" time="320" tween="quadratic">WindowOpen</animation>
                <animation effect="slide" end="1192,0" time="320" tween="quadratic">WindowClose</animation>
                <animation effect="slide" start="1192,0" end="0,0" time="320" tween="quadratic">VisibleChange</animation>
                <control type="image">
                    <left>729</left>
                    <width>1192</width>
                    <height>1080</height>
                    <texture>info/info_rightpanelbottom.png</texture>
                    <visible>IsEmpty(ListItem.Property(Fanart_Image))</visible>
                </control>
                <control type="image">
                    <left>729</left>
                    <width>1192</width>
                    <height>1080</height>
                    <aspectratio align="center">scale</aspectratio>
                    <texture background="true">$INFO[ListItem.Property(Fanart_Image)]</texture>
                    <fadetime>500</fadetime>
                </control>
                <control type="image">
                    <left>729</left>
                    <width>1192</width>
                    <height>1080</height>
                    <texture>info/info_rightpaneltop.png</texture>
                </control>
				<control type="group">
                    <left>804</left>
                    <top>68</top>
                    <width>1042</width>
                    <height>854</height>
                    <control type="label">
                        <top>-850</top>
                        <width>1050</width>
                        <label>$INFO[ListItem.Title]</label>
                       	<font>Font_Bold56</font>
                        <scroll>true</scroll>
                    </control>
                    <control type="group">
                        <visible>![[Control.HasFocus(10) + IntegerGreaterThan(Container(250).NumItems,0)] | ControlGroup(2500).HasFocus | ControlGroup(9000).HasFocus(20)]</visible>
                        <control type="grouplist">
                            <top>60</top>
                            <width>1050</width>
                            <itemgap>15</itemgap>
                            <orientation>horizontal</orientation>
                            <control type="label">
                                <width min="50" max="400">auto</width>
                                <aligny>bottom</aligny>
                                <label>$ADDON[script.metadata.actors 32016]:</label>
                               	<font>Font_Reg28_2</font>
                                <textcolor>$VAR[SubTitleColorVar]</textcolor>
                            </control>
                            <control type="fadelabel">
                                <width>1000</width>
                                <aligny>bottom</aligny>
                                <label fallback="N/A">$INFO[ListItem.Property(AlsoKnownAs)]</label>
                               	<font>Font_Reg28_2</font>
                                <textcolor>grey</textcolor>
                                <pauseatend>1000</pauseatend>
                            </control>
                        </control>
                        <control type="grouplist">
                            <top>120</top>
                            <width>1050</width>
                            <itemgap>15</itemgap>
                            <orientation>horizontal</orientation>
                            <control type="label">
                                <width min="50" max="400">auto</width>
                                <aligny>bottom</aligny>
                                <label>$ADDON[script.metadata.actors 32012]:</label>
                                <font>Font_Reg30_2</font>
                                <textcolor>$VAR[SubTitleColorVar]</textcolor>
                            </control>
                            <control type="fadelabel">
                                <width>1000</width>
                                <aligny>bottom</aligny>
                                <label fallback="N/A">$INFO[ListItem.Property(Birthday)]$INFO[ListItem.Property(AgeLong), (,)]</label>
                                <font>Font_Reg28_2</font>
                                <textcolor>grey</textcolor>
                                <pauseatend>1000</pauseatend>
                            </control>
                        </control>
                        <control type="grouplist">
                            <top>180</top>
                            <width>1050</width>
                            <itemgap>15</itemgap>
                            <orientation>horizontal</orientation>
                            <control type="label">
                                <width min="50" max="400">auto</width>
                                <aligny>bottom</aligny>
                                <label>$ADDON[script.metadata.actors 32014]:</label>
                                <font>Font_Reg28_2</font>
                                <textcolor>$VAR[SubTitleColorVar]</textcolor>
                            </control>
                            <control type="fadelabel">
                                <width>1000</width>
                                <aligny>bottom</aligny>
                                <label fallback="N/A">$INFO[ListItem.Property(PlaceOfBirth)]</label>
                                <font>Font_Reg28_2</font>
                                <textcolor>grey</textcolor>
                                <pauseatend>1000</pauseatend>
                            </control>
                        </control>
                        <control type="grouplist">
                            <top>240</top>
                            <width>1050</width>
                            <itemgap>15</itemgap>
                            <orientation>horizontal</orientation>
                            <control type="label">
                                <width min="50" max="400">auto</width>
                                <aligny>bottom</aligny>
                                <label>$ADDON[script.metadata.actors 32011]:</label>
                                <font>Font_Reg28_2</font>
                                <textcolor>$VAR[SubTitleColorVar]</textcolor>
                            </control>
                            <control type="fadelabel">
                                <width>1000</width>
                                <aligny>bottom</aligny>
                                <label fallback="N/A">$INFO[ListItem.Property(TotalMovies)]</label>
                                <font>Font_Reg28_2</font>
                                <textcolor>grey</textcolor>
                                <pauseatend>1000</pauseatend>
                            </control>
                        </control>
                        <control type="grouplist">
                            <top>300</top>
                            <width>1050</width>
                            <itemgap>15</itemgap>
                            <orientation>horizontal</orientation>
                            <control type="label">
                                <width min="50" max="400">auto</width>
                                <aligny>bottom</aligny>
                                <label>$ADDON[script.metadata.actors 32017]:</label>
                                <font>Font_Reg28_2</font>
                                <textcolor>$VAR[SubTitleColorVar]</textcolor>
                            </control>
                            <control type="fadelabel">
                                <width>1000</width>
                                <aligny>bottom</aligny>
                                <label fallback="N/A">$INFO[ListItem.Property(Homepage)]</label>
                                <font>Font_Reg28_2</font>
                                <textcolor>grey</textcolor>
                                <pauseatend>1000</pauseatend>
                            </control>
                        </control>
                        <control type="grouplist">
                            <top>360</top>
                            <width>1050</width>
                            <itemgap>15</itemgap>
                            <orientation>horizontal</orientation>
                            <visible>!IsEmpty(ListItem.Property(Deathday))</visible>
                            <control type="label">
                                <width min="50" max="400">auto</width>
                                <aligny>bottom</aligny>
                                <label>$ADDON[script.metadata.actors 32013]:</label>
                                <font>Font_Reg28_2</font>
                                <textcolor>$VAR[SubTitleColorVar]</textcolor>
                            </control>
                            <control type="fadelabel">
                                <width>1000</width>
                                <aligny>bottom</aligny>
                                <label fallback="N/A">$INFO[ListItem.Property(Deathday)]$INFO[ListItem.Property(DeathageLong), (,)]</label>
                                <font>Font_Reg28_2</font>
                                <textcolor>grey</textcolor>
                                <pauseatend>1000</pauseatend>
                            </control>
                        </control>
                    </control>
                    <control type="textbox" id="400">
                        <left>4</left>
                        <top>480</top>
                        <width>1000</width>
                        <height>464</height>
                        <label fallback="31006">$INFO[ListItem.Property(Biography)]</label>
                        <font>Font_Reg28_2</font>
                        <pagecontrol>60</pagecontrol>
                        <autoscroll delay="15000" time="AutoScrollTime" repeat="10000">Skin.HasSetting(AutoScroll) + !Control.HasFocus(60)</autoscroll>
                        <visible>!Control.IsVisible(150)</visible>
                    </control>
				    <control type="list" id="150">
                        <left>20</left>
                        <top>520</top>
                        <width>1290</width>
                        <height>400</height>
                        <onleft>9000</onleft>
                        <onright>9000</onright>
                        <onup>150</onup>
                        <ondown>150</ondown>
                        <pagecontrol>61</pagecontrol>
                        <scrolltime>200</scrolltime>
                        <orientation>vertical</orientation>
                        <itemlayout height="50" width="710">
                            <control type="image">
                                <width>710</width>
                                <height>50</height>
                                <texture>button-nofocus.png</texture>
                            </control>
                            <control type="label">
                                <width>640</width>
                                <height>50</height>
                                <textoffsetx>15</textoffsetx>
                                <textcolor>grey2</textcolor>
                                <info>ListItem.Label</info>
                                <visible>IsEmpty(ListItem.Property(LibraryHasMovie))</visible>
                            </control>
                            <control type="label">
                                <width>640</width>
                                <height>50</height>
                                <textoffsetx>15</textoffsetx>
                                <textcolor>$VAR[FontColorVar]</textcolor>
                                <info>ListItem.Label</info>
                                <visible>!IsEmpty(ListItem.Property(LibraryHasMovie))</visible>
                            </control>
                            <control type="label">
                                <left>590</left>
                                <width>100</width>
                                <height>50</height>
                                <textoffsetx>15</textoffsetx>
                                <align>right</align>
                                <label>$INFO[ListItem.Year]</label>
                                <scroll>true</scroll>
                            </control>
                            <control type="image">
                                <left>675</left>
                                <top>7</top>
                                <width>35</width>
                                <height>35</height>
                                <texture>OverlayWatched.png</texture>
                                <visible>IntegerGreaterThan(ListItem.Property(PlayCount),0)</visible>
                            </control>
                        </itemlayout>
                        <focusedlayout height="50" width="710">
                            <control type="group">
                                <visible>!Control.HasFocus(150)</visible>
                                <control type="image">
                                    <width>710</width>
                                    <height>50</height>
                                    <texture>button-nofocus.png</texture>
                                </control>
                                <control type="label">
                                    <width>640</width>
                                    <height>50</height>
                                    <textoffsetx>15</textoffsetx>
                                    <textcolor>grey2</textcolor>
                                    <info>ListItem.Label</info>
                                    <visible>IsEmpty(ListItem.Property(LibraryHasMovie))</visible>
                                </control>
                                <control type="label">
                                    <width>585</width>
                                    <height>50</height>
                                    <textoffsetx>15</textoffsetx>
                                    <textcolor>$VAR[FontColorVar]</textcolor>
                                    <info>ListItem.Label</info>
                                    <visible>!IsEmpty(ListItem.Property(LibraryHasMovie))</visible>
                                    <scroll>true</scroll>
                                </control>
                                <control type="label">
                                    <left>590</left>
                                    <width>100</width>
                                    <height>50</height>
                                    <textoffsetx>15</textoffsetx>
                                    <align>right</align>
                                    <label>$INFO[ListItem.Year]</label>
                                    <scroll>true</scroll>
                                </control>
                            </control>
                            <control type="group">
                                <visible>Control.HasFocus(150)</visible>
                                <control type="image">
                                    <width>710</width>
                                    <height>50</height>
                                    <texture border="8" colordiffuse="$INFO[Window(home).Property(VideoInfo.ImageColor)]">views/tripanel/listselect_fo.png</texture>
                                    <colordiffuse>$VAR[FocusTextureColorVar]</colordiffuse>
                                </control>
                                <control type="label">
                                    <width>640</width>
                                    <height>50</height>
                                    <textoffsetx>15</textoffsetx>
                                    <info>ListItem.Label</info>
                                    <visible>IsEmpty(ListItem.Property(LibraryHasMovie))</visible>
                                    <scroll>true</scroll>
                                </control>
                                <control type="label">
                                    <width>585</width>
                                    <height>50</height>
                                    <textoffsetx>15</textoffsetx>
                                    <textcolor>$VAR[FontColorVar]</textcolor>
                                    <info>ListItem.Label</info>
                                    <visible>!IsEmpty(ListItem.Property(LibraryHasMovie))</visible>
                                    <scroll>true</scroll>
                                </control>
                                <control type="label">
                                    <left>590</left>
                                    <width>100</width>
                                    <height>50</height>
                                    <textoffsetx>15</textoffsetx>
                                    <align>right</align>
                                    <label>$INFO[ListItem.Year]</label>
                                    <scroll>true</scroll>
                                </control>
                            </control>
                            <control type="image">
                                <left>675</left>
                                <top>7</top>
                                <width>35</width>
                                <height>35</height>
                                <texture>OverlayWatched.png</texture>
                                <visible>IntegerGreaterThan(ListItem.Property(PlayCount),0)</visible>
                            </control>
                        </focusedlayout>
                    </control>
                </control>
                <control type="group">
                    <control type="group">
                        <left>827</left>
                        <top>120</top>
                        <visible>ControlGroup(9000).HasFocus(20)</visible>
                        <animation effect="fade" time="240">Visible</animation>
                        <animation effect="fade" time="240">Hidden</animation>
                        <control type="image">
                            <width>1000</width>
                            <height>360</height>
                            <aspectratio>keep</aspectratio>
                            <texture background="true">$INFO[ListItem.Property(Fanart_Image)]</texture>
                            <bordertexture border="7">thumbs/thumbshadow.png</bordertexture>
                            <bordersize>7</bordersize>
                            <visible>!IsEmpty(ListItem.Property(Fanart_Image))</visible>
                        </control>
                        <control type="group">
                            <visible>IsEmpty(ListItem.Property(Fanart_Image))</visible>
                            <control type="label">
                                <width>1000</width>
                                <height>360</height>
                                <align>center</align>
                                <label>$ADDON[script.metadata.actors 32311]</label>
                                <font>font30_title</font>
                                <shadowcolor>FF000000</shadowcolor>
                                <textcolor>white</textcolor>
                            </control>
                        </control>
                    </control>
                    <control type="image">
                        <left>1600</left>
                        <top>588</top>
                        <width>266</width>
                        <height>400</height>
                        <aspectratio>keep</aspectratio>
                        <texture fallback="DefaultVideoBigPoster.png" background="true">$INFO[Container(150).Listitem.Icon]</texture>
                        <!--filmography cover-->
                        <visible>Control.IsVisible(150)</visible>
                    </control>
                    <control type="label">
                        <left>1866</left>
                        <top>988</top>
                        <width>1000</width>
                        <height>50</height>
                        <align>right</align>
                        <label>$INFO[Container(150).ListItem.Property(role),$ADDON[script.metadata.actors 32018]: [COLOR white2],[/COLOR]]</label>
                        <textcolor>$VAR[SubTitleColorVar]</textcolor>
                        <scroll>true</scroll>
                        <visible>Control.HasFocus(150)</visible>
                    </control>
                    <control type="label">
                        <left>1866</left>
                        <top>1018</top>
                        <width>1000</width>
                        <height>50</height>
                        <align>right</align>
                        <label>$INFO[Container(150).ListItem.Property(job),$ADDON[script.metadata.actors 32019]: [COLOR white2],[/COLOR]]</label>
                        <textcolor>$VAR[SubTitleColorVar]</textcolor>
                        <scroll>true</scroll>
                        <visible>Control.HasFocus(150)</visible>
                    </control>
                    <control type="list" id="50">
                        <width>1</width>
                        <height>1</height>
                        <onleft>9000</onleft>
                        <onright>9000</onright>
                        <onup>9000</onup>
                        <ondown>9000</ondown>
                        <itemlayout height="1" width="1" />
                        <focusedlayout height="1" width="1" />
                    </control>
                    <control type="group" id="2500">
                        <left>827</left>
                        <top>80</top>
                        <visible>[Control.HasFocus(10) + IntegerGreaterThan(Container(250).NumItems,0)] | ControlGroup(2500).HasFocus</visible>
                        <animation effect="fade" time="240">Visible</animation>
                        <animation effect="fade" time="240">Hidden</animation>
                        <control type="panel" id="250">
                            <width>1000</width>
                            <height>450</height>
                            <onleft>250</onleft>
                            <onright>250</onright>
                            <onup>9000</onup>
                            <ondown>9000</ondown>
                            <pagecontrol>60</pagecontrol>
                            <scrolltime>300</scrolltime>
                            <orientation>horizontal</orientation>
                            <preloaditems>2</preloaditems>
                            <itemlayout height="420" width="230">
                                <control type="image">
                                    <width>214</width>
                                    <height>434</height>
                                    <aspectratio>keep</aspectratio>
                                    <texture background="true">$INFO[ListItem.Icon]</texture>
                                    <bordertexture border="7">thumbs/thumbshadow.png</bordertexture>
                                    <bordersize>7</bordersize>
                                </control>
                            </itemlayout>
                            <focusedlayout height="420" width="230">
                                <control type="image">
                                    <width>214</width>
                                    <height>434</height>
                                    <aspectratio>keep</aspectratio>
                                    <texture background="true">$INFO[ListItem.Icon]</texture>
                                    <bordertexture border="7">thumbs/thumbshadow.png</bordertexture>
                                    <bordersize>7</bordersize>
                                    <visible>!Control.HasFocus(250)</visible>
                                </control>
                                <control type="image">
                                    <left>2</left>
                                    <top>2</top>
                                    <width>210</width>
                                    <height>430</height>
                                    <aspectratio>keep</aspectratio>
                                    <texture background="true">$INFO[ListItem.Icon]</texture>
                                    <colordiffuse>$VAR[FocusTextureColorVar]</colordiffuse>
                                    <bordertexture border="5">views/addonwall_select.png</bordertexture>
                                    <bordersize>5</bordersize>
                                    <visible>Control.HasFocus(250)</visible>
                                </control>
                                <control type="image">
                                    <left>2</left>
                                    <top>2</top>
                                    <width>210</width>
                                    <height>430</height>
                                    <aspectratio>keep</aspectratio>
                                    <texture background="true">$INFO[ListItem.Icon]</texture>
                                    <bordersize>5</bordersize>
                                    <visible>Control.HasFocus(250)</visible>
                                </control>
                            </focusedlayout>
                        </control>
                    </control>
                    <control type="grouplist" id="9000">
                        <left>790</left>
                        <top>468</top>
                       <width>1130</width>
					   <height>400</height>
                        <onleft>9000</onleft>
                        <onright>9000</onright>
                        <onup>150</onup>
                        <ondown>150</ondown>
                        <orientation>horizontal</orientation>
                        <control type="button" id="8">
                             <label>1024</label>
                             <include>DialogVideoInfoButton</include>
                        </control>
                        <control type="button" id="5">
                             <label>$ADDON[script.metadata.actors 32010]</label>
                             <include>DialogVideoInfoButton</include>
                        </control>
                        <control type="button" id="6">
                            <label>184</label>
                            <include>DialogVideoInfoButton</include>
                        </control>
                        <control type="button" id="10">
                            <label>13405</label>
                            <include>DialogVideoInfoButton</include>
                        </control>
                        <control type="button" id="20">
                            <label>20413</label>
                            <include>DialogVideoInfoButton</include>
                        </control>
                        <control type="button" id="11">
                            <label>20067</label>
                            <include>DialogVideoInfoButton</include>
                        </control>
                        <control type="button" id="25">
                            <label>24002</label>
                            <include>DialogVideoInfoButton</include>
                        </control>
                        <control type="button" id="22">
                            <label>$LOCALIZE[31096]</label>
                            <onclick>ActivateWindow(videos,plugin://plugin.video.youtube/kodion/search/query/?q=$INFO[ListItem.Label],return)</onclick>
                            <onclick>Dialog.Close(all,true)</onclick>
                            <include>DialogVideoInfoButton</include>
                        </control>
                    </control>
                </control>
                <control type="image">
                    <left>709</left>
                    <width>40</width>
                    <height>1080</height>
                    <texture>common/topbar_top.png</texture>
                    <colordiffuse>$VAR[ColorDiffuseVar]</colordiffuse>
                    <include>TopbarPulseAnimationLeft</include>
                    <visible>!Skin.HasSetting(DisableGlowbar)</visible>
                </control>
            </control>
        </control>
    </controls>
</window>