<?xml version="1.0" encoding="utf-8"?>
<window>
    <defaultcontrol always="true">450</defaultcontrol>
    <allowoverlay>no</allowoverlay>
    <coordinates>
        <left>0</left>
        <top>0</top>
        <system>1</system>
    </coordinates>
    <controls>
        <control type="image">
            <texture>common/bgcolor.png</texture>
            <include>FullscreenDimensions</include>
            <animation effect="fade" start="100" end="80" time="40" condition="true">Conditional</animation>
            <animation effect="fade" end="100" time="2160" reversible="false">WindowOpen</animation>
            <animation effect="fade" start="100" end="0" time="240">WindowClose</animation>
        </control>
        <control type="group">
            <include>Animation_DialogZoom</include>
            <control type="group">
                <width>609</width>
                <height>834</height>
                <animation effect="slide" start="-615,0" end="0,0" time="320" delay="400" tween="cubic">WindowOpen</animation>
                <control type="image">
                    <left>1214</left>
                    <top>154</top>
                    <width>609</width>
                    <height>834</height>
                    <texture>views/filebrowser_sidecar.png</texture>
                </control>
                <control type="image">
                    <left>1300</left>
                    <top>250</top>
                    <width>429</width>
                    <height>429</height>
                    <aspectratio aligny="bottom">keep</aspectratio>
                    <texture background="true">$INFO[container(450).ListItem.Icon]</texture>
                    <fadetime>400</fadetime>
                </control>
                <control type="image">
                    <left>1300</left>
                    <top>680</top>
                    <width>429</width>
                    <height>429</height>
                    <aspectratio aligny="top">keep</aspectratio>
                    <texture background="true" flipy="true" diffuse="thumbs/diffuse_mirror3.png">$INFO[container(450).ListItem.Icon]</texture>
                    <fadetime>400</fadetime>
                </control>
                <control type="label" id="412">
                    <left>1226</left>
                    <top>810</top>
                    <width>579</width>
                    <align>center</align>
                    <font>Font_Reg26</font>
                </control>
                <control type="label" id="411">
                    <left>1226</left>
                    <top>900</top>
                    <width>579</width>
                    <align>center</align>
                    <font>Font_Bold46</font>
                    <textcolor>white3</textcolor>
                </control>
            </control>
            <include>FileBrowserPanel</include>
            <control type="scrollbar" id="60">
                <left>1200</left>
                <top>158</top>
                <width>46</width>
                <height>728</height>
                <include>Animation_VerticalScrollBar</include>
                <onup>60</onup>
                <ondown>60</ondown>
                <onleft>451</onleft>
                <onright>413</onright>
            </control>
            <control type="list" id="450">
                <left>90</left>
                <top>158</top>
                <width>1140</width>
                <height>728</height>
                <pagecontrol>60</pagecontrol>
                <!-- invalid supposed to be visible ?? -->
                <!--<enable>!StringCompare(Window.Property(dialogprogress),1)</enable>-->
                <scrolltime tween="quadratic">200</scrolltime>
                <onleft>413</onleft>
                <onright>60</onright>
                <onup>450</onup>
                <ondown>450</ondown>
                <itemlayout height="60">
                    <control type="image">
                        <width>1140</width>
                        <height>60</height>
                        <texture border="1">osd/osd_settings_buttonnf.png</texture>
                    </control>
                    <control type="label">
                        <left>68</left>
                        <width>810</width>
                        <height>60</height>
                        <font>Font_Reg30_2</font>
                        <textcolor>bcicon</textcolor>
                        <info>ListItem.Label</info>
                    </control>
				    <control type="label">
                        <left>245</left>
                        <width>795</width>
                        <height>60</height>
                        <align>right</align>
                        <font>Font_Reg30_2</font>
                        <textcolor>bcicon</textcolor>
                        <info>ListItem.Label2</info>
                    </control>

                    <control type="image">
                        <left>1032</left>
                        <top>16</top>
                        <width>120</width>
                        <height>30</height>
                        <info>ListItem.Overlay</info>
                    </control>
                </itemlayout>
                <focusedlayout height="60">
                    <control type="image">
                        <width>1140</width>
                        <height>60</height>
                        <texture border="1">osd/osd_settings_buttonnf.png</texture>
                    </control>
                    <control type="image">
                        <left>10</left>
                        <width>1117</width>
                        <height>58</height>
                        <texture border="8">views/tripanel/listselect_fo.png</texture>
                        <colordiffuse>$VAR[FocusTextureColorVar]</colordiffuse>
                        <animation effect="fade" start="100" end="50" time="160" condition="!Control.HasFocus(450)">Conditional</animation>
                    </control>
                    <control type="label">
                        <left>68</left>
                        <width>810</width>
                        <height>60</height>
                        <font>Font_Reg30_2</font>
                        <textcolor>white6</textcolor>
                        <info>ListItem.Label</info>
                    </control>
			        <control type="label">
                        <left>245</left>
                        <width>795</width>
                        <height>60</height>
                        <align>right</align>
                        <font>Font_Reg30_2</font>
                        <textcolor>white6</textcolor>
                        <info>ListItem.Label2</info>
                    </control>
                    <control type="image">
                        <left>1032</left>
                        <top>16</top>
                        <width>120</width>
                        <height>30</height>
                        <info>ListItem.Overlay</info>
                    </control>
                </focusedlayout>
            </control>
            <control type="list" id="451">
                <left>90</left>
                <top>158</top>
                <width>1156</width>
                <height>728</height>
                <pagecontrol>60</pagecontrol>
                <!-- invalid supposed to be visible ?? -->
                <!--<enable>!StringCompare(Window.Property(dialogprogress),1)</enable>-->
                <scrolltime tween="quadratic">200</scrolltime>
                <onleft>413</onleft>
                <onright>60</onright>
                <onup>451</onup>
                <ondown>451</ondown>
                <itemlayout height="60">
                    <control type="image">
                        <width>1156</width>
                        <height>60</height>
                        <texture border="1">osd/osd_settings_buttonnf.png</texture>
                    </control>
                    <control type="label">
                        <left>68</left>
                        <width>810</width>
                        <height>60</height>
                        <font>Font_Reg30_2</font>
                        <textcolor>bcicon</textcolor>
                        <info>ListItem.Label</info>
                    </control>
                    <control type="label">
                        <left>245</left>
                        <width>795</width>
                        <height>60</height>
                        <align>right</align>
                        <font>Font_Reg30_2</font>
                        <textcolor>bcicon</textcolor>
                        <info>ListItem.Label2</info>
                    </control>
                    <control type="image">
                        <left>1032</left>
                        <top>16</top>
                        <width>120</width>
                        <height>30</height>
                        <info>ListItem.Overlay</info>
                    </control>
                </itemlayout>
                <focusedlayout height="60">
                    <control type="image">
                        <width>1156</width>
                        <height>60</height>
                        <texture border="1">osd/osd_settings_buttonnf.png</texture>
                    </control>
                    <control type="image">
                        <left>10</left>
                        <width>1117</width>
                        <height>58</height>
                        <texture border="8">views/tripanel/listselect_fo.png</texture>
                        <colordiffuse>$VAR[FocusTextureColorVar]</colordiffuse>
                        <animation effect="fade" start="100" end="50" time="160" condition="!Control.HasFocus(451)">Conditional</animation>
                    </control>
                    <control type="label">
                        <left>68</left>
                        <width>810</width>
                        <height>60</height>
                        <font>Font_Reg30_2</font>
                        <textcolor>white6</textcolor>
                        <info>ListItem.Label</info>
                    </control>
                    <control type="label">
                        <left>245</left>
                        <width>795</width>
                        <height>60</height>
                        <align>right</align>
                        <font>Font_Reg30_2</font>
                        <textcolor>white6</textcolor>
                        <info>ListItem.Label2</info>
                    </control>
                    <control type="image">
                        <left>1032</left>
                        <top>16</top>
                        <width>120</width>
                        <height>30</height>
                        <info>ListItem.Overlay</info>
                    </control>
                </focusedlayout>
            </control>
            <control type="grouplist" id="9000">
                <left>102</left>
                <top>910</top>
                <width>1117</width>
                <height>80</height>
                <onleft>9000</onleft>
                <onright>9000</onright>
                <onup>450</onup>
                <ondown>450</ondown>
                <scrolltime tween="quadratic">200</scrolltime>
                <enable>!StringCompare(Window.Property(dialogprogress),1)</enable>
                <orientation>horizontal</orientation>
                <control type="button" id="413">
                    <width>279</width>
                    <height>80</height>
                    <textoffsety>16</textoffsety>
                    <align>center</align>
                    <aligny>top</aligny>
                    <texturefocus border="8">views/tripanel/listselect_fo.png</texturefocus>
                    <label>186</label>
                    <font>Font_Reg38</font>
                    <colordiffuse>$VAR[FocusTextureColorVar]</colordiffuse>
                </control>
                <control type="button" id="414">
                    <width>279</width>
                    <height>80</height>
                    <textoffsety>16</textoffsety>
                    <align>center</align>
                    <aligny>top</aligny>
                    <texturefocus border="8">views/tripanel/listselect_fo.png</texturefocus>
                    <label>222</label>
                    <font>Font_Reg38</font>
                    <colordiffuse>$VAR[FocusTextureColorVar]</colordiffuse>
                </control>
                <control type="button" id="415">
                    <width>279</width>
                    <height>80</height>
                    <textoffsety>16</textoffsety>
                    <align>center</align>
                    <aligny>top</aligny>
                    <texturefocus border="8">views/tripanel/listselect_fo.png</texturefocus>
                    <label>119</label>
                    <font>Font_Reg38</font>
                    <colordiffuse>$VAR[FocusTextureColorVar]</colordiffuse>
                </control>
                <control type="radiobutton" id="416">
                    <width>279</width>
                    <height>80</height>
                    <textoffsety>16</textoffsety>
                    <align>center</align>
                    <aligny>top</aligny>
                    <texturefocus border="8">views/tripanel/listselect_fo.png</texturefocus>
                    <label>749</label>
                    <font>Font_Reg38</font>
                    <selectedcolor>FF7b7b7b</selectedcolor>
                    <colordiffuse>$VAR[FocusTextureColorVar]</colordiffuse>
                    <textureradioon>-</textureradioon>
                    <textureradiooff>-</textureradiooff>
                </control>
            </control>
        </control>
        <control type="group">
            <visible>StringCompare(Window.Property(dialogprogress),1)</visible>
            <animation type="Visible" reversible="false">
                <effect type="zoom" start="80" end="100" center="960,540" tween="back" time="240" />
                <effect type="fade" end="100" time="240" />
            </animation>
            <animation type="Hidden" reversible="false">
                <effect type="zoom" start="100" end="80" center="960,540" easing="in" tween="back" time="240" />
                <effect type="fade" start="100" end="0" time="240" />
            </animation>
            <control type="group">
                <left>570</left>
                <top>375</top>
                <control type="image">
                    <width>780</width>
                    <height>330</height>
                    <texture>dialogs/dialog_back.png</texture>
                    <colordiffuse>$VAR[DialogColorVar]</colordiffuse>
                </control>
                <control type="image">
                    <width>780</width>
                    <height>330</height>
                    <texture>dialogs/dialog_back_shadow.png</texture>
                    <include>PanelGlowFade</include>
                    <colordiffuse>$VAR[ColorDiffuseVar]</colordiffuse>
                    <visible>!Skin.HasSetting(DisableGlowbar)</visible>
                </control>
                <control type="image">
                    <left>15</left>
                    <width>750</width>
                    <height>60</height>
                    <texture border="1">osd/osd_settings_buttonnf.png</texture>
                </control>
                <control type="label" id="1011">
                    <include>HiddenObject</include>
                </control>
                <control type="label">
                    <width>780</width>
                    <height>78</height>
                    <align>center</align>
                    <label>$INFO[Control.GetLabel(1011)] $INFO[Control.GetLabel(1015),- ,%]</label>
                    <textcolor>$VAR[FontColorVar]</textcolor>
                    <scroll>true</scroll>
                </control>
                <control type="grouplist">
                    <top>68</top>
                    <control type="label" id="1012">
                        <width>780</width>
                        <height>45</height>
                        <textcolor>white3</textcolor>
                        <scroll>true</scroll>
                    </control>
                    <control type="label" id="1013">
                        <width>780</width>
                        <height>45</height>
                        <textcolor>white3</textcolor>
                        <scroll>true</scroll>
                    </control>
                    <control type="label" id="1014">
                        <width>780</width>
                        <height>45</height>
                        <textcolor>white3</textcolor>
                        <scroll>true</scroll>
                    </control>
                </control>
                <control type="progress" id="1015">
                    <left>45</left>
                    <top>225</top>
                    <width>690</width>
                    <height>21</height>
                </control>
                <control type="button" id="1010">
                    <textoffsety></textoffsety>
                    <left>278</left>
                    <top>258</top>
                    <width>225</width>
                    <height>45</height>
                    <textoffsetx>30</textoffsetx>
                    <align>center</align>
                    <label>222</label>
                    <textcolor>grey2</textcolor>
                    <colordiffuse>$VAR[FocusTextureColorVar]</colordiffuse>
                    <focusedcolor>white3</focusedcolor>
                    <onup>10</onup>
                    <ondown>10</ondown>
                    <onleft>11</onleft>
                    <onright>11</onright>
                    <onclick>SetProperty(iscanceled,1)</onclick>
                </control>
            </control>
        </control>
    </controls>
</window>