<?xml version="1.0" encoding="utf-8"?>
<window>
    <allowoverlay>no</allowoverlay>
    <coordinates>
        <left>0</left>
        <top>0</top>
        <system>1</system>
    </coordinates>
    <include>Animation_DialogPopup2</include>
    <controls>
        <control type="group">
            <control type="group" id="250">
                <animation type="Conditional" condition="Control.HasFocus(150)">
                    <effect type="slide" end="-90,0" time="320" />
                </animation>
                <control type="image">
                    <left>300</left>
                    <top>180</top>
                    <width>1322</width>
                    <height>722</height>
                    <texture>osd/osd_settings_back_glow.png</texture>
                    <colordiffuse>$VAR[ColorDiffuseVar]</colordiffuse>
                    <visible>!Skin.HasSetting(DisableGlowbar)</visible>
                    <include>PanelGlowFade</include>
                </control>
                <control type="image">
                    <left>300</left>
                    <top>180</top>
                    <width>1322</width>
                    <height>722</height>
                    <texture>osd/osd_settings_back.png</texture>
                    <colordiffuse>$VAR[DialogColorVar]</colordiffuse>
                </control>
                <control type="image">
                    <left>375</left>
                    <top>232</top>
                    <width>1172</width>
                    <height>60</height>
                    <texture border="1">osd/osd_settings_buttonnf.png</texture>
                </control>
                <control type="label">
                    <left>420</left>
                    <top>225</top>
                    <width>600</width>
                    <height>60</height>
                    <label>XBMC Subtitles</label>
                    <font>Font_Bold33</font>
                    <textcolor>$VAR[TitleColorVar]</textcolor>
                </control>
                <control type="label">
                    <left>1514</left>
                    <top>842</top>
                    <width>315</width>
                    <height>60</height>
                    <align>right</align>
                    <aligny>top</aligny>
                    <label>$INFO[Container(120).NumItems,, $LOCALIZE[31025]]$INFO[Container(120).CurrentPage, - $LOCALIZE[31024] (]$INFO[Container(120).NumPages,/,)]</label>
                    <font>Font_Reg25</font>
                    <textcolor>grey2</textcolor>
                </control>
                <control type="label" id="100">
                    <left>390</left>
                    <top>842</top>
                    <width>930</width>
                    <height>60</height>
                    <aligny>top</aligny>
                    <font>Font_Reg25</font>
                    <textcolor>grey2</textcolor>
                </control>
                <control type="image">
                    <left>1544</left>
                    <top>844</top>
                    <width>30</width>
                    <height>30</height>
                    <texture>arrowright.png</texture>
                    <colordiffuse>$VAR[ColorDiffuseVar]</colordiffuse>
                    <animation effect="rotate" end="180" center="auto" delay="40" time="320" condition="Control.HasFocus(150)">Conditional</animation>
                </control>
                <!-- ** Required ** Do not change <id>or<type>-->
                <control type="group">
                    <control type="image" id="110">
                        <left>1200</left>
                        <top>225</top>
                        <width>345</width>
                        <height>60</height>
                        <aspectratio align="right">keep</aspectratio>
                    </control>
                    <control type="group" id="111">
                        <control type="grouplist">
                            <top>230</top>
                            <width>1920</width>
                            <height>48</height>
                            <align>center</align>
                            <orientation>horizontal</orientation>
                            <itemgap>5</itemgap>
                            <control type="image">
                                <width>48</width>
                                <height>48</height>
                                <texture>subtitles/default_icon_info.png</texture>
                            </control>
                            <control type="label">
                                <width min="10" max="393">auto</width>
                                <height>48</height>
                                <label>$LOCALIZE[SCRIPT655]</label>
                                <font>Font_Reg32</font>
                                <textcolor>white</textcolor>
                                <wrapmultiline>true</wrapmultiline>
                            </control>
                        </control>
                    </control>
                </control>
                <!-- ** Required ** Do not change <id>or<type>-->
                <control type="list" id="120">
                    <left>375</left>
                    <top>292</top>
                    <width>1250</width>
                    <height>540</height>
                    <onleft>121</onleft>
                    <onright>150</onright>
                    <onup>120</onup>
                    <ondown>120</ondown>
                    <pagecontrol>121</pagecontrol>
                    <scrolltime>200</scrolltime>
                    <itemlayout width="1200" height="60">
                        <control type="image">
                            <width>1200</width>
                            <height>60</height>
                            <texture border="1">osd/osd_settings_buttonnf.png</texture>
                        </control>
                        <control type="image">
                            <left>16</left>
                            <top>12</top>
                            <width>53</width>
                            <height>36</height>
                            <texture>$INFO[ListItem.Thumb,subtitles/,/flag.png]</texture>
                        </control>
                        <control type="label">
                            <left>75</left>
                            <width>105</width>
                            <height>54</height>
                            <font>Font_Reg30_2</font>
                            <textcolor>grey2</textcolor>
                            <info>ListItem.Label</info>
                        </control>
                        <control type="image">
                            <left>195</left>
                            <top>21</top>
                            <width>60</width>
                            <height>18</height>
                            <texture>subtitles/icon_sync.png</texture>
                            <visible>ListItem.property(sync)</visible>
                        </control>
                        <control type="label">
                            <left>270</left>
                            <width>750</width>
                            <height>54</height>
                            <font>Font_Reg30_2</font>
                            <textcolor>grey2</textcolor>
                            <info>ListItem.Label2</info>
                        </control>
                        <control type="image">
                            <left>1025</left>
                            <top>21</top>
                            <width>30</width>
                            <height>18</height>
                            <texture>subtitles/icon_close_caption.png</texture>
                            <visible>ListItem.property(hearing_imp)</visible>
                        </control>
                        <control type="image">
                            <left>1060</left>
                            <top>16</top>
                            <width>135</width>
                            <height>26</height>
                            <texture>$INFO[ListItem.ActualIcon,stars/,.png]</texture>
                            <colordiffuse>grey2</colordiffuse>
                        </control>
                    </itemlayout>
                    <focusedlayout width="1200" height="60">
                        <control type="image">
                            <width>1200</width>
                            <height>60</height>
                            <texture border="8">views/tripanel/listselect_fo.png</texture>
                            <colordiffuse>$VAR[FocusTextureColorVar]</colordiffuse>
                        </control>
                        <control type="label">
                            <left>75</left>
                            <width>105</width>
                            <height>54</height>
                            <font>Font_Reg30_2</font>
                            <info>ListItem.Label</info>
                        </control>
                        <control type="image">
                            <left>16</left>
                            <top>12</top>
                            <width>53</width>
                            <height>36</height>
                            <texture>$INFO[ListItem.Thumb,subtitles/,/flag.png]</texture>
                        </control>
                        <control type="image">
                            <left>195</left>
                            <top>21</top>
                            <width>60</width>
                            <height>18</height>
                            <texture>subtitles/icon_sync.png</texture>
                            <visible>ListItem.property(sync)</visible>
                        </control>
                        <control type="label">
                            <left>270</left>
                            <width>750</width>
                            <height>54</height>
                            <font>Font_Reg30_2</font>
                            <info>ListItem.Label2</info>
                        </control>
                        <control type="image">
                            <left>1025</left>
                            <top>21</top>
                            <width>30</width>
                            <height>18</height>
                            <texture>subtitles/icon_close_caption.png</texture>
                            <visible>ListItem.property(hearing_imp)</visible>
                        </control>
                        <control type="image">
                            <left>1060</left>
                            <top>16</top>
                            <width>135</width>
                            <height>26</height>
                            <texture>$INFO[ListItem.ActualIcon,stars/,.png]</texture>
                        </control>
                    </focusedlayout>
                </control>
            </control>
            <control type="group" id="250">
                <left>360</left>
                <top>172</top>
                <animation effect="slide" end="-390,0" time="320" condition="Control.HasFocus(150) | Control.HasFocus(122)">Conditional</animation>
                <control type="image">
                    <left>1538</left>
                    <top>172</top>
                    <width>441</width>
                    <height>462</height>
                    <texture>keyboard/numeric_back.png</texture>
                    <colordiffuse>$VAR[DialogColorVar]</colordiffuse>
                </control>
                <control type="image">
                    <left>1582</left>
                    <top>180</top>
                    <width>348</width>
                    <height>60</height>
                    <texture border="1">osd/osd_settings_buttonnf.png</texture>
                </control>
                <control type="label">
                    <left>1538</left>
                    <top>550</top>
                    <width>441</width>
                    <height>30</height>
                    <align>center</align>
                    <label>$LOCALIZE[SCRIPT760]</label>
                    <font>Font_Bold30</font>
                    <shadowcolor>AA000000</shadowcolor>
                    <textcolor>$VAR[TitleColorVar]</textcolor>
                </control>
                <control type="list" id="150">
                    <left>1582</left>
                    <top>238</top>
                    <width>375</width>
                    <height>300</height>
                    <onleft>120</onleft>
                    <onright>120</onright>
                    <onup>150</onup>
                    <ondown>150</ondown>
                    <scrolltime>200</scrolltime>
                    <itemlayout width="375" height="60">
                        <control type="image">
                            <top>1</top>
                            <width>348</width>
                            <height>60</height>
                            <texture border="1">osd/osd_settings_buttonnf.png</texture>
                        </control>
                        <control type="label">
                            <width>348</width>
                            <height>60</height>
                            <textoffsetx>15</textoffsetx>
                            <font>Font_Reg28</font>
                            <textcolor>grey2</textcolor>
                            <info>ListItem.Label</info>
                            <visible>!ListItem.property(man)</visible>
                        </control>
                        <control type="label">
                            <width>348</width>
                            <height>60</height>
                            <textoffsetx>15</textoffsetx>
                            <font>Font_Reg28</font>
                            <textcolor>grey2</textcolor>
                            <info>ListItem.Label</info>
                            <visible>ListItem.property(man)</visible>
                        </control>
                    </itemlayout>
                    <focusedlayout width="375" height="60">
                        <control type="image">
                            <top>1</top>
                            <width>348</width>
                            <height>60</height>
                            <texture border="1">osd/osd_settings_buttonnf.png</texture>
                        </control>
                        <control type="image">
                            <width>348</width>
                            <height>60</height>
                            <texture border="8">views/tripanel/listselect_fo.png</texture>
                            <colordiffuse>$VAR[FocusTextureColorVar]</colordiffuse>
                            <visible>Control.HasFocus(150)</visible>
                        </control>
                        <control type="label">
                            <width>348</width>
                            <height>60</height>
                            <textoffsetx>15</textoffsetx>
                            <font>Font_Reg28</font>
                            <info>ListItem.Label</info>
                            <visible>!ListItem.property(man)</visible>
                        </control>
                        <control type="label">
                            <width>348</width>
                            <height>60</height>
                            <textoffsetx>15</textoffsetx>
                            <font>Font_Reg28</font>
                            <info>ListItem.Label</info>
                            <visible>ListItem.property(man)</visible>
                        </control>
                    </focusedlayout>
                </control>
            </control>
            <control type="scrollbar" id="121">
                <left>300</left>
                <top>285</top>
                <width>46</width>
                <height>540</height>
                <include>Animation_VerticalScrollBar</include>
                <onleft>150</onleft>
                <onright>120</onright>
                <ondown>121</ondown>
                <onup>121</onup>
                <animation type="Conditional" condition="Control.HasFocus(150)">
                    <effect type="slide" end="-90,0" time="320" />
                </animation>
            </control>
        </control>
    </controls>
</window>