<?xml version="1.0" encoding="utf-8"?>
<window>
    <defaultcontrol always="true">9000</defaultcontrol>
	<onload>RunScript(script.toolbox,info=blur,id='"$VAR[PosterVar]"',radius=20,prefix=VideoInfo)</onload>
    <allowoverlay>no</allowoverlay>

    <onunload>ClearProperty(ActorFanartZoom,Home)</onunload>
    <controls>
        <control type="list" id="50">
            <width>1</width>
            <height>1</height>
            <onleft>9000</onleft>
            <onright>9000</onright>
            <onup>9000</onup>
            <ondown>9000</ondown>
            <itemlayout height="1" width="1" />
            <focusedlayout height="1" width="1" />
        </control>

          <control type="togglebutton" id="5">
            <onfocus>SetFocus(6)</onfocus>
            <include>HiddenObject</include>
        </control>
        <control type="group">
            <animation effect="slide" start="-729,0" end="0,0" time="320" tween="quadratic">WindowOpen</animation>
            <animation effect="slide" end="-729,0" time="320" tween="quadratic">WindowClose</animation>
            <control type="image">
                <width>729</width>
                <height>1080</height>
                <texture>info/movieinfogradient.png</texture>
            </control>
            <control type="image">
				<width>729</width>
				<height>1080</height>
				<texture background="true">$VAR[PosterVar]</texture>
			</control>
            <control type="image">
                <left>709</left>
                <width>40</width>
                <height>1080</height>
                <texture>common/topbar_down.png</texture>
                <animation effect="fade" time="320" delay="408">Visible</animation>
                <animation effect="fade" time="80">Hidden</animation>
                <colordiffuse>$VAR[ColorDiffuseVar]</colordiffuse>
                <include>TopbarPulseAnimationRight</include>
                <visible>!Skin.HasSetting(DisableGlowbar)</visible>
            </control>
        </control>
        <control type="group">
            <animation effect="slide" start="1192,0" end="0,0" time="320" tween="quadratic">WindowOpen</animation>
            <animation effect="slide" end="1192,0" time="320" tween="quadratic">WindowClose</animation>
            <control type="image">
				<left>729</left>
				<width>1192</width>
				<height>1080</height>
				<texture>info/info_rightpanelbottom.png</texture>
				<visible>IsEmpty(ListItem.Art(fanart))</visible>
				<animation effect="rotatey" center="1324" end="180" time="0" condition="Skin.HasSetting(VideoInfoInverse)">Conditional</animation>
			</control>
			<control type="image">
				<left>729</left>
				<width>1192</width>
				<height>1080</height>
				<aspectratio align="center">scale</aspectratio>
				<texture fallback="common/black.png" background="true">$INFO[Window(home).Property(VideoInfo.ImageFilter)]</texture>
			</control>
			<control type="image">
				<posx>729</posx>
				<width>1192</width>
				<animation effect="fade" start="100" end="75" time="0" condition="true">Conditional</animation>
				<height>1080</height>
				<aspectratio align="center">scale</aspectratio>
				<texture colordiffuse="$INFO[Window(home).Property(VideoInfo.ImageColor)]">diffuseoverlay2.png</texture>
			</control>
            <control type="label">
                <left>825</left>
                <top>1042</top>
                <width>1050</width>
                <label>$INFO[ListItem.FileNameAndPath]</label>
                <font>Font_Info</font>
                <textcolor>grey</textcolor>
                <scroll>true</scroll>
                <haspath>true</haspath>
            </control>
            <!-- Buttons -->

            <control type="grouplist" id="9000">
                 <left>770</left>
                        <top>566</top>
                       <width>1130</width>
					   <height>400</height>
					      <onup>150</onup>
                <onleft>9000</onleft>
                <onright>9000</onright>

					<ondown>150</ondown>
                <orientation>horizontal</orientation>
                <control type="button" id="8">
                    <label>208</label>
                    <onfocus condition="IsEmpty(ListItem.FilenameAndPath)">SetFocus(5)</onfocus>
                    <onclick condition="!IsEmpty(ListItem.FilenameAndPath)">PlayMedia($ESCINFO[ListItem.FilenameAndPath])</onclick>
                    <onclick condition="!IsEmpty(ListItem.FilenameAndPath)">PreviousMenu</onclick>
                    <!-- cancel all parent dir of add-on -->

                    <include>DialogVideoInfoButton</include>
                </control>
                <control type="button" id="6">
				   <onup>150</onup>
                    <label>184</label>
                    <include>DialogVideoInfoButton</include>
                </control>
                <control type="button" id="10">
				   <onup>150</onup>
                    <label>13405</label>
                    <include>DialogVideoInfoButton</include>
                </control>

                <control type="button" id="15">
				   <onup>150</onup>
                    <label>20410</label>
                    <onclick>PlayMedia($ESCINFO[ListItem.Trailer])</onclick>
                    <visible>!IsEmpty(ListItem.Trailer)</visible>
                    <include>DialogVideoInfoButton</include>
					<onclick>Dialog.Close(all,true)</onclick>
                </control>
                <control type="button" id="22">
				   <onup>150</onup>
                    <label>$LOCALIZE[31096]</label>
                    <include>DialogVideoInfoButton</include>
					<onclick>ActivateWindow(videos,plugin://plugin.video.youtube/kodion/search/query/?q=$INFO[Container(50).Listitem.Label],return)</onclick>
                    <onclick>Dialog.Close(all,true)</onclick>





                </control>
            </control>
            <!-- Movie information -->

			<!-- All Adjust -->
            <control type="group">
                <left>788</left>
                <top>38</top>
                <width>1042</width>
                <height>854</height>

			   <control type="image">
                    <top>88</top>
                    <width>1042</width>
                    <height>854</height>
                    <texture>info/info_panellines_movie2.png</texture>
                    <colordiffuse>$VAR[ColorDiffuseVar]</colordiffuse>
                </control>
                <control type="label">
				    <left>-2</left>
                    <top>-760</top>
                    <width>1050</width>
                    <label>$INFO[ListItem.Title]</label>
                    <font>Font_Bold56</font>
                    <scroll>true</scroll>
                    <animation effect="slide" start="0,-38" end="0,-38" time="0" condition="!IsEmpty(ListItem.Genre)">Conditional</animation>
                </control>
                <control type="label">
                    <top>-740</top>
                    <width>1050</width>
                    <label>$INFO[ListItem.genre]</label>
					<font>Font_Reg28_2</font>
                    <textcolor>grey</textcolor>
                    <scroll>true</scroll>
                </control>
                <!-- First Row -->


					<control type="group">
						<animation type="WindowOpen" reversible="false">
							<effect type="fade" start="0" end="100" delay="460" time="960" tween="cubic"/>
							<effect type="zoom" start="100,0" end="100,100" delay="460" time="960" center="0,170" tween="cubic"/>
						</animation>
						<control type="image">
							<top>89</top>
							<width>1042</width>
							<height>1</height>
							<texture>info/infopanel_line.png</texture>
                            <colordiffuse>$VAR[ColorDiffuseVar]</colordiffuse>
						</control>
						<control type="grouplist">
							<left>-25</left>
							<top>90</top>
							<width>1200</width>
							<orientation>horizontal</orientation>
							<usecontrolcoords>true</usecontrolcoords>
							<control type="group">
								<width>259</width>
								<visible>Container.Content(episodes)</visible>
								<control type="label">
									<left>4</left>
									<top>-4</top>
									<width>249</width>
									<height>65</height>
									<align>center</align>
									<label fallback="-">$VAR[ListItemSeasonVar,S]  -  $VAR[ListItemEpisodeVar,E]</label>
									<font>Font_Bold46</font>
									<textcolor>white2</textcolor>
								</control>
								<control type="label">
									<left>4</left>
									<width>249</width>
									<top>37</top>
									<height>44</height>
									<label fallback="31006">[COLOR grey]$LOCALIZE[31005]:[/COLOR] $INFO[ListItem.Premiered]</label>
									<font>Font_Reg22</font>
									<align>center</align>
									<scroll>true</scroll>
								</control>
							</control>

							<control type="image">
								<height>79</height>
								<include>Furniture_FlagUpright</include>
								<visible>Container.Content(episodes)</visible>
							</control>
							<control type="image">
								<posy>5</posy>
								<width>285</width>
								<height>67</height>
								<aspectratio align="center">keep</aspectratio>
								<texture fallback="flags/rating/info/MPAA_NR_Certificate_US.png">$VAR[RatingFlagVar,flags/rating/info/,.png]</texture>
								<colordiffuse>white2</colordiffuse>
								<!-- invalid image inside image control -->
								<!--<control type="image">
									<aspectratio align="center">keep</aspectratio>
									<texture>$VAR[ColorFlagsRatingextended]MPAA_NR_Certificate_US.png</texture>
									<colordiffuse>white2</colordiffuse>
									<visible>IsEmpty(Control.GetLabel(9108))</visible>
								</control>-->
							</control>

							<control type="image">
								<height>79</height>
								<include>Furniture_FlagUpright</include>
								<visible>[Container.Content(movies) | Container.Content(MusicVideos) | Container.Content(tvshows) | Container.Content(episodes)] + !Skin.HasSetting(DisableRatingColorFlag)</visible>
							</control>
							<control type="group">
								<width>155</width>
								<visible>Container.Content(movies) | Container.Content(episodes) | Container.Content(tvshows)</visible>
								<control type="label">
									<top>-1</top>
									<width>155</width>
									<height>38</height>
									<align>center</align>
									<label>$LOCALIZE[368]</label>
									<font>Font_Bold24</font>
									<textcolor>$VAR[FontColorVar]</textcolor>
								</control>
								<control type="label">
									<top>29</top>
									<width>155</width>
									<height>38</height>
									<align>center</align>
									<label fallback="?">$INFO[ListItem.Rating]</label>
									<font>Font_Bold34</font>
									<textcolor>white2</textcolor>
								</control>
							</control>

							<control type="image">
								<height>79</height>
								<include>Furniture_FlagUpright</include>
								<visible>Container.Content(movies) | Container.Content(episodes) | Container.Content(tvshows)</visible>
							</control>
							<control type="group">
								<width>155</width>
								<visible>Container.Content(tvshows)</visible>
								<control type="label">
									<top>-5</top>
									<width>155</width>
									<height>38</height>
									<align>center</align>
									<label>$VAR[TvGuideVarTxt]</label>
									<font>Font_Reg19_Caps</font>
									<textcolor>floor</textcolor>
								</control>
								<control type="image">
									<top>5</top>
									<width>155</width>
									<height>68</height>
									<aspectratio>keep</aspectratio>
									<texture>$VAR[ColortvguideFlags]$INFO[Window(Home).Property(NextAired.StatusID)].png</texture>
									<colordiffuse>white2</colordiffuse>
								</control>
							</control>
							<control type="group">
								<width>155</width>
								<visible>Container.Content(movies) | Container.Content(episodes)</visible>
								<control type="label">
									<top>-1</top>
									<width>155</width>
									<height>38</height>
									<align>center</align>
									<label>$LOCALIZE[2050]</label>
									<font>Font_Reg19_Caps</font>
									<textcolor>floor</textcolor>
								</control>
								<control type="label">
									<left>0</left>
									<top>18</top>
									<width>155</width>
									<height>60</height>
									<align>center</align>
									<label>$INFO[ListItem.Duration]</label>
									<font>Font_Bold34</font>
									<textcolor>white2</textcolor>
								</control>
							</control>
							<control type="image">
								<top></top>
								<height>79</height>
								<include>Furniture_FlagUpright</include>
								<visible>!Container.Content(episodes) + !Container.Content(musicvideos)</visible>
							</control>
							<control type="group">
								<visible>!Container.Content(episodes)</visible>
								<width>155</width>
								<control type="label">
									<top>-1</top>
									<width>155</width>
									<height>38</height>
									<align>center</align>
									<label>$LOCALIZE[345]</label>
									<font>Font_Reg19_Caps</font>
									<textcolor>floor</textcolor>
								</control>
								<control type="label">
									<top>18</top>
									<width>155</width>
									<height>60</height>
									<align>center</align>
									<label fallback="-">$INFO[ListItem.Year]</label>
									<font>Font_Bold34</font>
									<textcolor>white2</textcolor>
								</control>
							</control>
							<control type="image">
								<top></top>
								<height>79</height>
								<include>Furniture_FlagUpright</include>
								<visible>Control.IsVisible(3300)</visible>
							</control>
							<control type="group" id="3300">
								<visible>Container.Content(movies) | Container.Content(episodes) | Container.Content(tvshows) | Container.Content(musicvideos)</visible>
								<visible>!IsEmpty(ListItem.Studio)</visible>
								<width>175</width>
								<left>20</left>
								<control type="image" id="800011">
									<top>1</top>
									<width>150</width>
									<height>74</height>
									<aspectratio aligny="center" align="center">keep</aspectratio>
									<texture>$VAR[ColorFlagsStudio]$INFO[ListItem.Studio,,.png]</texture>
									<colordiffuse>white2</colordiffuse>
									<visible>!IsEmpty(Control.GetLabel(800011))</visible>
								</control>
								<control type="label">
									<left>15</left>
									<width>155</width>
									<height>74</height>
									<align>center</align>
									<label>$INFO[ListItem.Studio]</label>
									<font>Font_Reg22_Caps</font>
									<textcolor>white2</textcolor>
									<wrapmultiline>true</wrapmultiline>
									<visible>IsEmpty(Control.GetLabel(800011))</visible>
								</control>
							</control>
						</control>
					</control>
                <!-- Second Row -->
                <control type="group">
                    <top>-4</top>
                   <control type="image">
                        <left>2</left>
                        <top>171</top>
                      	<width>50</width>
						<height>50</height>
						<aspectratio align="right">keep</aspectratio>
						<colordiffuse>white</colordiffuse>
						<texture>$VAR[Colortdefaulticons]director-icon.png</texture>
				</control>
                    <control type="label">
                        <left>80</left>
                        <top>171</top>
                        <width>750</width>
                        <height>44</height>
                        <label fallback="31006">$INFO[ListItem.Director]</label>
                        <font>Font_Reg28_2</font>

                    </control>
                </control>
                <!-- Third Row -->
                <control type="group">
                    <top>-4</top>
                     <control type="image">
                        <left>2</left>
                        <top>214</top>
                        <width>50</width>
						<height>50</height>
                        <aspectratio align="right">keep</aspectratio>
						<colordiffuse>white</colordiffuse>
						<texture>$VAR[Colortdefaulticons]writer-icon.png</texture>
                    </control>
                    <control type="label">
                        <left>80</left>
                        <top>214</top>
                        <width>750</width>
                        <height>44</height>
                        <label fallback="31006">$INFO[ListItem.Writer]</label>
                        <font>Font_Reg28_2</font>

                    </control>
                </control>
                <!-- Fourth Row Left-->

                <!-- Fourth Row Right -->
                <control type="group">


                    <control type="group">
                        <top>-4</top>
                        <visible>IsEmpty(ListItem.Rating) + !IsEmpty(ListItem.Date)</visible>


                    </control>
                </control>

                <control type="textbox">
                    <left>4</left>
                    <top>605</top>
                    <width>945</width>
                    <height>340</height>
                    <label fallback="31006">$INFO[ListItem.Plot]</label>
                    <font>Font_Reg28_2</font>
                    <pagecontrol>60</pagecontrol>
                    <autoscroll delay="15000" time="AutoScrollTime" repeat="10000">Skin.HasSetting(AutoScroll) + !Control.HasFocus(60)</autoscroll>
                    <visible>![Control.HasFocus(20) | Control.HasFocus(5055)]</visible>
                </control>
                <control type="grouplist">
                    <left>2</left>
                    <top>872</top>
                    <width>1045</width>
                    <height>90</height>
                    <orientation>horizontal</orientation>
                    <itemgap>15</itemgap>
                    <visible>Container.Content(movies) | Container.Content(episodes) | Container.Content(MusicVideos)</visible>
                    <control type="image" id="900011">
                        <width>140</width>
                        <height>70</height>
                        <aspectratio aligny="center" align="center">keep</aspectratio>
                        <texture>$VAR[ColorFlagsSource]Source/$VAR[SourceFlagVar,,.png]</texture>
                        <colordiffuse>FF7c7c7c</colordiffuse>
                        <visible>!IsEmpty(Control.GetLabel(900011))</visible>
                    </control>
                    <control type="image" id="900012">
                        <width>132</width>
                        <height>90</height>
                        <aspectratio aligny="center" align="center">keep</aspectratio>
                        <texture>$VAR[ColorFlagsSource]Source/$INFO[ListItem.VideoCodec,,.png]</texture>
                        <colordiffuse>FF7c7c7c</colordiffuse>
                        <visible>IsEmpty(Control.GetLabel(900011))</visible>
                        <animation effect="slide" end="0,-10" condition="true">Conditional</animation>
                        <visible>!IsEmpty(Control.GetLabel(900012))</visible>
                    </control>
                    <control type="image">
                        <include>Furniture_FlagUpright</include>
                        <visible>!IsEmpty(Control.GetLabel(900012)) | !IsEmpty(Control.GetLabel(900011))</visible>
                    </control>
                    <control type="image" id="900013">
                        <width>161</width>
                        <height>109</height>
                        <aspectratio aligny="center" align="center">keep</aspectratio>
                        <texture>$VAR[ColorFlagsAudio]audio/$INFO[ListItem.AudioCodec]$INFO[ListItem.AudioChannels,,.png]</texture>
                        <colordiffuse>FF7c7c7c</colordiffuse>
                        <animation effect="slide" end="0,-18" condition="true">Conditional</animation>
                        <visible>!IsEmpty(Control.GetLabel(900013))</visible>
                    </control>
                    <control type="image">
                        <include>Furniture_FlagUpright</include>
                        <visible>!IsEmpty(Control.GetLabel(900013))</visible>
                    </control>
                    <control type="image" id="900014">
                        <width>100</width>
                        <height>70</height>
                        <aspectratio aligny="center" align="center">keep</aspectratio>
                        <texture>$VAR[ColorFlagsResolution]resolution/$INFO[ListItem.VideoResolution,,.png]</texture>
                        <colordiffuse>FF7c7c7c</colordiffuse>
                        <visible>!IsEmpty(Control.GetLabel(900014))</visible>
                    </control>
                    <control type="image">
                        <include>Furniture_FlagUpright</include>
                        <visible>!IsEmpty(Control.GetLabel(900014))</visible>
                    </control>
                    <control type="image" id="900015">
                        <width>132</width>
                        <height>90</height>
                        <aspectratio aligny="center" align="center">keep</aspectratio>
                        <texture>$VAR[ColorFlagsAspectRatio]aspectratio/$INFO[ListItem.VideoAspect,,.png]</texture>
                        <colordiffuse>FF7c7c7c</colordiffuse>
                        <animation effect="slide" end="0,-10" condition="true">Conditional</animation>
                        <visible>!IsEmpty(Control.GetLabel(900015))</visible>
                    </control>
                    <control type="image">
                        <include>Furniture_FlagUpright</include>
                        <visible>!IsEmpty(Control.GetLabel(900015))</visible>
                    </control>
                    <control type="image">
                        <include>Furniture_FlagUpright</include>
                        <visible>!IsEmpty(Control.GetLabel(900016))</visible><!-- undefined label -->
                    </control>
                    <control type="image">
                        <width>58</width>
                        <height>70</height>
                        <aspectratio aligny="center" align="center">keep</aspectratio>
                        <texture>$VAR[ColorFlags]cc.png</texture>
                        <colordiffuse>FF7c7c7c</colordiffuse>
                        <visible>!IsEmpty(ListItem.SubtitleLanguage)</visible>
                    </control>
                </control>
            </control>
            <!-- Actor Panel -->
              <control type="list" id="150">
                   <left>720</left>
					<top>290</top>
                    <width>1178</width>
                    <height>600</height>
                 	 <onleft>600</onleft>
                    <onright>600</onright>
                    <onup>150</onup>
                    <ondown>9000</ondown>
                    <scrolltime>200</scrolltime>
                    <orientation>horizontal</orientation>

                    <itemlayout height="290" width="222">
                        <control type="group">
                            <control type="image">
                                <posy>0</posy>
                                <posx>50</posx>
                                <width>246</width>
                                <height>295</height>
                                <texture border="40" colordiffuse="$INFO[Window(home).Property(VideoInfo.ImageColor)]">buttons/roundedbutton-nofocus.png</texture>
                            </control>
							default a-------------------------
                            <control type="group">
                                <posx>77</posx>
                                <posy>18</posy>
                                <control type="image">
                                    <posy>10</posy>
                                    <width>190</width>
                                    <height>240</height>
                                    <texture fallback="DefaultActor.png">$INFO[ListItem.Icon]</texture>
                                    <aspectratio aligny="center">scale</aspectratio>
                                    <fadetime>0</fadetime>
                                </control>
                                <control type="image">
                                    <width>190</width>
                                    <height>51</height>
                                    <posy>199</posy>
                                    <texture>common/bgcolor.png</texture>
                                    <animation effect="fade" start="100" end="80" time="40" condition="true">Conditional</animation>
                                </control>
                                <control type="textbox">
                                    <width>170</width>
                                    <height>48</height>
									<posx>10</posx>
                                    <posy>199</posy>
                                    <align>center</align>
                                    <font>Font_Reg22</font>
                                    <info>ListItem.Label</info>
                                </control>
                            </control>
                        </control>
                    </itemlayout>
                    <focusedlayout height="290" width="222">
                        <control type="group">
                            <control type="image">
                                <posy>0</posy>
                                <posx>50</posx>
                                <width>246</width>
                                <height>295</height>
                                <texture border="40" colordiffuse="$INFO[Window(home).Property(VideoInfo.ImageColor)]">buttons/roundedbutton-focus.png</texture>
                                <include>PanelGlowFade</include>
                            <visible>Control.HasFocus(150)</visible>
                            </control>
							 <control type="image">
                                <posy>0</posy>
                                <posx>50</posx>
                                <width>246</width>
                                <height>295</height>
                                <texture border="40" colordiffuse="$INFO[Window(home).Property(VideoInfo.ImageColor)]">buttons/roundedbutton-nofocus.png</texture>
                                <include>PanelGlowFade</include>
                            <visible>!Control.HasFocus(150)</visible>
                            </control>

                            <control type="group">
                                <posx>77</posx>
                                <posy>18</posy>
                                <control type="image">
                                    <posy>10</posy>
                                    <width>190</width>
                                    <height>240</height>
                                    <texture fallback="DefaultActor.png">$INFO[ListItem.Icon]</texture>
                                    <aspectratio aligny="center">scale</aspectratio>
                                    <fadetime>0</fadetime>
                                </control>
                                <control type="image">
                                    <width>190</width>
                                    <height>51</height>
                                    <posy>199</posy>
                                    <texture>common/bgcolor.png</texture>
                                    <animation effect="fade" start="100" end="80" time="40" condition="true">Conditional</animation>
                                    <animation effect="fade" start="100" end="80" time="40" condition="Control.HasFocus(600)">Conditional</animation>
                                </control>
                                <control type="textbox">
                                    <width>170</width>
                                    <height>48</height>
									<posx>10</posx>
                                    <posy>199</posy>
                                    <align>center</align>
                                    <font>Font_Reg22</font>
                                    <info>ListItem.Label</info>
                                    <autoscroll delay="5000" time="AutoScrollTime" repeat="8001">true</autoscroll>
                                </control>
                            </control>
                        </control>
                    </focusedlayout>
                </control>

            <!-- Topbar -->
            <control type="image">
                <left>709</left>
                <width>40</width>
                <height>1080</height>
                <texture>common/topbar_top.png</texture>
                <colordiffuse>$VAR[ColorDiffuseVar]</colordiffuse>
                <include>TopbarPulseAnimationLeft</include>
                <visible>!Skin.HasSetting(DisableGlowbar)</visible>
            </control>
            <!-- Fanart -->
            <control type="image">
                <left>1067</left>
                <top>601</top>
                <width>550</width>
                <height>314</height>
                <texture border="6">views/addonwall_select.png</texture>
                <colordiffuse>$VAR[FocusTextureColorVar]</colordiffuse>
                <include>Animation_VisibleChange200</include>
                <visible>Control.HasFocus(5055)</visible>
            </control>
            <control type="image">
                <left>1072</left>
                <top>606</top>
                <width>540</width>
                <height>304</height>
                <aspectratio align="center">scale</aspectratio>
                <texture background="true">$INFO[ListItem.Art(fanart)]</texture>
                <animation effect="zoom" start="1072,606,540,304" end="0,0,1920,1080" time="640" tween="cubic" condition="!IsEmpty(Window(home).Property(ActorFanartZoom))">Conditional</animation>
                <visible>!IsEmpty(ListItem.Art(fanart)) + [Control.HasFocus(20) | Control.HasFocus(5055)]</visible>
            </control>
        </control>
    </controls>
</window>