<?xml version="1.0" encoding="utf-8"?>
<window>
    <defaultcontrol always="true">1000</defaultcontrol>
    
    <include>Animation_DialogZoom</include>
    <coordinates>
        <left>0</left>
        <top>0</top>
        <system>1</system>
    </coordinates>
    <controls>
        <control type="grouplist" id="1000">
            <left>729</left>
            <width>462</width>
            <height>1080</height>
            <align>center</align>
            <onleft>800</onleft>
            <onright>800</onright>
            <onup>800</onup>
            <ondown>800</ondown>
            <orientation>vertical</orientation>
            <control type="image" id="1">
                <top>-39</top>
                <width>462</width>
                <height>39</height>
                <texture>dialogs/context_top_shutdown.png</texture>
            </control>
            <control type="button" id="1001">
                <label>-</label>
                <font>Font_Reg30_2</font>
                <include>Objects_ContextMenuButton</include>
            </control>
            <control type="button" id="1002">
                <label>-</label>
                <font>Font_Reg30_2</font>
                <include>Objects_ContextMenuButton</include>
            </control>
            <control type="button" id="1003">
                <label>-</label>
                <font>Font_Reg30_2</font>
                <include>Objects_ContextMenuButton</include>
            </control>
            <control type="button" id="1004">
                <label>-</label>
                <font>Font_Reg30_2</font>
                <include>Objects_ContextMenuButton</include>
            </control>
            <control type="button" id="1005">
                <label>-</label>
                <font>Font_Reg30_2</font>
                <include>Objects_ContextMenuButton</include>
            </control>
            <control type="button" id="1006">
                <label>-</label>
                <font>Font_Reg30_2</font>
                <include>Objects_ContextMenuButton</include>
            </control>
            <control type="button" id="1007">
                <label>-</label>
                <font>Font_Reg30_2</font>
                <include>Objects_ContextMenuButton</include>
            </control>
            <control type="button" id="1008">
                <label>-</label>
                <font>Font_Reg30_2</font>
                <include>Objects_ContextMenuButton</include>
            </control>
            <control type="button" id="1009">
                <label>-</label>
                <font>Font_Reg30_2</font>
                <include>Objects_ContextMenuButton</include>
            </control>
            <control type="button" id="1010">
                <label>-</label>
                <font>Font_Reg30_2</font>
                <include>Objects_ContextMenuButton</include>
            </control>
            <control type="button" id="1011">
                <label>-</label>
                <font>Font_Reg30_2</font>
                <include>Objects_ContextMenuButton</include>
            </control>
            <control type="image" id="2">
                <top>699</top>
                <width>462</width>
                <height>40</height>
                <texture>dialogs/context_bottom.png</texture>
            </control>
        </control>
    </controls>
</window>