<?xml version="1.0" encoding="utf-8"?>
<window>
    <allowoverlay>no</allowoverlay>
    <coordinates>
        <left>0</left>
        <top>0</top>
        <system>1</system>
    </coordinates>
    <controls>
        <control type="group">
            <control type="image" id="299">
                <description>list</description>
                <left>0</left>
                <top>0</top>
                <width>0</width>
                <height>0</height>
                <texture>-</texture>
            </control>
            <control type="image">
                <width>1920</width>
                <height>680</height>
                <texture flipy="true">views/lowlist_panelback.png</texture>
                <animation effect="slide" start="0,-489" end="0,0" time="400" tween="cubic" delay="160">windowopen</animation>
                <animation effect="fade" start="100" end="90" time="40" condition="true">Conditional</animation>
            </control>
            <control type="label">
                <left>82</left>
                <top>15</top>
                <width>1754</width>
                <height>45</height>
                <align>center</align>
                <label>$ADDON[script.cu.lrclyrics 32199]</label>
                <font>Font_Reg57_Caps</font>
                <textcolor>white6</textcolor>
                <animation effect="fade" time="800">WindowOpen</animation>
                <animation effect="fade" time="160">WindowClose</animation>
            </control>
            <!-- ** Required ** Do not change <id> or <type> (Smooth scrolling list for lyrics) -->
            <control type="list" id="110">
                <left>82</left>
                <top>90</top>
                <width>1754</width>
                <height>460</height>
                <onleft>111</onleft>
                <onright>111</onright>
                <onup>110</onup>
                <ondown>110</ondown>
                <pagecontrol>111</pagecontrol>
                <scrolltime>200</scrolltime>
                <animation effect="fade" time="800">WindowOpen</animation>
                <animation effect="fade" time="160">WindowClose</animation>
                <itemlayout height="38">
                    <control type="label">
                        <left>878</left>
                        <width>1754</width>
                        <height>38</height>
                        <align>center</align>
                        <font>Font_Reg32</font>
                        <textcolor>grey</textcolor>
                        <info>ListItem.Label</info>
                    </control>
                </itemlayout>
                <focusedlayout height="38">
                    <control type="label">
                        <left>878</left>
                        <width>1754</width>
                        <height>38</height>
                        <align>center</align>
                        <label>$INFO[ListItem.Label]</label>
                        <font>Font_Reg32</font>
                        <textcolor>grey</textcolor>
                        <visible>!Control.HasFocus(110)</visible>
                    </control>
                    <control type="label">
                        <left>878</left>
                        <width>1754</width>
                        <height>38</height>
                        <align>center</align>
                        <label fallback="--">$INFO[ListItem.Label]</label>
                        <font>Font_Reg32</font>
                        <textcolor>grey</textcolor>
                        <visible>Control.HasFocus(110)</visible>
                        <animation type="Focus" reversible="false">
                            <effect type="fade" end="100" time="240" />
                        </animation>
                        <animation type="UnFocus" reversible="false">
                            <effect type="fade" start="100" end="0" time="160" />
                        </animation>
                    </control>
                    <control type="label">
                        <left>878</left>
                        <width>1754</width>
                        <height>38</height>
                        <align>center</align>
                        <label fallback="--">$INFO[ListItem.Label]</label>
                        <font>Font_Reg32</font>
                        <textcolor>white</textcolor>
                        <visible>Control.HasFocus(110)</visible>
                        <animation type="Focus" reversible="false">
                            <effect type="fade" end="100" time="240" />
                        </animation>
                        <animation type="UnFocus" reversible="false">
                            <effect type="fade" start="100" end="0" time="160" />
                        </animation>
                    </control>
                </focusedlayout>
            </control>
            <control type="spincontrol" id="111">
                <left>1800</left>
                <top>6</top>
                <height>98</height>
                <textoffsetx>0</textoffsetx>
                <textcolor>grey</textcolor>
                <subtype>page</subtype>
                <onleft>110</onleft>
                <onright>110</onright>
                <ondown>110</ondown>
                <onup>110</onup>
                <spinwidth>60</spinwidth>
                <spinheight>92</spinheight>
                <visible>Control.IsVisible(110)</visible>
                <animation effect="fade" time="800">WindowOpen</animation>
                <animation effect="fade" time="160">WindowClose</animation>
            </control>
            <control type="label">
                <left>82</left>
                <top>150</top>
                <width>1754</width>
                <height>478</height>
                <align>center</align>
                <label>31733</label>
                <font>Font_Reg57_Caps</font>
                <textcolor>white</textcolor>
                <visible>Control.IsVisible(120) + ![Control.IsVisible(100) | Control.IsVisible(110)]</visible>
            </control>
            <!-- ** Required ** Do not change <id> or <type> (Song Chooser if it gets it wrong) -->
            <control type="list" id="120">
                <left>82</left>
                <top>90</top>
                <width>1754</width>
                <height>450</height>
                <onleft>121</onleft>
                <onright>121</onright>
                <onup>120</onup>
                <ondown>120</ondown>
                <pagecontrol>121</pagecontrol>
                <scrolltime>200</scrolltime>
                <animation effect="fade" time="800">WindowOpen</animation>
                <animation effect="fade" time="160">WindowClose</animation>
                <itemlayout height="60">
                    <control type="image">
                        <width>1754</width>
                        <height>62</height>
                        <texture>dialogs/setcontent_button_nofocus.png</texture>
                    </control>
                    <control type="label">
                        <left>52</left>
                        <width>1724</width>
                        <height>60</height>
                        <font>Font_Reg57</font>
                        <textcolor>white</textcolor>
                        <info>ListItem.Label</info>
                    </control>
                </itemlayout>
                <focusedlayout height="60">
                    <control type="image">
                        <width>1754</width>
                        <height>62</height>
                        <texture>dialogs/setcontent_button_nofocus.png</texture>
                        <visible>!Control.HasFocus(120)</visible>
                    </control>
                    <control type="image">
                        <width>1754</width>
                        <height>62</height>
                        <texture>dialogs/setcontent_button_focus.png</texture>
                        <visible>Control.HasFocus(120)</visible>
                    </control>
                    <control type="label">
                        <left>52</left>
                        <width>1724</width>
                        <height>60</height>
                        <font>Font_Reg57</font>
                        <textcolor>white</textcolor>
                        <info>ListItem.Label</info>
                    </control>
                </focusedlayout>
            </control>
            <control type="spincontrol" id="121">
                <left>1800</left>
                <top>6</top>
                <height>98</height>
                <textoffsetx>0</textoffsetx>
                <textcolor>grey</textcolor>
                <subtype>page</subtype>
                <onleft>120</onleft>
                <onright>120</onright>
                <ondown>120</ondown>
                <onup>120</onup>
                <visible>Control.IsVisible(120)</visible>
                <spinwidth>60</spinwidth>
                <spinheight>92</spinheight>
                <animation effect="fade" time="800">WindowOpen</animation>
                <animation effect="fade" time="160">WindowClose</animation>
            </control>
            <control type="label" id="130">
                <left>75</left>
                <top>15</top>
                <width>600</width>
                <height>45</height>
                <textoffsetx>30</textoffsetx>
                <label>[COLOR=grey]$INFO[Skin.String(LyricScript_Path)][/COLOR] - [COLOR=FFFFFFFF]$INFO[Control.GetLabel(200)][/COLOR]</label>
                <font>Font_Bold34_Caps</font>
                <animation effect="fade" time="800">WindowOpen</animation>
                <animation effect="fade" time="160">WindowClose</animation>
            </control>
            <control type="label" id="200">
                <include>HiddenObject</include>
            </control>
        </control>
    </controls>
</window>