<?xml version="1.0" encoding="UTF-8"?>
<includes>
<include name="DirectoryView">
	<control type="group">

		<control type="image">
            <texture flipx="true">views/episodebgoverlay.png</texture>
            <include>FullscreenDimensions</include>
            <include>Animation_WindowFade200</include>
            <visible>Control.IsVisible(950)</visible>
        </control>

		<control type="image">
			<posx>75</posx>
			<posy>-720</posy>
			<width>120</width>
			<height>2200</height>
			<texture>panels/panel.png</texture>
			<visible>Control.IsVisible(950)</visible>
		</control>
		<control type="wraplist" id="950">
			<description>My first wraplist container</description>
			<posx>80</posx>
			<posy>-720</posy>
			<width>1400</width>
			<height>2200</height>
			<visible>true</visible>
			<onup>2</onup>
			<ondown>3</ondown>
			<onleft>9000</onleft>
			<onright>960</onright>
			<viewtype label="Directory View">list</viewtype>
			<orientation>vertical</orientation>
			<pagecontrol>25</pagecontrol>
			<focusposition>5</focusposition>
			<itemlayout width="100" height="100">
				<control type="image">
					<posx>5</posx>
					<posy>800</posy>
					<width>100</width>
					<height>100</height>
					<info>ListItem.Icon</info>
				</control>
				<control type="label">
					<posx>5</posx>
					<posy>800</posy>
					<width>100</width>
					<height>100</height>
					<info>$VAR[DirectoryListVar]</info><!-- undefined variable -->
				</control>
			</itemlayout>
			<focusedlayout height="100" width="100">
				<control type="image">
					<posx>5</posx>
					<posy>800</posy>
					<width>100</width>
					<height>100</height>
					<info>ListItem.Icon</info>
				</control>
				<control type="label">
					<posx>5</posx>
					<posy>800</posy>
					<width>100</width>
					<height>100</height>
					<info>$VAR[DirectoryVar] - ListItem.Label</info><!-- undefined variable -->
				</control>
				<control type="image">
					<width>100</width>
					<height>100</height>
					<posx>5</posx>
					<posy>800</posy>
					<visible>Control.HasFocus(950)</visible>
					<texture>listselect_fo.png</texture>
				</control>
			</focusedlayout>
			<content>
				<item>
					<onclick>960</onclick>
					<label>zero</label>
					<icon>special://skin/extras/Directory/images/0.png</icon>
				</item>
				<item>
					<onclick>ActivateWindow(Videos,special://skin/extras/playlists/video/directory/movies/one.xsp,return)</onclick>
					<!-- not valid for onright and the other content taget tags below as well -->
					<onright><content target="video">special://skin/extras/playlists/video/directory/movies/$VAR[DirectoryVar].xsp</content></onright>
					<label>one</label>
					<icon>special://skin/extras/Directory/images/1.png</icon>
				</item>
				<item>
					<onclick>960</onclick>
					<label>two</label>
					<icon>special://skin/extras/Directory/images/2.png</icon>
				</item>
				<item>
					<onclick>960</onclick>
					<onright>960</onright>
					<label>three</label>
					<icon>special://skin/extras/Directory/images/3.png</icon>
				</item>
				<item>
					<onclick>960</onclick>
					<onright>960</onright>
					<label>four</label>
					<icon>special://skin/extras/Directory/images/4.png</icon>
				</item>
				<item>
					<onclick>960</onclick>
					<onright>960</onright>
					<label>five</label>
					<icon>special://skin/extras/Directory/images/5.png</icon>
				</item>
				<item>
					<onclick>960</onclick>
					<onright>960</onright>
					<label>six</label>
					<icon>special://skin/extras/Directory/images/6.png</icon>
				</item>
				<item>
					<onclick>960</onclick>
					<onright>960</onright>
					<label>seven</label>
					<icon>special://skin/extras/Directory/images/7.png</icon>
				</item>
				<item>
					<onclick>960</onclick>
					<onright>960</onright>
					<label>eight</label>
					<icon>special://skin/extras/Directory/images/8.png</icon>
				</item>
				<item>
					<onclick>960</onclick>
					<onright>960</onright>
					<label>nine</label>
					<icon>special://skin/extras/Directory/images/9.png</icon>
				</item>
				<item>
					<onclick><content target="video">special://skin/extras/playlists/video/directory/movies/a.xsp</content></onclick>
					<onright><content target="video">special://skin/extras/playlists/video/directory/movies/a.xsp</content></onright>
					<label>A</label>
					<icon>special://skin/extras/Directory/images/a.png</icon>
				</item>
				<item>
					<onclick><content target="video">special://skin/extras/playlists/video/directory/movies/b.xsp</content></onclick>
					<onright><content target="video">special://skin/extras/playlists/video/directory/movies/b.xsp</content></onright>
					<label>B</label>
					<icon>special://skin/extras/Directory/images/b.png</icon>
				</item>
				<item>
					<onclick><content target="video">special://skin/extras/playlists/video/directory/movies/c.xsp</content></onclick>
					<onright><content target="video">special://skin/extras/playlists/video/directory/movies/c.xsp</content></onright>
					<label>C</label>
					<icon>special://skin/extras/Directory/images/c.png</icon>
				</item>
				<item>
					<onclick>960</onclick>
					<onright>960</onright>
					<label>D</label>
					<icon>special://skin/extras/Directory/images/d.png</icon>
				</item>
				<item>
					<onclick>960</onclick>
					<onright>960</onright>
					<label>E</label>
					<icon>special://skin/extras/Directory/images/e.png</icon>
				</item>
				<item>
					<onclick>960</onclick>
					<onright>960</onright>
					<label>F</label>
					<icon>special://skin/extras/Directory/images/f.png</icon>
				</item>
				<item>
					<onclick>960</onclick>
					<onright>960</onright>
					<label>G</label>
					<icon>special://skin/extras/Directory/images/g.png</icon>
				</item>
				<item>
					<onclick>960</onclick>
					<onright>960</onright>
					<label>H</label>
					<icon>special://skin/extras/Directory/images/h.png</icon>
				</item>
				<item>
					<onclick>960</onclick>
					<onright>960</onright>
					<label>I</label>
					<icon>special://skin/extras/Directory/images/i.png</icon>
				</item>
				<item>
					<onclick>960</onclick>
					<onright>960</onright>
					<label>J</label>
					<icon>special://skin/extras/Directory/images/j.png</icon>
				</item>
				<item>
					<onclick>960</onclick>
					<onright>960</onright>
					<label>K</label>
					<icon>special://skin/extras/Directory/images/k.png</icon>
				</item>
				<item>
					<onclick>960</onclick>
					<onright>960</onright>
					<label>L</label>
					<icon>special://skin/extras/Directory/images/l.png</icon>
				</item>
				<item>
					<onclick>960</onclick>
					<onright>960</onright>
					<label>M</label>
					<icon>special://skin/extras/Directory/images/m.png</icon>
				</item>
				<item>
					<onclick>960</onclick>
					<onright>960</onright>
					<label>N</label>
					<icon>special://skin/extras/Directory/images/n.png</icon>
				</item>
				<item>
					<onclick>960</onclick>
					<onright>960</onright>
					<label>O</label>
					<icon>special://skin/extras/Directory/images/o.png</icon>
				</item>
				<item>
					<onclick>960</onclick>
					<onright>960</onright>
					<label>P</label>
					<icon>special://skin/extras/Directory/images/p.png</icon>
				</item>
				<item>
					<onclick>960</onclick>
					<onright>960</onright>
					<label>Q</label>
					<icon>special://skin/extras/Directory/images/q.png</icon>
				</item>
				<item>
					<onclick>960</onclick>
					<onright>960</onright>
					<label>R</label>
					<icon>special://skin/extras/Directory/images/r.png</icon>
				</item>
				<item>
					<onclick>960</onclick>
					<onright>960</onright>
					<label>S</label>
					<icon>special://skin/extras/Directory/images/s.png</icon>
				</item>
				<item>
					<onclick>960</onclick>
					<onright>960</onright>
					<label>T</label>
					<icon>special://skin/extras/Directory/images/t.png</icon>
				</item>
				<item>
					<onclick>960</onclick>
					<onright>960</onright>
					<label>U</label>
					<icon>special://skin/extras/Directory/images/u.png</icon>
				</item>
				<item>
					<onclick>960</onclick>
					<onright>960</onright>
					<label>V</label>
					<icon>special://skin/extras/Directory/images/v.png</icon>
				</item>
				<item>
					<onclick>960</onclick>
					<label>W</label>
					<icon>special://skin/extras/Directory/images/w.png</icon>
				</item>
				<item>
					<onclick>960</onclick>
					<onright>960</onright>
					<label>X</label>
					<icon>special://skin/extras/Directory/images/x.png</icon>
				</item>
				<item>
					<onclick>960</onclick>
					<onright>960</onright>
					<label>Y</label>
					<icon>special://skin/extras/Directory/images/y.png</icon>
				</item>
				<item>
					<onclick>960</onclick>
					<onright>960</onright>
					<label>Z</label>
					<icon>special://skin/extras/Directory/images/z.png</icon>
				</item>
			</content>
		</control>
	</control>
	<control type="wraplist" id="960">
		<visible allowhiddenfocus="true">Control.HasFocus(960)</visible>
		<posx>190</posx>
		<posy>-220</posy>
		<width>1600</width>
		<height>2200</height>
		<visible>true</visible>
		<onup>950</onup>
		<ondown>3</ondown>
		<onleft>950</onleft>
		<onright>950</onright>
		<viewtype label="Directory List">list</viewtype>
		<orientation>horizontal</orientation>
		<pagecontrol>25</pagecontrol>
		<itemlayout width="200" height="300">
			<control type="image">
				<posx>5</posx>
				<posy>800</posy>
				<width>200</width>
				<height>300</height>
				<aspectratio>scale</aspectratio>
				<texture>$VAR[ListPosterVar]</texture>
			</control>
		</itemlayout>
		<focusedlayout height="300" width="200">
            <control type="group">
				<animation effect="zoom" center="auto" start="100" end="130" time="160" tween="quadratic" reversible="false"></animation>
				<visible>Container.Content(Movies)</visible>
				<control type="image">
					<posx>5</posx>
					<posy>800</posy>
					<width>200</width>
					<height>300</height>
					<aspectratio>scale</aspectratio>
					<texture background="true">$VAR[ListPosterVar]</texture>
				</control>
				<control type="image">
					<posx>-2</posx>
					<posy>793</posy>
					<width>214</width>
					<height>314</height>
					<aspectratio align="center" aligny="center">stretch</aspectratio>
					<texture border="15">views/addonwall_select.png</texture>
					<colordiffuse>$VAR[FocusTextureColorVar]</colordiffuse>
				</control>
				<control type="image">
					<posx>645</posx>
					<posy>1120</posy>
					<width>240</width>
					<height>93</height>
					<aspectratio align="center">keep</aspectratio>
					<texture>$INFO[ListItem.Art(clearlogo)]</texture>
					<visible>!IsEmpty(ListItem.Art(clearlogo))</visible>
				</control>
				<control type="label">
					<posx>645</posx>
					<posy>1120</posy>
					<width>300</width>
					<height>93</height>
					<info>ListItem.Label</info>
					<font>Font_ShowcaseMainLabel2_Caps</font>
                    <shadowcolor>floorshadow</shadowcolor>
                    <textcolor>floor</textcolor>
                    <scroll>true</scroll>
                    <scrollspeed>30</scrollspeed>
					<visible>IsEmpty(ListItem.Art(clearlogo))</visible>
				</control>
				<control type="image">
					<posx>35</posx>
					<posy>1130</posy>
					<texture>special://skin/extras/Alticons/color flags/flags/source/$VAR[SourceFlagVar,,.png]</texture>
					<include>AudioFlagsVars</include>
                    <include>VisibleFadeEffect</include>
					<visible>Skin.HasSetting(SourceColorFlag) + !Skin.HasSetting(DisableSourceColorFlag)</visible>
				</control>
				<control type="image">
					<posx>35</posx>
					<posy>1130</posy>
					<texture>special://skin/media/flags/source/$VAR[SourceFlagVar,,.png]</texture>
					<include>AudioFlagsVars</include>
                    <include>VisibleFadeEffect</include>
					<visible>!Skin.HasSetting(SourceColorFlag) | Skin.HasSetting(DisableSourceColorFlag)</visible>
				</control>
				<control type="image">
					<posx>235</posx>
					<posy>1130</posy>
					<colordiffuse>floor</colordiffuse>
					<texture>special://skin/extras/Alticons/color flags/flags/resolution/$INFO[ListItem.VideoResolution,,.png]</texture>
                    <include>AudioFlagsVars</include>
					<visible>!IsEmpty(ListItem.VideoResolution)</visible>
					<include>VisibleFadeEffect</include>
					<visible>Skin.HasSetting(ResolutionColorFlag) + !Skin.HasSetting(DisableResolutionColorFlag)</visible>
				</control>
				<control type="image">
					<posx>235</posx>
					<posy>1130</posy>
					<colordiffuse>floor</colordiffuse>
					<texture>special://skin/media/flags/resolution/$INFO[ListItem.VideoResolution,,.png]</texture>
                    <include>AudioFlagsVars</include>
					<visible>IsEmpty(ListItem.VideoResolution)</visible>
					<include>VisibleFadeEffect</include>
					<visible>!Skin.HasSetting(ResolutionColorFlag) | Skin.HasSetting(DisableResolutionColorFlag)</visible>
				</control>
				<control type="image">
					<posx>435</posx>
					<posy>1130</posy>
					<colordiffuse>floor</colordiffuse>
					<texture>special://skin/extras/Alticons/color flags/flags/aspectratio/$INFO[ListItem.VideoAspect,,.png]</texture>
                    <include>AudioFlagsVars</include>
                    <include>VisibleFadeEffect</include>
					<visible>!IsEmpty(ListItem.VideoAspect)</visible>
					<visible>Skin.HasSetting(AspectRatioColorFlag) + !Skin.HasSetting(DisableAspectRatioColorFlag)</visible>
				</control>
				<control type="image">
					<posx>435</posx>
					<posy>1130</posy>
					<colordiffuse>floor</colordiffuse>
					<texture>special://skin/media/flags/aspectratio/$INFO[ListItem.VideoAspect,,.png]</texture>
                    <include>AudioFlagsVars</include>
                    <include>VisibleFadeEffect</include>
					<visible>IsEmpty(ListItem.VideoAspect)</visible>
					<visible>!Skin.HasSetting(AspectRatioColorFlag) | Skin.HasSetting(DisableAspectRatioColorFlag)</visible>
				</control>
				<control type="image">
					<posx>1035</posx>
					<posy>1120</posy>
					<colordiffuse>floor</colordiffuse>
					<include>MediaFlagVars</include>
					<texture>special://skin/extras/Alticons/color studios/studios/$INFO[ListItem.Studio,,.png]</texture>
					<visible>!IsEmpty(ListItem.Studio)</visible>
					<include>VisibleFadeEffect</include>
					<visible>Skin.HasSetting(StudiosColorFlag) + !Skin.HasSetting(DisableStudiosColorFlag)</visible>
				</control>
				<control type="image">
					<posx>1035</posx>
					<posy>1120</posy>
					<colordiffuse>floor</colordiffuse>
					<include>MediaFlagVars</include>
					<texture>special://skin/media/flags/studios/$INFO[ListItem.Studio,,.png]</texture>
					<visible>IsEmpty(ListItem.Studio)</visible>
					<include>VisibleFadeEffect</include>
					<visible>!Skin.HasSetting(StudiosColorFlag) | Skin.HasSetting(DisableStudiosColorFlag)</visible>
				</control>
				<control type="image">
					<posx>1235</posx>
					<posy>1130</posy>
					<colordiffuse>floor</colordiffuse>
					<texture>special://skin/extras/Alticons/color flags/flags/audio/$VAR[AudioFlagVar,,.png]</texture>
                    <include>AudioFlagsVars</include>
                    <visible>!IsEmpty(ListItem.VideoCodec)</visible>
					<include>VisibleFadeEffect</include>
					<visible>Skin.HasSetting(AudioColorFlag) + !Skin.HasSetting(DisableAudioColorFlag)</visible>
				</control>
				<control type="image">
					<posx>1235</posx>
					<posy>1130</posy>
					<colordiffuse>floor</colordiffuse>
					<texture>special://skin/media/flags/audio/$VAR[AudioFlagVar,,.png]</texture>
                    <include>AudioFlagsVars</include>
                    <visible>IsEmpty(ListItem.VideoCodec) | !Skin.HasSetting(AudioColorFlag) | Skin.HasSetting(DisableAudioColorFlag)</visible>
					<include>VisibleFadeEffect</include>
				</control>
				<control type="image">
					<posx>1435</posx>
					<posy>1130</posy>
					<width>120</width>
					<height>68</height>
					<aspectratio>keep</aspectratio>
					<texture fallback="flags/colored/rating/NR.png">special://skin/extras/Alticons/color flags/flags/rating/$VAR[RatingFlagVar]</texture>
					<colordiffuse>floor</colordiffuse>
					<include>MediaFlagVars</include>
					<visible>Skin.HasSetting(RatingColorFlag) + !Skin.HasSetting(DisableRatingColorFlag)</visible>
				</control>

			</control>
		</focusedlayout>
		<content target="video">special://skin/extras/playlists/video/directory/movies/$INFO[Container(950).ListItem.Label].xsp</content>
	</control>
</include>
</includes>